"municipio","provincia","ccaa","var_pob_2014_2023","num_infra_nuevas"
"Escatrón","Zaragoza","Aragón","5.480682839173411","80"
"Zaragoza","Zaragoza","Aragón","2.470505571586860","57"
"Madrid","Madrid","Comunidad de Madrid","5.269750903171491","38"
"Lorca","Murcia","Región de Murcia","7.288658333242519","35"
"Jumilla","Murcia","Región de Murcia","5.134243994347620","34"
"Albacete","Albacete","Castilla-La Mancha","0.416843008458608","29"
"Sargentes de la Lora","Burgos","Castilla y León","-4.477611940298510","27"
"Burgos","Burgos","Castilla y León","-1.870331203312030","25"
"Tabernas","Almería","Andalucía","10.586944596818400","23"
"Puertollano","Ciudad Real","Castilla-La Mancha","-10.830303509326599","22"
"Murcia","Murcia","Región de Murcia","6.700977003129320","20"
"Moratalla","Murcia","Región de Murcia","-7.677333008881860","18"
"Arico","Santa Cruz de Tenerife","Canarias","17.601043024771798","18"
"Chinchilla de Monte-Aragón","Albacete","Castilla-La Mancha","11.368626494266902","18"
"Alhama de Murcia","Murcia","Región de Murcia","9.306038125645598","17"
"Huelva","Huelva","Andalucía","-3.179088661250440","16"
"Tudela","Navarra","Comunidad Foral de Navarra","7.783355199361130","16"
"Cartagena","Murcia","Región de Murcia","0.738735325778121","16"
"Buenavista del Norte","Santa Cruz de Tenerife","Canarias","-3.562653562653560","14"
"Muras","Lugo","Galicia","-13.793103448275902","13"
"Cieza","Murcia","Región de Murcia","0.633127994524298","13"
"La Roda","Albacete","Castilla-La Mancha","-2.734839476813320","13"
"Cáceres","Cáceres","Extremadura","0.375567263053571","13"
"Medina del Campo","Valladolid","Castilla y León","-5.565478988436590","13"
"Almochuel","Zaragoza","Aragón","-42.857142857142904","13"
"Yecla","Murcia","Región de Murcia","4.075593319660119","13"
"La Muela","Zaragoza","Aragón","29.668552950687101","13"
"Toro","Zamora","Castilla y León","-10.274046211714101","13"
"El Bonillo","Albacete","Castilla-La Mancha","-10.317997293640099","13"
"As Pontes de García Rodríguez","A Coruña","Galicia","-7.212713936430319","12"
"Palos de la Frontera","Huelva","Andalucía","20.386018820818101","12"
"Juneda","Lleida","Cataluña-Catalunya","-0.543322848155562","11"
"Olmedilla de Alarcón","Cuenca","Castilla-La Mancha","-18.404907975460098","11"
"Barcelona","Barcelona","Cataluña-Catalunya","3.603126837104170","11"
"Los Silos","Santa Cruz de Tenerife","Canarias","-1.015443198646080","10"
"Almansa","Albacete","Castilla-La Mancha","-2.965153452685420","10"
"Fuentes de Valdepero","Palencia","Castilla y León","22.081218274111702","10"
"Ponferrada","León","Castilla y León","-6.537325396707590","10"
"Logroño","La Rioja","La Rioja","-0.907463708032271","10"
"Lena","Asturias","Principado de Asturias","-13.699891204284901","10"
"Abadín","Lugo","Galicia","-16.742252456538196","10"
"Ampudia","Palencia","Castilla y León","-7.680250783699060","10"
"Dumbría","A Coruña","Galicia","-8.957602805227930","9"
"Getafe","Madrid","Comunidad de Madrid","7.420676424530651","9"
"Segovia","Segovia","Castilla y León","-4.222681186631619","9"
"Fustiñana","Navarra","Comunidad Foral de Navarra","-2.808544303797470","9"
"La Gineta","Albacete","Castilla-La Mancha","5.070422535211270","9"
"Fuenmayor","La Rioja","La Rioja","3.263624841571610","9"
"Mazaricos","A Coruña","Galicia","-12.870132898111400","9"
"Fontiveros","Ávila","Castilla y León","-10.275689223057601","9"
"Gijón","Asturias","Principado de Asturias","-2.691714871162529","9"
"Zuera","Zaragoza","Aragón","12.076982691810899","9"
"Valladolid","Valladolid","Castilla y León","-3.054134211126680","9"
"Sangüesa/Zangoza","Navarra","Comunidad Foral de Navarra","-5.198897203623470","9"
"Medinaceli","Soria","Castilla y León","-11.473272490221602","9"
"Almodóvar del Campo","Ciudad Real","Castilla-La Mancha","-12.063202673959301","9"
"Alcázar de San Juan","Ciudad Real","Castilla-La Mancha","-2.281200631911530","9"
"Totana","Murcia","Región de Murcia","8.086341256643522","9"
"Coreses","Zamora","Castilla y León","-3.086997193638910","8"
"San Bartolomé de Tirajana","Las Palmas","Canarias","-0.855140960332493","8"
"Benahadux","Almería","Andalucía","10.023696682464500","8"
"Palencia","Palencia","Castilla y León","-4.798074284716510","8"
"Puebla de Guzmán","Huelva","Andalucía","0.451467268623025","8"
"Talavera de la Reina","Toledo","Castilla-La Mancha","-3.044515378144480","8"
"Vandellòs i l'Hospitalet de l'Infant","Tarragona","Cataluña-Catalunya","15.495286919133500","8"
"Mazarrón","Murcia","Región de Murcia","5.330399168653341","8"
"Lubián","Zamora","Castilla y León","-10.526315789473699","8"
"Caudete","Albacete","Castilla-La Mancha","-1.437730716922480","8"
"Palma","Illes Balears","Illes Balears","6.078031937418101","8"
"Ejea de los Caballeros","Zaragoza","Aragón","1.570835803200950","8"
"Granadilla de Abona","Santa Cruz de Tenerife","Canarias","26.434242319641001","8"
"El Almendro","Huelva","Andalucía","0.236406619385343","8"
"Langa","Ávila","Castilla y León","-16.349809885931599","8"
"Ortigueira","A Coruña","Galicia","-8.671002167750538","8"
"Dueñas","Palencia","Castilla y León","-5.735027223230491","8"
"Ayamonte","Huelva","Andalucía","9.928897917724729","8"
"Leganés","Madrid","Comunidad de Madrid","2.125915927497110","8"
"Garcihernández","Salamanca","Castilla y León","-16.232464929859699","8"
"Pina de Ebro","Zaragoza","Aragón","-4.324113751460850","8"
"Vilalba","Lugo","Galicia","-6.207736002163919","8"
"Pamplona/Iruña","Navarra","Comunidad Foral de Navarra","4.891775333136220","8"
"Mota del Marqués","Valladolid","Castilla y León","-16.243654822334999","7"
"Pinto","Madrid","Comunidad de Madrid","15.997814850611398","7"
"Mula","Murcia","Región de Murcia","2.198965192850420","7"
"Abanilla","Murcia","Región de Murcia","-3.403263403263400","7"
"Cabanillas","Navarra","Comunidad Foral de Navarra","-3.498950314905530","7"
"Ciudad Real","Ciudad Real","Castilla-La Mancha","0.457577374599787","7"
"Burgo de Osma-Ciudad de Osma","Soria","Castilla y León","0.252280225111585","7"
"Cuenca","Cuenca","Castilla-La Mancha","-3.993684739316090","7"
"Hellín","Albacete","Castilla-La Mancha","-1.121119823731450","7"
"Tortosa","Tarragona","Cataluña-Catalunya","2.083578922550980","7"
"Tineo","Asturias","Principado de Asturias","-14.942859886680100","7"
"Casatejada","Cáceres","Extremadura","-5.489923558026411","7"
"Socuéllamos","Ciudad Real","Castilla-La Mancha","-8.801624915368990","7"
"O Valadouro","Lugo","Galicia","-8.651522474625420","7"
"Bonete","Albacete","Castilla-La Mancha","-15.298184961106301","7"
"Pedrola","Zaragoza","Aragón","1.242407509663170","7"
"Calasparra","Murcia","Región de Murcia","-3.476774009689370","7"
"Chiprana","Zaragoza","Aragón","3.307392996108950","7"
"Avilés","Asturias","Principado de Asturias","-7.520297823877340","7"
"Velilla del Río Carrión","Palencia","Castilla y León","-20.320111343075901","7"
"Azkoitia","Gipuzkoa","País Vasco-Euskadi","1.358885017421600","7"
"Higueruela","Albacete","Castilla-La Mancha","-9.897879025923020","7"
"Cedeira","A Coruña","Galicia","-8.646984748845670","7"
"Muel","Zaragoza","Aragón","5.454545454545451","7"
"Villarrubia de Santiago","Toledo","Castilla-La Mancha","-6.664212076583210","7"
"Peñas de San Pedro","Albacete","Castilla-La Mancha","2.989323843416370","7"
"Alcorcón","Madrid","Comunidad de Madrid","0.843039639301146","7"
"As Somozas","A Coruña","Galicia","-11.808422791081700","7"
"Manzanares","Ciudad Real","Castilla-La Mancha","-6.298879729444089","7"
"Lezuza","Albacete","Castilla-La Mancha","-14.162234042553200","7"
"Serón","Almería","Andalucía","-5.094679891794410","7"
"Tordesillas","Valladolid","Castilla y León","-3.254207065641370","7"
"Pozohondo","Albacete","Castilla-La Mancha","-9.982588508415551","7"
"La Granadella","Lleida","Cataluña-Catalunya","4.895104895104899","7"
"Madrigal de las Altas Torres","Ávila","Castilla y León","-13.341968911917100","6"
"Güeñes","Bizkaia","País Vasco-Euskadi","3.136954858454480","6"
"Santa Lucía de Tirajana","Las Palmas","Canarias","10.406454248366000","6"
"Munera","Albacete","Castilla-La Mancha","-7.313757476889609","6"
"Malagón","Ciudad Real","Castilla-La Mancha","-8.158425234198981","6"
"Bilbao","Bizkaia","País Vasco-Euskadi","-0.137921482857918","6"
"Vila-sana","Lleida","Cataluña-Catalunya","8.498583569405099","6"
"Tauste","Zaragoza","Aragón","-2.831933968976800","6"
"Torre del Bierzo","León","Castilla y León","-13.860544217687099","6"
"Calatayud","Zaragoza","Aragón","-4.748765611385420","6"
"Mieres","Asturias","Principado de Asturias","-11.747494696803500","6"
"Alpera","Albacete","Castilla-La Mancha","-3.816793893129770","6"
"Villarrobledo","Albacete","Castilla-La Mancha","-4.655740186986641","6"
"Pereruela","Zamora","Castilla y León","-17.320261437908499","6"
"León","León","Castilla y León","-6.383586386828350","6"
"El Granado","Huelva","Andalucía","-10.592459605026900","6"
"Daimiel","Ciudad Real","Castilla-La Mancha","-5.459323215530650","6"
"Madridejos","Toledo","Castilla-La Mancha","-7.301731996353690","6"
"Donostia/San Sebastián","Gipuzkoa","País Vasco-Euskadi","1.406036770789680","6"
"Vilalba dels Arcs","Tarragona","Cataluña-Catalunya","-9.237536656891500","6"
"Torrelavega","Cantabria","Cantabria","-5.231013358919479","6"
"Alosno","Huelva","Andalucía","-3.217158176943700","6"
"Las Palmas de Gran Canaria","Las Palmas","Canarias","-1.113311342644060","6"
"Puente la Reina/Gares","Navarra","Comunidad Foral de Navarra","4.694167852062590","6"
"Belchite","Zaragoza","Aragón","-3.713027061044680","6"
"Anguiano","La Rioja","La Rioja","-8.440366972477070","6"
"Cizur","Navarra","Comunidad Foral de Navarra","2.502634351949420","6"
"Caravaca de la Cruz","Murcia","Región de Murcia","-1.993911719939120","6"
"Móstoles","Madrid","Comunidad de Madrid","2.699404993388820","6"
"Jaca","Huesca","Aragón","3.803063790869600","6"
"Almería","Almería","Andalucía","3.737761894171740","6"
"Magaz de Pisuerga","Palencia","Castilla y León","-3.068072866730580","6"
"Aldeadávila de la Ribera","Salamanca","Castilla y León","-12.189440993788798","6"
"Plasencia","Cáceres","Extremadura","-3.619289836642860","6"
"Sabiñánigo","Huesca","Aragón","-4.654457148639080","6"
"Pitiegua","Salamanca","Castilla y León","-13.106796116504899","6"
"Almatret","Lleida","Cataluña-Catalunya","-7.807807807807810","6"
"Viana","Navarra","Comunidad Foral de Navarra","7.002938295788440","6"
"Ingenio","Las Palmas","Canarias","7.228316706989689","6"
"Belmonte de Miranda","Asturias","Principado de Asturias","-15.366001209921398","6"
"Oiartzun","Gipuzkoa","País Vasco-Euskadi","3.620862587763290","6"
"Valdepeñas","Ciudad Real","Castilla-La Mancha","-0.957498778700537","6"
"Hernani","Gipuzkoa","País Vasco-Euskadi","4.724248762818220","6"
"Maranchón","Guadalajara","Castilla-La Mancha","-18.702290076335899","6"
"Arteixo","A Coruña","Galicia","8.617169523932981","6"
"Olite/Erriberri","Navarra","Comunidad Foral de Navarra","3.422542460113230","6"
"Becerril de Campos","Palencia","Castilla y León","-10.743801652892600","6"
"Talayuela","Cáceres","Extremadura","-12.034349298500201","6"
"Fuenlabrada","Madrid","Comunidad de Madrid","-3.639259894620760","6"
"Aguilar de Campoo","Palencia","Castilla y León","-5.008465011286680","6"
"Monzón de Campos","Palencia","Castilla y León","-8.253968253968250","5"
"Llucmajor","Illes Balears","Illes Balears","12.825848216866099","5"
"Corvera de Asturias","Asturias","Principado de Asturias","-3.349223054540950","5"
"Cervera del Río Alhama","La Rioja","La Rioja","-9.880478087649399","5"
"Campo de Criptana","Ciudad Real","Castilla-La Mancha","-9.918676583026340","5"
"San Clemente","Cuenca","Castilla-La Mancha","-5.731775180856979","5"
"Villagatón","León","Castilla y León","6.785137318255249","5"
"Rueda de Jalón","Zaragoza","Aragón","-6.104651162790700","5"
"Camariñas","A Coruña","Galicia","-10.789747142362300","5"
"Silleda","Pontevedra","Galicia","-1.003792103502120","5"
"Castejón","Navarra","Comunidad Foral de Navarra","7.645631067961170","5"
"Almaraz","Cáceres","Extremadura","-0.962116656644618","5"
"Autol","La Rioja","La Rioja","10.693840164872899","5"
"Magallón","Zaragoza","Aragón","-6.170752324598480","5"
"Villalpando","Zamora","Castilla y León","-8.639587362991620","5"
"Arnedo","La Rioja","La Rioja","4.467046938354749","5"
"Alcolea de Tajo","Toledo","Castilla-La Mancha","-4.114285714285709","5"
"Caparroso","Navarra","Comunidad Foral de Navarra","-0.286327845382963","5"
"Gotarrendura","Ávila","Castilla y León","-1.764705882352940","5"
"Haro","La Rioja","La Rioja","1.967753120665740","5"
"Corrales del Vino","Zamora","Castilla y León","-13.027179006560401","5"
"Ólvega","Soria","Castilla y León","-0.839014158363922","5"
"Zaratán","Valladolid","Castilla y León","5.191574058716210","5"
"Trujillo","Cáceres","Extremadura","-9.970705168445281","5"
"Villarino de los Aires","Salamanca","Castilla y León","-14.647577092511000","5"
"Logrosán","Cáceres","Extremadura","-9.721566776781501","5"
"Muelas del Pan","Zamora","Castilla y León","-16.666666666666700","5"
"Almonte","Huelva","Andalucía","9.489716219734440","5"
"Santiago de Compostela","A Coruña","Galicia","3.013569937369520","5"
"Soria","Soria","Castilla y León","1.467759894726190","5"
"El Perelló","Tarragona","Cataluña-Catalunya","-7.606973058637089","5"
"Calahorra","La Rioja","La Rioja","3.272456821750271","5"
"Madridanos","Zamora","Castilla y León","-8.800000000000001","5"
"Arévalo","Ávila","Castilla y León","-4.862216778934480","5"
"Salas","Asturias","Principado de Asturias","-12.871646120377100","5"
"Garachico","Santa Cruz de Tenerife","Canarias","-4.507641710195399","5"
"Casas-Ibáñez","Albacete","Castilla-La Mancha","-2.800763844684910","5"
"Caldas de Reis","Pontevedra","Galicia","-2.779181404749870","5"
"Aller","Asturias","Principado de Asturias","-14.377974167233202","5"
"Mondoñedo","Lugo","Galicia","-13.831120020045098","5"
"Santa Margalida","Illes Balears","Illes Balears","12.671232876712301","5"
"Estella-Lizarra","Navarra","Comunidad Foral de Navarra","3.650967506389190","5"
"Elgoibar","Gipuzkoa","País Vasco-Euskadi","0.104456824512535","5"
"Oviedo","Asturias","Principado de Asturias","-2.762272920251160","5"
"Ripoll","Girona","Cataluña-Catalunya","-0.186029206585434","5"
"Almazán","Soria","Castilla y León","-5.536211699164350","5"
"Santomera","Murcia","Región de Murcia","2.427490542244640","5"
"San Martín de Boniches","Cuenca","Castilla-La Mancha","-2.173913043478260","5"
"Lucillo","León","Castilla y León","-11.519607843137301","5"
"Gibraleón","Huelva","Andalucía","3.735770402437070","5"
"Villacañas","Toledo","Castilla-La Mancha","-5.729011795024280","5"
"Molina de Segura","Murcia","Región de Murcia","10.612868047982602","5"
"Amorebieta-Etxano","Bizkaia","País Vasco-Euskadi","5.333979223854890","5"
"Valdés","Asturias","Principado de Asturias","-13.272655322516799","5"
"Aranda de Duero","Burgos","Castilla y León","1.696658097686370","5"
"Hornillos de Cerrato","Palencia","Castilla y León","43.697478991596597","5"
"Chantada","Lugo","Galicia","-6.395416812814220","5"
"Viveiro","Lugo","Galicia","-4.462716545317600","5"
"Sant Adrià de Besòs","Barcelona","Cataluña-Catalunya","7.175154015712430","5"
"Lleida","Lleida","Cataluña-Catalunya","2.815140541472670","5"
"Errenteria","Gipuzkoa","País Vasco-Euskadi","0.002549069589600","5"
"Tafalla","Navarra","Comunidad Foral de Navarra","-2.443917563377710","5"
"Barruelo de Santullán","Palencia","Castilla y León","-11.060948081264099","5"
"Unzué/Untzue","Navarra","Comunidad Foral de Navarra","24.409448818897602","5"
"Herrera de Valdecañas","Palencia","Castilla y León","4.137931034482760","5"
"Leoz/Leotz","Navarra","Comunidad Foral de Navarra","-16.600790513833999","5"
"Santa Comba","A Coruña","Galicia","-3.878999897108760","5"
"Épila","Zaragoza","Aragón","-2.155453951665580","5"
"Ourol","Lugo","Galicia","-10.091743119266098","5"
"Villanueva del Aceral","Ávila","Castilla y León","-31.205673758865199","5"
"Borja","Zaragoza","Aragón","2.940580004055970","5"
"El Pobo de Dueñas","Guadalajara","Castilla-La Mancha","-27.007299270073002","4"
"Cañizares","Cuenca","Castilla-La Mancha","-15.000000000000000","4"
"Ulldecona","Tarragona","Cataluña-Catalunya","-7.053881807647740","4"
"Lepe","Huelva","Andalucía","6.501811192429961","4"
"Saelices","Cuenca","Castilla-La Mancha","-16.636851520572502","4"
"Láncara","Lugo","Galicia","-10.648978128361399","4"
"Alcalá de Henares","Madrid","Comunidad de Madrid","-0.788970353841250","4"
"Boal","Asturias","Principado de Asturias","-17.378583967232299","4"
"Cerdedo-Cotobade","Pontevedra","Galicia","0.000000000000000","4"
"San Sadurniño","A Coruña","Galicia","-8.877111626366350","4"
"Fuentelsaz","Guadalajara","Castilla-La Mancha","-12.621359223301001","4"
"Carballedo","Lugo","Galicia","-13.369429404414801","4"
"El Burgo de Ebro","Zaragoza","Aragón","11.717765644687100","4"
"Valverde","Santa Cruz de Tenerife","Canarias","3.860848582344660","4"
"Calvià","Illes Balears","Illes Balears","5.557651450469590","4"
"Langreo","Asturias","Principado de Asturias","-10.435582388038600","4"
"Ojós","Murcia","Región de Murcia","4.054054054054061","4"
"Xermade","Lugo","Galicia","-14.833005893909601","4"
"Geria","Valladolid","Castilla y León","-5.263157894736840","4"
"Las Tres Villas","Almería","Andalucía","-0.343053173241852","4"
"Águilas","Murcia","Región de Murcia","6.439131439131439","4"
"Vivel del Río Martín","Teruel","Aragón","-14.102564102564099","4"
"Tarancón","Cuenca","Castilla-La Mancha","4.184824403998970","4"
"Almadén","Ciudad Real","Castilla-La Mancha","-15.236307797304200","4"
"Villanueva de la Jara","Cuenca","Castilla-La Mancha","0.835899692036956","4"
"Almonacid de Zorita","Guadalajara","Castilla-La Mancha","-13.783783783783800","4"
"Bárcena de Cicero","Cantabria","Cantabria","14.044117647058799","4"
"Zeanuri","Bizkaia","País Vasco-Euskadi","-1.733648542159180","4"
"Plasencia de Jalón","Zaragoza","Aragón","-4.594594594594600","4"
"Almagro","Ciudad Real","Castilla-La Mancha","-0.654319618498392","4"
"Sahagún","León","Castilla y León","-11.749910168882499","4"
"Lesaka","Navarra","Comunidad Foral de Navarra","-0.401167031363968","4"
"Calera y Chozas","Toledo","Castilla-La Mancha","0.295358649789030","4"
"Cimanes del Tejar","León","Castilla y León","-4.381443298969070","4"
"Navia","Asturias","Principado de Asturias","-7.250341997264020","4"
"Pradejón","La Rioja","La Rioja","-5.776351518143669","4"
"Coaña","Asturias","Principado de Asturias","-3.841676367869620","4"
"Narón","A Coruña","Galicia","-1.321574771314500","4"
"Villalcampo","Zamora","Castilla y León","-18.125000000000000","4"
"Reus","Tarragona","Cataluña-Catalunya","3.350736457003490","4"
"Las Navas del Marqués","Ávila","Castilla y León","-2.862318840579710","4"
"Matapozuelos","Valladolid","Castilla y León","0.099304865938431","4"
"Navalperal de Pinares","Ávila","Castilla y León","-12.195121951219500","4"
"Murillo el Cuende","Navarra","Comunidad Foral de Navarra","4.900459418070451","4"
"Buñuel","Navarra","Comunidad Foral de Navarra","1.316366827555950","4"
"Manresa","Barcelona","Cataluña-Catalunya","4.754505491586650","4"
"Arcos de Jalón","Soria","Castilla y León","-10.661980082015200","4"
"Palas de Rei","Lugo","Galicia","-7.081366287142460","4"
"La Villa de Don Fadrique","Toledo","Castilla-La Mancha","-9.919232710752139","4"
"Mahora","Albacete","Castilla-La Mancha","4.265734265734269","4"
"Mozárbez","Salamanca","Castilla y León","2.390438247011950","4"
"La Robla","León","Castilla y León","-17.095965352176901","4"
"Morón de Almazán","Soria","Castilla y León","-10.407239819004499","4"
"Peralta/Azkoien","Navarra","Comunidad Foral de Navarra","1.528273051451860","4"
"Bescanó","Girona","Cataluña-Catalunya","6.237176856791140","4"
"Soba","Cantabria","Cantabria","-13.437500000000000","4"
"Oñati","Gipuzkoa","País Vasco-Euskadi","2.526147846126571","4"
"Caseres","Tarragona","Cataluña-Catalunya","-9.737827715355809","4"
"La Torre de Cabdella","Lleida","Cataluña-Catalunya","4.336399474375820","4"
"Tébar","Cuenca","Castilla-La Mancha","-4.472843450479230","4"
"A Cañiza","Pontevedra","Galicia","-4.717334331710970","4"
"Alcubilla de las Peñas","Soria","Castilla y León","-7.936507936507939","4"
"Lalín","Pontevedra","Galicia","0.615140390911797","4"
"Lebrija","Sevilla","Andalucía","1.248858864341790","4"
"María de Huerva","Zaragoza","Aragón","18.212353050942298","4"
"Sestrica","Zaragoza","Aragón","-17.433414043583500","4"
"Argamasilla de Calatrava","Ciudad Real","Castilla-La Mancha","-3.268300817075200","4"
"Arguedas","Navarra","Comunidad Foral de Navarra","0.000000000000000","4"
"Sos del Rey Católico","Zaragoza","Aragón","-7.313195548489670","4"
"Vilariño de Conso","Ourense","Galicia","-17.693522906793003","4"
"Cerceda","A Coruña","Galicia","-1.900698215671060","4"
"Calzada de Calatrava","Ciudad Real","Castilla-La Mancha","-9.049338146811069","4"
"Villadangos del Páramo","León","Castilla y León","11.090909090909101","4"
"Añorbe","Navarra","Comunidad Foral de Navarra","12.746858168761202","4"
"A Coruña","A Coruña","Galicia","1.048159797393900","4"
"Berastegi","Gipuzkoa","País Vasco-Euskadi","2.556818181818180","4"
"Valdeobispo","Cáceres","Extremadura","-9.787234042553189","4"
"Ataquines","Valladolid","Castilla y León","-3.484320557491290","4"
"Alcazarén","Valladolid","Castilla y León","-4.444444444444439","4"
"Turrillas","Almería","Andalucía","21.397379912663801","4"
"Peñafiel","Valladolid","Castilla y León","-4.716285924834190","4"
"Amposta","Tarragona","Cataluña-Catalunya","5.062037080718970","4"
"Sigüenza","Guadalajara","Castilla-La Mancha","-0.084889643463497","4"
"Galisteo","Cáceres","Extremadura","-14.711729622266400","4"
"Blanca","Murcia","Región de Murcia","4.307549791570170","4"
"Romangordo","Cáceres","Extremadura","-3.149606299212600","4"
"Vilanova i la Geltrú","Barcelona","Cataluña-Catalunya","4.417585417266951","4"
"Fuente Álamo de Murcia","Murcia","Región de Murcia","10.558207858979099","4"
"Villacastín","Segovia","Castilla y León","-0.778210116731518","4"
"Sant Pere Sallavinera","Barcelona","Cataluña-Catalunya","0.000000000000000","4"
"La Pola de Gordón","León","Castilla y León","-21.160689843963898","4"
"Horcajo de las Torres","Ávila","Castilla y León","-20.490367775831903","4"
"Molacillos","Zamora","Castilla y León","-11.439114391143901","4"
"Vegas del Condado","León","Castilla y León","-1.531914893617020","4"
"Herencia","Ciudad Real","Castilla-La Mancha","-5.222109189555781","4"
"Cartaya","Huelva","Andalucía","10.225375626043402","4"
"Forcarei","Pontevedra","Galicia","-13.798701298701301","4"
"Abanto y Ciérvana-Abanto Zierbena","Bizkaia","País Vasco-Euskadi","-2.952105697770441","4"
"Carrizo","León","Castilla y León","-9.247842170160300","4"
"Iniesta","Cuenca","Castilla-La Mancha","0.112410071942446","4"
"Sástago","Zaragoza","Aragón","-10.892710892710900","4"
"Negreira","A Coruña","Galicia","-1.540876016550150","4"
"Olmedo","Valladolid","Castilla y León","-5.214152700186220","4"
"Grandas de Salime","Asturias","Principado de Asturias","-18.875927889713701","4"
"Astudillo","Palencia","Castilla y León","0.484966052376334","4"
"Parla","Madrid","Comunidad de Madrid","6.128962760227569","4"
"Mallén","Zaragoza","Aragón","-13.533392174168901","4"
"El Pedernoso","Cuenca","Castilla-La Mancha","-7.337180544105520","4"
"Manacor","Illes Balears","Illes Balears","15.227001788197901","4"
"Masegoso","Albacete","Castilla-La Mancha","14.876033057851201","4"
"Cenicientos","Madrid","Comunidad de Madrid","1.157742402315480","4"
"Cehegín","Murcia","Región de Murcia","-9.213412723284241","4"
"Muros","A Coruña","Galicia","-9.498738620160140","4"
"Cendea de Olza/Oltza Zendea","Navarra","Comunidad Foral de Navarra","1.661129568106310","4"
"La Palma del Condado","Huelva","Andalucía","1.017140704464120","4"
"Marcilla","Navarra","Comunidad Foral de Navarra","1.842012043924900","4"
"Ocaña","Toledo","Castilla-La Mancha","25.015775714414502","4"
"Luna","Zaragoza","Aragón","-12.371134020618600","4"
"Los Corrales de Buelna","Cantabria","Cantabria","-3.962600178094390","4"
"Terrassa","Barcelona","Cataluña-Catalunya","4.528645072082480","4"
"Morés","Zaragoza","Aragón","-19.788918205804702","4"
"Nogueira de Ramuín","Ourense","Galicia","-5.141037306642399","4"
"Moral de Calatrava","Ciudad Real","Castilla-La Mancha","-5.807522123893810","4"
"Barakaldo","Bizkaia","País Vasco-Euskadi","1.148081534772180","3"
"Cistierna","León","Castilla y León","-15.419891086271100","3"
"Torre-Pacheco","Murcia","Región de Murcia","14.307048109865001","3"
"Quintana del Castillo","León","Castilla y León","-5.729166666666670","3"
"Milagro","Navarra","Comunidad Foral de Navarra","5.436720142602501","3"
"Noia","A Coruña","Galicia","-3.129503808935560","3"
"Molledo","Cantabria","Cantabria","-8.436724565756821","3"
"Móra la Nova","Tarragona","Cataluña-Catalunya","1.692789968652040","3"
"L'Hospitalet de Llobregat","Barcelona","Cataluña-Catalunya","8.258585189217330","3"
"Cisla","Ávila","Castilla y León","-18.852459016393404","3"
"Monfero","A Coruña","Galicia","-12.015318334131200","3"
"Autillo de Campos","Palencia","Castilla y León","-15.686274509803900","3"
"Pozo-Lorente","Albacete","Castilla-La Mancha","-6.666666666666670","3"
"Villar del Buey","Zamora","Castilla y León","-21.870286576168901","3"
"Lemoiz","Bizkaia","País Vasco-Euskadi","11.505922165820602","3"
"Arbeca","Lleida","Cataluña-Catalunya","-11.720385098367499","3"
"Alcobendas","Madrid","Comunidad de Madrid","6.442756801083891","3"
"Belvís de Monroy","Cáceres","Extremadura","13.009404388714700","3"
"Guadalajara","Guadalajara","Castilla-La Mancha","6.318681318681319","3"
"Villaviciosa","Asturias","Principado de Asturias","1.214574898785430","3"
"Vara de Rey","Cuenca","Castilla-La Mancha","-17.850953206239197","3"
"A Fonsagrada","Lugo","Galicia","-19.545454545454504","3"
"Rueda","Valladolid","Castilla y León","-16.066066066066099","3"
"Almuradiel","Ciudad Real","Castilla-La Mancha","-13.154831199068699","3"
"Aoiz/Agoitz","Navarra","Comunidad Foral de Navarra","12.970711297071100","3"
"Cañamero","Cáceres","Extremadura","-6.755196304849890","3"
"Flix","Tarragona","Cataluña-Catalunya","-11.910408432147600","3"
"Chillarón de Cuenca","Cuenca","Castilla-La Mancha","32.931034482758591","3"
"Alfaro","La Rioja","La Rioja","1.393476465730800","3"
"Salamanca","Salamanca","Castilla y León","-2.761378527715111","3"
"Peñaflor de Hornija","Valladolid","Castilla y León","4.334365325077400","3"
"Oroz-Betelu/Orotz-Betelu","Navarra","Comunidad Foral de Navarra","-7.051282051282049","3"
"Guitiriz","Lugo","Galicia","-6.649892163910860","3"
"Folgoso de la Ribera","León","Castilla y León","-14.974619289340101","3"
"Tàrrega","Lleida","Cataluña-Catalunya","10.134442635799099","3"
"La Vall de Boí","Lleida","Cataluña-Catalunya","9.879032258064520","3"
"Friol","Lugo","Galicia","-9.690309690309691","3"
"Hospital de Órbigo","León","Castilla y León","-2.138492871690430","3"
"Nájera","La Rioja","La Rioja","-2.527818093855830","3"
"Salas de los Infantes","Burgos","Castilla y León","-7.943925233644860","3"
"Luzón","Guadalajara","Castilla-La Mancha","-14.666666666666700","3"
"Casas de Ves","Albacete","Castilla-La Mancha","-19.303338171262698","3"
"Bárcena de Pie de Concha","Cantabria","Cantabria","-8.299319727891159","3"
"Maó","Illes Balears","Illes Balears","5.066760365425160","3"
"O Vicedo","Lugo","Galicia","-14.293304994686499","3"
"Markina-Xemein","Bizkaia","País Vasco-Euskadi","1.103974307507020","3"
"Galar","Navarra","Comunidad Foral de Navarra","17.239661185849499","3"
"Cárcar","Navarra","Comunidad Foral de Navarra","6.382978723404261","3"
"Carcelén","Albacete","Castilla-La Mancha","-16.055846422338600","3"
"Casas de los Pinos","Cuenca","Castilla-La Mancha","-19.731800766283499","3"
"A Estrada","Pontevedra","Galicia","-5.264895975845641","3"
"Badalona","Barcelona","Cataluña-Catalunya","4.026978500069061","3"
"Cintruénigo","Navarra","Comunidad Foral de Navarra","6.398043254376930","3"
"Porzuna","Ciudad Real","Castilla-La Mancha","-10.598726114649700","3"
"Albelda de Iregua","La Rioja","La Rioja","14.346895074946499","3"
"Nacimiento","Almería","Andalucía","0.197238658777120","3"
"Villa de Ves","Albacete","Castilla-La Mancha","12.962962962962999","3"
"Irun","Gipuzkoa","País Vasco-Euskadi","2.818857749816160","3"
"Marratxí","Illes Balears","Illes Balears","11.032910109512700","3"
"Carreño","Asturias","Principado de Asturias","-4.887850467289720","3"
"Abenójar","Ciudad Real","Castilla-La Mancha","-12.631578947368400","3"
"Valverde de la Virgen","León","Castilla y León","5.663230240549829","3"
"Ariza","Zaragoza","Aragón","-10.632911392405099","3"
"San Sebastián de los Reyes","Madrid","Comunidad de Madrid","11.286586902518900","3"
"Fuente-Álamo","Albacete","Castilla-La Mancha","-8.333333333333330","3"
"Agüimes","Las Palmas","Canarias","7.932151831768291","3"
"Bernardos","Segovia","Castilla y León","-13.636363636363601","3"
"Alhama de Aragón","Zaragoza","Aragón","-17.040358744394599","3"
"Cuéllar","Segovia","Castilla y León","0.638944170943752","3"
"Azpeitia","Gipuzkoa","País Vasco-Euskadi","4.135802469135800","3"
"Medina de Pomar","Burgos","Castilla y León","-1.129276925669980","3"
"Villares del Saz","Cuenca","Castilla-La Mancha","-19.163763066202097","3"
"San Leonardo de Yagüe","Soria","Castilla y León","-10.500225326723800","3"
"A Pobra de Trives","Ourense","Galicia","-13.289473684210499","3"
"Enguídanos","Cuenca","Castilla-La Mancha","-10.764872521246499","3"
"Ricla","Zaragoza","Aragón","-6.743677802060570","3"
"Ponte Caldelas","Pontevedra","Galicia","-1.280000000000000","3"
"Barrax","Albacete","Castilla-La Mancha","-3.697916666666671","3"
"Liétor","Albacete","Castilla-La Mancha","-19.161676646706599","3"
"Pájara","Las Palmas","Canarias","8.089841963514411","3"
"Vila de Cruces","Pontevedra","Galicia","-10.465116279069798","3"
"Vélez-Rubio","Almería","Andalucía","-3.431011633043740","3"
"Tomelloso","Ciudad Real","Castilla-La Mancha","-4.663865546218490","3"
"Inca","Illes Balears","Illes Balears","12.904489795918401","3"
"Carboneras","Almería","Andalucía","6.660723382577690","3"
"Ciutadella de Menorca","Illes Balears","Illes Balears","7.379960385219590","3"
"Ourense","Ourense","Galicia","-2.483513399747440","3"
"Tartanedo","Guadalajara","Castilla-La Mancha","6.578947368421050","3"
"Alcarràs","Lleida","Cataluña-Catalunya","5.782533506268920","3"
"Villanubla","Valladolid","Castilla y León","17.190016103059602","3"
"Valle de Yerri/Deierri","Navarra","Comunidad Foral de Navarra","4.218852999340800","3"
"Ávila","Ávila","Castilla y León","-2.022635874637301","3"
"Guriezo","Cantabria","Cantabria","2.308015107007970","3"
"El Tiemblo","Ávila","Castilla y León","3.348058591025340","3"
"Batea","Tarragona","Cataluña-Catalunya","-5.367088607594940","3"
"Villalba de la Sierra","Cuenca","Castilla-La Mancha","-0.560747663551402","3"
"Villablino","León","Castilla y León","-19.818070318888005","3"
"Lles de Cerdanya","Lleida","Cataluña-Catalunya","12.307692307692301","3"
"Fresno el Viejo","Valladolid","Castilla y León","-11.685625646328901","3"
"Illescas","Toledo","Castilla-La Mancha","21.795420084755602","3"
"Olmeda de la Cuesta","Cuenca","Castilla-La Mancha","-35.294117647058805","3"
"Alfamén","Zaragoza","Aragón","-0.203389830508475","3"
"La Herrera","Albacete","Castilla-La Mancha","-12.034383954154700","3"
"Pujalt","Barcelona","Cataluña-Catalunya","10.606060606060600","3"
"Cabrales","Asturias","Principado de Asturias","-8.536003814973769","3"
"Campillo de Altobuey","Cuenca","Castilla-La Mancha","-14.768211920529801","3"
"Vigo","Pontevedra","Galicia","-0.455936840035661","3"
"Aranjuez","Madrid","Comunidad de Madrid","4.976467331118490","3"
"Chandrexa de Queixa","Ourense","Galicia","-9.541284403669719","3"
"Alaejos","Valladolid","Castilla y León","-3.428971308607420","3"
"Ferreruela","Zamora","Castilla y León","-16.472868217054295","3"
"Yeste","Albacete","Castilla-La Mancha","-16.396761133603196","3"
"Hinojos","Huelva","Andalucía","4.839948783610761","3"
"Páramo del Sil","León","Castilla y León","-12.974910394265201","3"
"Agolada","Pontevedra","Galicia","-14.975480950584700","3"
"Larraun","Navarra","Comunidad Foral de Navarra","-9.181636726546909","3"
"Aguilar de Codés","Navarra","Comunidad Foral de Navarra","-19.148936170212803","3"
"Faramontanos de Tábara","Zamora","Castilla y León","-10.455764075067000","3"
"Covelo","Pontevedra","Galicia","-10.776020595807299","3"
"Alhambra","Ciudad Real","Castilla-La Mancha","-8.254269449715371","3"
"Guijo de Coria","Cáceres","Extremadura","-14.096916299559499","3"
"Villarrubia de los Ojos","Ciudad Real","Castilla-La Mancha","-9.973924380704041","3"
"Los Yébenes","Toledo","Castilla-La Mancha","-7.161416044170191","3"
"Navas del Rey","Madrid","Comunidad de Madrid","22.878787878787900","3"
"Santa Fe de Mondújar","Almería","Andalucía","26.666666666666700","3"
"Camarasa","Lleida","Cataluña-Catalunya","-13.721185510428100","3"
"Suellacabras","Soria","Castilla y León","19.230769230769198","3"
"Villaseco de los Reyes","Salamanca","Castilla y León","-23.116883116883098","3"
"Mombuey","Zamora","Castilla y León","-9.382151029748281","3"
"Alcanadre","La Rioja","La Rioja","-4.564907275320970","3"
"Miranda de Ebro","Burgos","Castilla y León","-2.954471190502120","3"
"Las Regueras","Asturias","Principado de Asturias","-1.461377870563670","3"
"Aliaguilla","Cuenca","Castilla-La Mancha","-12.676056338028200","3"
"Talarn","Lleida","Cataluña-Catalunya","43.099273607748202","3"
"Villoria","Salamanca","Castilla y León","-13.750850918992500","3"
"Guardo","Palencia","Castilla y León","-15.928019036287901","3"
"Langa de Duero","Soria","Castilla y León","-11.068702290076299","3"
"Galdakao","Bizkaia","País Vasco-Euskadi","-0.064733739906647","3"
"Sarria","Lugo","Galicia","-2.095675355450240","3"
"Zalla","Bizkaia","País Vasco-Euskadi","-1.910152104704630","3"
"Lugo","Lugo","Galicia","-0.351055194805195","3"
"Valtierra","Navarra","Comunidad Foral de Navarra","-1.743007701661940","3"
"Aranga","A Coruña","Galicia","-10.723069355632100","3"
"Tarazona","Zaragoza","Aragón","-1.325478645066270","3"
"San Pedro Manrique","Soria","Castilla y León","4.421768707482991","3"
"Oncala","Soria","Castilla y León","-26.190476190476200","3"
"Briviesca","Burgos","Castilla y León","-11.847168774051699","3"
"Tembleque","Toledo","Castilla-La Mancha","-10.279944928866499","3"
"Moguer","Huelva","Andalucía","7.764529152192280","3"
"Peñascosa","Albacete","Castilla-La Mancha","-10.109289617486299","3"
"Telde","Las Palmas","Canarias","0.402641169324817","3"
"Oseja de Sajambre","León","Castilla y León","-19.014084507042298","3"
"Illano","Asturias","Principado de Asturias","-29.584352078239597","3"
"El Barco de Ávila","Ávila","Castilla y León","-14.177978883861201","3"
"Villardefrades","Valladolid","Castilla y León","-18.128654970760198","3"
"Leioa","Bizkaia","País Vasco-Euskadi","5.885611862473519","3"
"Cerdanyola del Vallès","Barcelona","Cataluña-Catalunya","0.830981498902477","3"
"Castropol","Asturias","Principado de Asturias","-11.011904761904800","3"
"Casar de Cáceres","Cáceres","Extremadura","-5.783542419732090","3"
"La Roca del Vallès","Barcelona","Cataluña-Catalunya","3.755466818786840","3"
"Zamora","Zamora","Castilla y León","-8.015770765099420","3"
"El Palau d'Anglesola","Lleida","Cataluña-Catalunya","2.482435597189700","3"
"Santa María de la Vega","Zamora","Castilla y León","-16.285714285714295","3"
"Gelsa","Zaragoza","Aragón","-11.229946524064202","3"
"A Lama","Pontevedra","Galicia","-8.794788273615639","3"
"Baztan","Navarra","Comunidad Foral de Navarra","-0.216615698267074","3"
"Alcúdia","Illes Balears","Illes Balears","7.861189801699720","3"
"Tres Cantos","Madrid","Comunidad de Madrid","20.934988012974198","3"
"Almoguera","Guadalajara","Castilla-La Mancha","0.999286224125625","3"
"Berriz","Bizkaia","País Vasco-Euskadi","-5.057471264367821","3"
"Ezcaray","La Rioja","La Rioja","1.661779081133920","3"
"Matallana de Torío","León","Castilla y León","-8.309037900874639","3"
"Ribaforada","Navarra","Comunidad Foral de Navarra","0.759425006780580","3"
"Navalcarnero","Madrid","Comunidad de Madrid","21.279016841147001","3"
"Igantzi","Navarra","Comunidad Foral de Navarra","-8.480000000000000","3"
"Leitza","Navarra","Comunidad Foral de Navarra","3.785271851342050","3"
"Valverde de la Vera","Cáceres","Extremadura","-10.536398467432901","3"
"Montederramo","Ourense","Galicia","-16.301703163016999","3"
"Rubiá","Ourense","Galicia","-7.362784471218210","3"
"Seròs","Lleida","Cataluña-Catalunya","0.317965023847377","3"
"Jorquera","Albacete","Castilla-La Mancha","-15.196078431372499","3"
"Andoain","Gipuzkoa","País Vasco-Euskadi","-0.682360968952576","3"
"Vitigudino","Salamanca","Castilla y León","-14.072727272727301","3"
"Moreruela de Tábara","Zamora","Castilla y León","-17.291066282420797","3"
"Noblejas","Toledo","Castilla-La Mancha","8.971858456394539","3"
"Zierbena","Bizkaia","País Vasco-Euskadi","-0.133511348464619","3"
"Tolosa","Gipuzkoa","País Vasco-Euskadi","5.962188424165610","3"
"Candeleda","Ávila","Castilla y León","-2.761034415710680","3"
"Navalmoral de la Mata","Cáceres","Extremadura","-2.465073317168920","3"
"San Fernando de Henares","Madrid","Comunidad de Madrid","-4.430985017532670","3"
"Lastras del Pozo","Segovia","Castilla y León","-17.721518987341799","3"
"Pradell de la Teixeta","Tarragona","Cataluña-Catalunya","-5.524861878453040","3"
"Allande","Asturias","Principado de Asturias","-16.469321851453198","3"
"Bergara","Gipuzkoa","País Vasco-Euskadi","-2.319465983413120","3"
"Ribas de Sil","Lugo","Galicia","-9.594460929772499","3"
"Luzaide/Valcarlos","Navarra","Comunidad Foral de Navarra","-20.000000000000000","3"
"Calzada de Oropesa","Toledo","Castilla-La Mancha","-10.431654676259001","3"
"Porto do Son","A Coruña","Galicia","-4.659910145230381","3"
"Cedillo","Cáceres","Extremadura","-12.170385395537499","3"
"Bertizarana","Navarra","Comunidad Foral de Navarra","5.481727574750830","3"
"Villamuriel de Cerrato","Palencia","Castilla y León","0.139534883720930","3"
"Esteribar","Navarra","Comunidad Foral de Navarra","12.873654842566800","3"
"Nava del Rey","Valladolid","Castilla y León","-7.938785270205639","3"
"Pontevedra","Pontevedra","Galicia","-0.495503098401370","3"
"Ojos-Albos","Ávila","Castilla y León","42.187500000000000","3"
"Espot","Lleida","Cataluña-Catalunya","8.123249299719891","3"
"Cortes","Navarra","Comunidad Foral de Navarra","-1.562988433885590","3"
"Fontellas","Navarra","Comunidad Foral de Navarra","4.906054279749479","3"
"Ribera de Arriba","Asturias","Principado de Asturias","-2.417235943247500","3"
"Mendavia","Navarra","Comunidad Foral de Navarra","-3.318584070796461","3"
"Vimianzo","A Coruña","Galicia","-11.284046692607001","3"
"Viguera","La Rioja","La Rioja","-15.436241610738300","3"
"Muga de Sayago","Zamora","Castilla y León","-11.538461538461499","3"
"Las Rozas de Madrid","Madrid","Comunidad de Madrid","5.714347301258840","3"
"Pozo Cañada","Albacete","Castilla-La Mancha","-3.978685612788631","3"
"San Martín de Valdeiglesias","Madrid","Comunidad de Madrid","5.718647252231090","3"
"Villaseca de la Sagra","Toledo","Castilla-La Mancha","0.379609544468547","3"
"Ágreda","Soria","Castilla y León","-0.907911802853437","3"
"Bañares","La Rioja","La Rioja","-30.449826989619403","3"
"Grisel","Zaragoza","Aragón","38.805970149253703","3"
"Pesoz","Asturias","Principado de Asturias","-20.231213872832402","3"
"Santa Colomba de Somoza","León","Castilla y León","-4.247104247104249","3"
"Hermisende","Zamora","Castilla y León","-15.579710144927500","3"
"Ponteceso","A Coruña","Galicia","-8.382827082979810","3"
"La Oliva","Las Palmas","Canarias","19.714485539145102","3"
"Lladorre","Lleida","Cataluña-Catalunya","9.482758620689651","3"
"Quinto","Zaragoza","Aragón","-9.051094890510949","3"
"Torquemada","Palencia","Castilla y León","-7.684824902723739","3"
"Villayón","Asturias","Principado de Asturias","-20.746590093323800","3"
"Fresno de la Ribera","Zamora","Castilla y León","-12.082262210796900","3"
"Manzaneda","Ourense","Galicia","-14.491264131551899","3"
"A Pastoriza","Lugo","Galicia","-15.080084617709300","3"
"Lucainena de las Torres","Almería","Andalucía","14.657980456026099","3"
"Alba de Tormes","Salamanca","Castilla y León","-5.298633214753790","2"
"Navas de Oro","Segovia","Castilla y León","-9.272467902995718","2"
"Merindad de Río Ubierna","Burgos","Castilla y León","1.346562721474130","2"
"Adradas","Soria","Castilla y León","15.094339622641501","2"
"Pravia","Asturias","Principado de Asturias","-11.012615069894302","2"
"Añover de Tajo","Toledo","Castilla-La Mancha","-0.172281776416539","2"
"Peleagonzalo","Zamora","Castilla y León","10.701107011070098","2"
"Juncosa","Lleida","Cataluña-Catalunya","-12.785388127853899","2"
"Cáseda","Navarra","Comunidad Foral de Navarra","-4.437869822485210","2"
"Granollers","Barcelona","Cataluña-Catalunya","5.276155514767230","2"
"Cifuentes","Guadalajara","Castilla-La Mancha","-14.227434982151999","2"
"Rionansa","Cantabria","Cantabria","-1.804368471035140","2"
"Eibar","Gipuzkoa","País Vasco-Euskadi","-0.750728862973761","2"
"El Campillo","Valladolid","Castilla y León","-11.790393013100401","2"
"Fuentelsaz de Soria","Soria","Castilla y León","8.771929824561401","2"
"Los Llanos de Aridane","Santa Cruz de Tenerife","Canarias","-1.111873040752350","2"
"Albox","Almería","Andalucía","5.087494664959451","2"
"Santa Maria de Miralles","Barcelona","Cataluña-Catalunya","-1.428571428571430","2"
"Zestoa","Gipuzkoa","País Vasco-Euskadi","3.528446389496720","2"
"Sartaguda","Navarra","Comunidad Foral de Navarra","0.835231586940015","2"
"Carbajales de Alba","Zamora","Castilla y León","-16.894197952218402","2"
"Gormaz","Soria","Castilla y León","16.666666666666700","2"
"Nava de Arévalo","Ávila","Castilla y León","-17.338217338217298","2"
"Candelaria","Santa Cruz de Tenerife","Canarias","8.103831518667819","2"
"Los Arcos","Navarra","Comunidad Foral de Navarra","-1.371036846615250","2"
"Los Altos","Burgos","Castilla y León","28.025477707006402","2"
"Girona","Girona","Cataluña-Catalunya","7.295298631038700","2"
"Boborás","Ourense","Galicia","-14.711501719526201","2"
"La Fatarella","Tarragona","Cataluña-Catalunya","-16.841103710751703","2"
"Valdecasa","Ávila","Castilla y León","-6.557377049180330","2"
"Simancas","Valladolid","Castilla y León","3.038829487900960","2"
"San Andrés del Rabanedo","León","Castilla y León","-5.607888850382790","2"
"Monforte de Lemos","Lugo","Galicia","-5.036196031456700","2"
"Montamarta","Zamora","Castilla y León","-9.225700164744651","2"
"La Pueblanueva","Toledo","Castilla-La Mancha","-8.248299319727890","2"
"Zarza la Mayor","Cáceres","Extremadura","-17.346938775510200","2"
"Monfarracinos","Zamora","Castilla y León","-2.097902097902100","2"
"Padrón","A Coruña","Galicia","-3.888185896698490","2"
"Tinajas","Cuenca","Castilla-La Mancha","-15.625000000000000","2"
"Les Borges Blanques","Lleida","Cataluña-Catalunya","2.086070959264130","2"
"Pedro Muñoz","Ciudad Real","Castilla-La Mancha","-4.127146885414001","2"
"Vilallonga de Ter","Girona","Cataluña-Catalunya","-5.225653206650829","2"
"Cangas","Pontevedra","Galicia","0.903376369179809","2"
"Llorac","Tarragona","Cataluña-Catalunya","-13.392857142857098","2"
"Coria","Cáceres","Extremadura","-5.843200990635400","2"
"Quel","La Rioja","La Rioja","6.117414898865320","2"
"Alcántara","Cáceres","Extremadura","-14.194780394653099","2"
"La Pedraja de Portillo","Valladolid","Castilla y León","3.615520282186950","2"
"Arcenillas","Zamora","Castilla y León","10.344827586206899","2"
"Huérmeces","Burgos","Castilla y León","24.603174603174605","2"
"Beas","Huelva","Andalucía","4.033412887828160","2"
"Casas de Lázaro","Albacete","Castilla-La Mancha","-16.062176165803098","2"
"Vera","Almería","Andalucía","25.975496071381002","2"
"Ultzama","Navarra","Comunidad Foral de Navarra","-1.918465227817750","2"
"Olius","Lleida","Cataluña-Catalunya","10.310421286031000","2"
"Artajona","Navarra","Comunidad Foral de Navarra","4.419563936358280","2"
"Lerín","Navarra","Comunidad Foral de Navarra","5.392731535756150","2"
"San Javier","Murcia","Región de Murcia","10.169438539452299","2"
"Pías","Zamora","Castilla y León","-31.250000000000000","2"
"Rois","A Coruña","Galicia","-7.761694986364589","2"
"Las Rozas de Valdearroyo","Cantabria","Cantabria","-6.761565836298930","2"
"Casaseca de Campeán","Zamora","Castilla y León","-15.652173913043500","2"
"Bellaguarda","Lleida","Cataluña-Catalunya","-5.863192182410421","2"
"Villanueva de San Mancio","Valladolid","Castilla y León","6.185567010309280","2"
"Lorquí","Murcia","Región de Murcia","10.909614277489899","2"
"Chumillas","Cuenca","Castilla-La Mancha","15.094339622641501","2"
"Garcillán","Segovia","Castilla y León","8.125000000000000","2"
"Calders","Barcelona","Cataluña-Catalunya","15.595363540569000","2"
"Sant Feliu de Buixalleu","Girona","Cataluña-Catalunya","11.082474226804099","2"
"Hinojosa de Duero","Salamanca","Castilla y León","-17.355371900826398","2"
"Sort","Lleida","Cataluña-Catalunya","-1.162270898524810","2"
"Membrío","Cáceres","Extremadura","-18.402282453637699","2"
"Almenar de Soria","Soria","Castilla y León","-11.067193675889300","2"
"Gavà","Barcelona","Cataluña-Catalunya","2.734965246297980","2"
"Zamudio","Bizkaia","País Vasco-Euskadi","0.950045969966289","2"
"Perafort","Tarragona","Cataluña-Catalunya","0.388500388500388","2"
"Garafía","Santa Cruz de Tenerife","Canarias","18.417799752781200","2"
"Cala","Huelva","Andalucía","-8.360128617363339","2"
"San Juan de la Nava","Ávila","Castilla y León","-16.666666666666700","2"
"Alcalá del Júcar","Albacete","Castilla-La Mancha","-13.618974751338900","2"
"Montehermoso","Cáceres","Extremadura","-4.030742954739541","2"
"Figueruelas","Zaragoza","Aragón","-1.029295328582740","2"
"Santa Eufemia del Barco","Zamora","Castilla y León","-10.552763819095500","2"
"La Cellera de Ter","Girona","Cataluña-Catalunya","-2.848865282472239","2"
"Mungia","Bizkaia","País Vasco-Euskadi","4.849017883318680","2"
"Fuentenovilla","Guadalajara","Castilla-La Mancha","3.893805309734510","2"
"Dicastillo","Navarra","Comunidad Foral de Navarra","-10.172143974960902","2"
"Otero de Herreros","Segovia","Castilla y León","-2.342158859470469","2"
"Osa de la Vega","Cuenca","Castilla-La Mancha","-21.592920353982297","2"
"Xerta","Tarragona","Cataluña-Catalunya","-6.880000000000000","2"
"Roncal/Erronkari","Navarra","Comunidad Foral de Navarra","-15.040650406504097","2"
"Abarán","Murcia","Región de Murcia","-0.932294054714963","2"
"Barromán","Ávila","Castilla y León","-9.743589743589741","2"
"Valdoviño","A Coruña","Galicia","1.368452030606240","2"
"Coslada","Madrid","Comunidad de Madrid","-9.765101804225241","2"
"Tejado","Soria","Castilla y León","-25.581395348837198","2"
"San Cristóbal de La Laguna","Santa Cruz de Tenerife","Canarias","3.937676868680930","2"
"Almenara de Tormes","Salamanca","Castilla y León","14.559386973180100","2"
"Xove","Lugo","Galicia","-3.645833333333330","2"
"Zumarraga","Gipuzkoa","País Vasco-Euskadi","-2.703517587939700","2"
"Maials","Lleida","Cataluña-Catalunya","-5.318039624608970","2"
"Perales de Tajuña","Madrid","Comunidad de Madrid","7.843803056027160","2"
"Alcañiz","Teruel","Aragón","-1.114308455274600","2"
"Yebes","Guadalajara","Castilla-La Mancha","104.625637005096010","2"
"Villamayor de Santiago","Cuenca","Castilla-La Mancha","-15.376495425756499","2"
"Iurreta","Bizkaia","País Vasco-Euskadi","-1.137265273737110","2"
"Beteta","Cuenca","Castilla-La Mancha","-23.948220064724900","2"
"Sant Cugat del Vallès","Barcelona","Cataluña-Catalunya","11.951605867903298","2"
"Tudela de Duero","Valladolid","Castilla y León","0.722725708385913","2"
"El Astillero","Cantabria","Cantabria","-0.339131386062794","2"
"Vozmediano","Soria","Castilla y León","-7.692307692307691","2"
"Villasequilla","Toledo","Castilla-La Mancha","0.657131812910707","2"
"Reocín","Cantabria","Cantabria","1.128722382324690","2"
"Larraga","Navarra","Comunidad Foral de Navarra","-0.286669851887243","2"
"Adeje","Santa Cruz de Tenerife","Canarias","7.499946428954081","2"
"Santo Domingo de la Calzada","La Rioja","La Rioja","-3.634969325153370","2"
"Villanueva del Rebollar","Palencia","Castilla y León","-12.658227848101301","2"
"Villa de Mazo","Santa Cruz de Tenerife","Canarias","0.466815506393343","2"
"Villalba del Rey","Cuenca","Castilla-La Mancha","-14.084507042253499","2"
"Villar de Cañas","Cuenca","Castilla-La Mancha","-17.857142857142897","2"
"La Torre de l'Espanyol","Tarragona","Cataluña-Catalunya","-8.431952662721891","2"
"Los Rábanos","Soria","Castilla y León","-15.660377358490599","2"
"Cabezón de Pisuerga","Valladolid","Castilla y León","5.549420209828820","2"
"Corral de Calatrava","Ciudad Real","Castilla-La Mancha","-3.217391304347830","2"
"Valcabado","Zamora","Castilla y León","20.474777448071197","2"
"Santanyí","Illes Balears","Illes Balears","7.253351667239600","2"
"Toral de los Vados","León","Castilla y León","-13.974854932301700","2"
"Abrucena","Almería","Andalucía","1.030110935023770","2"
"Bujalaro","Guadalajara","Castilla-La Mancha","-16.071428571428601","2"
"Corella","Navarra","Comunidad Foral de Navarra","11.298852057268201","2"
"Mironcillo","Ávila","Castilla y León","5.825242718446600","2"
"La Seca","Valladolid","Castilla y León","-7.897071872227150","2"
"Valdesamario","León","Castilla y León","-17.129629629629601","2"
"Toril","Cáceres","Extremadura","-1.796407185628740","2"
"Cogolludo","Guadalajara","Castilla-La Mancha","-13.425925925925901","2"
"Enix","Almería","Andalucía","33.636363636363598","2"
"Valdelageve","Salamanca","Castilla y León","-17.647058823529399","2"
"Campos","Illes Balears","Illes Balears","20.460829493087598","2"
"La Maya","Salamanca","Castilla y León","-24.285714285714295","2"
"Igüeña","León","Castilla y León","-16.563944530046200","2"
"Artesa de Segre","Lleida","Cataluña-Catalunya","-4.157549234135669","2"
"Pedrosillo el Ralo","Salamanca","Castilla y León","-15.686274509803900","2"
"Vic","Barcelona","Cataluña-Catalunya","15.273143292973600","2"
"Sestao","Bizkaia","País Vasco-Euskadi","-1.604920814479640","2"
"Lezo","Gipuzkoa","País Vasco-Euskadi","0.016647244880972","2"
"Robliza de Cojos","Salamanca","Castilla y León","-15.178571428571399","2"
"Narros de Matalayegua","Salamanca","Castilla y León","-12.236286919831201","2"
"Villanueva de Gállego","Zaragoza","Aragón","4.116117850953210","2"
"San Martín de la Vega","Madrid","Comunidad de Madrid","6.348208673790070","2"
"Roelos de Sayago","Zamora","Castilla y León","-14.857142857142902","2"
"San Bartolomé de las Abiertas","Toledo","Castilla-La Mancha","21.850393700787404","2"
"Rociana del Condado","Huelva","Andalucía","4.641789104147710","2"
"Pozuelo de Calatrava","Ciudad Real","Castilla-La Mancha","10.749477455956999","2"
"Fermoselle","Zamora","Castilla y León","-14.584891548242300","2"
"Seseña","Toledo","Castilla-La Mancha","38.587188106623699","2"
"Viana do Bolo","Ourense","Galicia","-11.660777385159001","2"
"Azuara","Zaragoza","Aragón","-16.349206349206298","2"
"Éjeme","Salamanca","Castilla y León","9.923664122137399","2"
"Marracos","Zaragoza","Aragón","-10.309278350515500","2"
"Trévago","Soria","Castilla y León","-3.636363636363640","2"
"Ascó","Tarragona","Cataluña-Catalunya","-0.967351874244256","2"
"Colmenar Viejo","Madrid","Comunidad de Madrid","16.341026451680900","2"
"Garrafe de Torío","León","Castilla y León","16.820440028388898","2"
"Sanxenxo","Pontevedra","Galicia","1.772786866556460","2"
"Galindo y Perahuy","Salamanca","Castilla y León","-6.862745098039221","2"
"Montblanc","Tarragona","Cataluña-Catalunya","1.318113874167690","2"
"Puentes Viejas","Madrid","Comunidad de Madrid","22.580645161290299","2"
"Torre de Juan Abad","Ciudad Real","Castilla-La Mancha","-14.837576821773499","2"
"O Irixo","Ourense","Galicia","-15.027489309712902","2"
"Gozón","Asturias","Principado de Asturias","-1.920374707259950","2"
"Benavente","Zamora","Castilla y León","-8.570369193283540","2"
"Valle de Manzanedo","Burgos","Castilla y León","-3.125000000000000","2"
"Quiroga","Lugo","Galicia","-11.482433590402700","2"
"Golmayo","Soria","Castilla y León","26.056043496445000","2"
"Arakil","Navarra","Comunidad Foral de Navarra","4.888416578108399","2"
"El Barraco","Ávila","Castilla y León","0.804424333836098","2"
"Cercs","Barcelona","Cataluña-Catalunya","-4.012841091492780","2"
"Villarrubio","Cuenca","Castilla-La Mancha","-5.479452054794519","2"
"Vilamartín de Valdeorras","Ourense","Galicia","3.234802007808140","2"
"Val de San Lorenzo","León","Castilla y León","-7.889908256880739","2"
"Basauri","Bizkaia","País Vasco-Euskadi","-2.909379204305210","2"
"Gallur","Zaragoza","Aragón","-7.304785894206550","2"
"Centelles","Barcelona","Cataluña-Catalunya","5.359334515205240","2"
"Miño de Medinaceli","Soria","Castilla y León","6.097560975609761","2"
"Boñar","León","Castilla y León","-9.664496745117681","2"
"Artà","Illes Balears","Illes Balears","11.189379571931699","2"
"Hijes","Guadalajara","Castilla-La Mancha","-4.761904761904760","2"
"Recas","Toledo","Castilla-La Mancha","14.837494112105500","2"
"Villavendimio","Zamora","Castilla y León","-12.359550561797800","2"
"Béjar","Salamanca","Castilla y León","-13.834133753852798","2"
"Cervo","Lugo","Galicia","-3.868162050812540","2"
"Gérgal","Almería","Andalucía","15.183752417795001","2"
"Rincón de Soto","La Rioja","La Rioja","7.083888149134490","2"
"Pepino","Toledo","Castilla-La Mancha","19.674612183125198","2"
"Retortillo de Soria","Soria","Castilla y León","-21.428571428571402","2"
"Saucelle","Salamanca","Castilla y León","-25.073746312684399","2"
"Onzonilla","León","Castilla y León","4.560622914349280","2"
"Valle de Sedano","Burgos","Castilla y León","-8.351177730192719","2"
"Quintanapalla","Burgos","Castilla y León","-4.504504504504510","2"
"Torremocha","Cáceres","Extremadura","-20.708154506437801","2"
"Algarra","Cuenca","Castilla-La Mancha","16.000000000000000","2"
"La Puebla de Montalbán","Toledo","Castilla-La Mancha","-3.594571463504100","2"
"Belinchón","Cuenca","Castilla-La Mancha","9.041095890410960","2"
"Palafrugell","Girona","Cataluña-Catalunya","4.766507050915959","2"
"Arona","Santa Cruz de Tenerife","Canarias","6.707973463512331","2"
"Piedrabuena","Ciudad Real","Castilla-La Mancha","-6.849315068493151","2"
"Molinaseca","León","Castilla y León","-2.895322939866370","2"
"San Mateo de Gállego","Zaragoza","Aragón","11.251212415130901","2"
"Losar de la Vera","Cáceres","Extremadura","-4.497540407589599","2"
"Arenas de San Juan","Ciudad Real","Castilla-La Mancha","-6.152433425160701","2"
"Zamayón","Salamanca","Castilla y León","-2.051282051282050","2"
"Morata de Tajuña","Madrid","Comunidad de Madrid","8.896940418679552","2"
"Zarautz","Gipuzkoa","País Vasco-Euskadi","1.144604630843160","2"
"Vilanova de Bellpuig","Lleida","Cataluña-Catalunya","0.339270568278202","2"
"Padrenda","Ourense","Galicia","-17.273193234238800","2"
"Las Aldehuelas","Soria","Castilla y León","-18.666666666666700","2"
"Marina de Cudeyo","Cantabria","Cantabria","-1.435956346927050","2"
"Villalba del Alcor","Huelva","Andalucía","-0.507159904534606","2"
"Abla","Almería","Andalucía","-11.991584852734901","2"
"Coscurita","Soria","Castilla y León","-28.260869565217401","2"
"Zufre","Huelva","Andalucía","-14.431818181818201","2"
"Guesálaz/Gesalatz","Navarra","Comunidad Foral de Navarra","-5.482456140350880","2"
"Outes","A Coruña","Galicia","-10.611405055849499","2"
"Mojados","Valladolid","Castilla y León","4.616834170854270","2"
"Cee","A Coruña","Galicia","-1.288659793814430","2"
"Batres","Madrid","Comunidad de Madrid","19.159770846594501","2"
"Rioseco de Tapia","León","Castilla y León","0.791556728232190","2"
"Fuentespreadas","Zamora","Castilla y León","-9.937888198757760","2"
"Colmenar de Oreja","Madrid","Comunidad de Madrid","2.854084909026040","2"
"Fulleda","Lleida","Cataluña-Catalunya","-11.224489795918400","2"
"Retuerta del Bullaque","Ciudad Real","Castilla-La Mancha","-15.057915057915100","2"
"Carballeda de Valdeorras","Ourense","Galicia","-19.092516205067803","2"
"Tiétar","Cáceres","Extremadura","-10.403397027600800","2"
"Coristanco","A Coruña","Galicia","-13.823441694005400","2"
"Chozas de Abajo","León","Castilla y León","9.309922417313190","2"
"Hoya-Gonzalo","Albacete","Castilla-La Mancha","-11.527377521613799","2"
"La Unión","Murcia","Región de Murcia","7.428542052231130","2"
"Allariz","Ourense","Galicia","5.247524752475249","2"
"Castellbisbal","Barcelona","Cataluña-Catalunya","3.048093935981980","2"
"Villaferrueña","Zamora","Castilla y León","-5.263157894736840","2"
"Baltanás","Palencia","Castilla y León","-5.754276827371700","2"
"Samper de Calanda","Teruel","Aragón","-15.795586527293800","2"
"San Tirso de Abres","Asturias","Principado de Asturias","-17.269076305220896","2"
"Herrera de Pisuerga","Palencia","Castilla y León","-13.348623853210999","2"
"Guía de Isora","Santa Cruz de Tenerife","Canarias","11.165943871192901","2"
"Somiedo","Asturias","Principado de Asturias","-15.456674473067901","2"
"Santa Marina del Rey","León","Castilla y León","-13.264806656877099","2"
"Alcanar","Tarragona","Cataluña-Catalunya","1.971567915326350","2"
"Campisábalos","Guadalajara","Castilla-La Mancha","40.000000000000000","2"
"Allo","Navarra","Comunidad Foral de Navarra","-3.042198233562320","2"
"Torremormojón","Palencia","Castilla y León","-19.642857142857100","2"
"Castronuevo","Zamora","Castilla y León","-19.215686274509800","2"
"Gutierre-Muñoz","Ávila","Castilla y León","-28.235294117647097","2"
"Manzanilla","Huelva","Andalucía","1.369216241737490","2"
"Minas de Riotinto","Huelva","Andalucía","-9.017199017199019","2"
"Bercero","Valladolid","Castilla y León","-19.909502262443400","2"
"Solana de Ávila","Ávila","Castilla y León","-26.712328767123296","2"
"Maello","Ávila","Castilla y León","2.322206095791000","2"
"Huarte/Uharte","Navarra","Comunidad Foral de Navarra","8.946837631465209","2"
"El Pozuelo","Cuenca","Castilla-La Mancha","-23.728813559321999","2"
"San Pedro del Pinatar","Murcia","Región de Murcia","14.943339836453401","2"
"A Pobra do Brollón","Lugo","Galicia","-14.480874316939902","2"
"Santa María la Real de Nieva","Segovia","Castilla y León","-15.304182509505699","2"
"Santa Cruz de la Zarza","Toledo","Castilla-La Mancha","-9.695901278096080","2"
"O Barco de Valdeorras","Ourense","Galicia","-4.475142096553710","2"
"Aizarnazabal","Gipuzkoa","País Vasco-Euskadi","-0.516129032258065","2"
"Las Mesas","Cuenca","Castilla-La Mancha","-8.996401439424227","2"
"Arenzana de Abajo","La Rioja","La Rioja","3.292181069958850","2"
"Cabezón de la Sal","Cantabria","Cantabria","-2.246385470187600","2"
"Villavaliente","Albacete","Castilla-La Mancha","-16.064257028112500","2"
"Peleas de Abajo","Zamora","Castilla y León","29.951690821256001","2"
"El Tanque","Santa Cruz de Tenerife","Canarias","0.324324324324324","2"
"Pelayos","Salamanca","Castilla y León","-26.732673267326703","2"
"Santurtzi","Bizkaia","País Vasco-Euskadi","-1.273284602688050","2"
"Fuendetodos","Zaragoza","Aragón","-1.960784313725490","2"
"San Pedro de Latarce","Valladolid","Castilla y León","-18.621973929236500","2"
"Villanueva de Duero","Valladolid","Castilla y León","2.745424292845259","2"
"Robres del Castillo","La Rioja","La Rioja","-10.000000000000000","2"
"Pinilla de Toro","Zamora","Castilla y León","-24.904214559387000","2"
"Ibeas de Juarros","Burgos","Castilla y León","-1.051893408134640","2"
"San Carlos del Valle","Ciudad Real","Castilla-La Mancha","-10.652353426919902","2"
"Xinzo de Limia","Ourense","Galicia","-6.578431372549021","2"
"Vega de Tera","Zamora","Castilla y León","-21.374045801526698","2"
"Falces","Navarra","Comunidad Foral de Navarra","-2.783462955382730","2"
"Zarapicos","Salamanca","Castilla y León","17.647058823529399","2"
"Castellet i la Gornal","Barcelona","Cataluña-Catalunya","14.975413500223500","2"
"Icod de los Vinos","Santa Cruz de Tenerife","Canarias","4.617466067298040","2"
"Cantalejo","Segovia","Castilla y León","-6.240084611316760","2"
"Elche de la Sierra","Albacete","Castilla-La Mancha","-6.240167802831670","2"
"Sant Fruitós de Bages","Barcelona","Cataluña-Catalunya","11.076064539609400","2"
"Minglanilla","Cuenca","Castilla-La Mancha","-2.896081771720610","2"
"Goizueta","Navarra","Comunidad Foral de Navarra","-5.220883534136550","2"
"Arrúbal","La Rioja","La Rioja","22.784810126582297","2"
"La Zaida","Zaragoza","Aragón","-8.731808731808730","2"
"Lerga","Navarra","Comunidad Foral de Navarra","-24.615384615384599","2"
"Murillo el Fruto","Navarra","Comunidad Foral de Navarra","5.312500000000000","2"
"Amieva","Asturias","Principado de Asturias","-20.976253298152997","2"
"Cervera","Lleida","Cataluña-Catalunya","4.580152671755729","2"
"Ortuella","Bizkaia","País Vasco-Euskadi","1.498216409036860","2"
"Cigales","Valladolid","Castilla y León","7.028753993610220","2"
"Valdefresno","León","Castilla y León","8.380414312617699","2"
"Valpalmas","Zaragoza","Aragón","-5.555555555555561","2"
"Orbara","Navarra","Comunidad Foral de Navarra","-29.268292682926802","2"
"Santiz","Salamanca","Castilla y León","-0.404858299595142","2"
"Fonfría","Zamora","Castilla y León","-7.117437722419930","2"
"Tuineje","Las Palmas","Canarias","15.887646973435901","2"
"Vegadeo","Asturias","Principado de Asturias","-2.777777777777780","2"
"Villada","Palencia","Castilla y León","-18.426103646833003","2"
"Santa Coloma de Gramenet","Barcelona","Cataluña-Catalunya","0.946621974431101","2"
"Bermillo de Sayago","Zamora","Castilla y León","-10.972346119536100","2"
"Hontoria de Cerrato","Palencia","Castilla y León","0.917431192660551","2"
"Amoeiro","Ourense","Galicia","5.145118733509240","2"
"Lumbier","Navarra","Comunidad Foral de Navarra","-1.485884101040120","2"
"Valdemoro","Madrid","Comunidad de Madrid","12.632671417698701","2"
"Viso del Marqués","Ciudad Real","Castilla-La Mancha","-17.183863460046503","2"
"Osorno la Mayor","Palencia","Castilla y León","-13.333333333333300","2"
"Magaz de Cepeda","León","Castilla y León","-7.812500000000000","2"
"La Fuente de San Esteban","Salamanca","Castilla y León","-7.692307692307691","2"
"Aljaraque","Huelva","Andalucía","12.096489902805100","2"
"Orís","Barcelona","Cataluña-Catalunya","17.161716171617197","2"
"Olóriz/Oloritz","Navarra","Comunidad Foral de Navarra","15.706806282722498","2"
"Peralejos de las Truchas","Guadalajara","Castilla-La Mancha","1.935483870967740","2"
"Valverdón","Salamanca","Castilla y León","-4.642857142857141","2"
"Vilasantar","A Coruña","Galicia","-6.382978723404261","2"
"Albendea","Cuenca","Castilla-La Mancha","-18.055555555555596","2"
"Frómista","Palencia","Castilla y León","-9.145607701564380","2"
"San Esteban de Gormaz","Soria","Castilla y León","-3.814802738832740","2"
"Arenas de Iguña","Cantabria","Cantabria","-1.859154929577460","2"
"Alcolea de Calatrava","Ciudad Real","Castilla-La Mancha","-8.658294778585590","2"
"La Pobla de Segur","Lleida","Cataluña-Catalunya","0.763612217795485","2"
"San Silvestre de Guzmán","Huelva","Andalucía","-4.335260115606940","2"
"Nava de Sotrobal","Salamanca","Castilla y León","-5.172413793103449","2"
"Martorell","Barcelona","Cataluña-Catalunya","3.100914142319410","2"
"Arbo","Pontevedra","Galicia","-8.849862258953170","2"
"Queralbs","Girona","Cataluña-Catalunya","8.241758241758239","2"
"Los Navalmorales","Toledo","Castilla-La Mancha","-24.726631393298099","2"
"Cascante","Navarra","Comunidad Foral de Navarra","4.166666666666670","2"
"Aitona","Lleida","Cataluña-Catalunya","5.879917184265010","2"
"La Baronia de Rialb","Lleida","Cataluña-Catalunya","-4.255319148936170","2"
"Conesa","Tarragona","Cataluña-Catalunya","-1.639344262295080","2"
"Ibahernando","Cáceres","Extremadura","-6.349206349206350","2"
"Fuentes de Nava","Palencia","Castilla y León","-14.676258992805799","2"
"Navaconcejo","Cáceres","Extremadura","3.198400799600200","2"
"Cangas del Narcea","Asturias","Principado de Asturias","-15.419401896425999","2"
"Rubí","Barcelona","Cataluña-Catalunya","7.654028754724090","2"
"La Zarza de Pumareda","Salamanca","Castilla y León","-2.816901408450700","2"
"Alatoz","Albacete","Castilla-La Mancha","-15.344827586206899","2"
"Santa Cruz de Tenerife","Santa Cruz de Tenerife","Canarias","2.005076018491910","2"
"Tarazona de la Mancha","Albacete","Castilla-La Mancha","-6.290076335877860","2"
"Valle de Valdebezana","Burgos","Castilla y León","-12.662942271880800","2"
"Orkoien","Navarra","Comunidad Foral de Navarra","8.228693561314449","2"
"Manjarrés","La Rioja","La Rioja","-6.086956521739130","2"
"Lousame","A Coruña","Galicia","-10.475377170509502","2"
"Villabrázaro","Zamora","Castilla y León","0.775193798449612","2"
"Bubierca","Zaragoza","Aragón","-22.368421052631604","2"
"San Miguel de Aguayo","Cantabria","Cantabria","2.298850574712640","2"
"Perdiguera","Zaragoza","Aragón","-9.951060358890700","2"
"Reinosa","Cantabria","Cantabria","-12.586699306405499","2"
"Ayllón","Segovia","Castilla y León","-16.986706056130000","2"
"Valencia de Alcántara","Cáceres","Extremadura","-9.505703422053230","2"
"Irixoa","A Coruña","Galicia","-7.389162561576359","2"
"Llanes","Asturias","Principado de Asturias","-3.123209169054440","2"
"Anquela del Ducado","Guadalajara","Castilla-La Mancha","-24.324324324324301","2"
"Santander","Cantabria","Cantabria","-1.712796467428420","2"
"Fabero","León","Castilla y León","-17.029862792574704","2"
"Castro-Urdiales","Cantabria","Cantabria","3.362991538078650","2"
"El Morell","Tarragona","Cataluña-Catalunya","10.283286118980202","2"
"Arrasate/Mondragón","Gipuzkoa","País Vasco-Euskadi","-0.838926174496644","2"
"Murchante","Navarra","Comunidad Foral de Navarra","12.656208455198099","2"
"Peñarrubia","Cantabria","Cantabria","-11.484593837535002","2"
"Puerto Moral","Huelva","Andalucía","-2.422145328719720","2"
"Buitrago del Lozoya","Madrid","Comunidad de Madrid","0.768442622950820","2"
"El Ejido","Almería","Andalucía","6.929787031755090","2"
"Casas del Monte","Cáceres","Extremadura","-6.333739342265530","2"
"Tarragona","Tarragona","Cataluña-Catalunya","4.586267672221420","2"
"Cubo de la Solana","Soria","Castilla y León","-7.608695652173910","2"
"Azagra","Navarra","Comunidad Foral de Navarra","-1.368061036569320","2"
"Muskiz","Bizkaia","País Vasco-Euskadi","-3.547031003678400","2"
"Curtis","A Coruña","Galicia","2.149209486166010","2"
"Majadas","Cáceres","Extremadura","-2.119606358819080","2"
"Grávalos","La Rioja","La Rioja","-19.431279620853100","2"
"Santa María del Cubillo","Ávila","Castilla y León","-10.000000000000000","2"
"Zorita de la Frontera","Salamanca","Castilla y León","-24.752475247524803","2"
"Etxalar","Navarra","Comunidad Foral de Navarra","1.709401709401710","2"
"Muñana","Ávila","Castilla y León","5.921052631578950","2"
"Santovenia de la Valdoncina","León","Castilla y León","4.258517034068141","2"
"Vilobí d'Onyar","Girona","Cataluña-Catalunya","4.528061224489801","2"
"Begonte","Lugo","Galicia","-7.989933941491040","2"
"Mansilla de la Sierra","La Rioja","La Rioja","-1.639344262295080","2"
"Grijota","Palencia","Castilla y León","30.645944633317100","2"
"A Pobra do Caramiñal","A Coruña","Galicia","-4.600909842845330","2"
"Fonollosa","Barcelona","Cataluña-Catalunya","9.027291812456260","2"
"Micereces de Tera","Zamora","Castilla y León","-14.829659318637299","2"
"Caspe","Zaragoza","Aragón","4.120076558879820","2"
"Cubillos del Sil","León","Castilla y León","-5.942733657482440","2"
"Sesma","Navarra","Comunidad Foral de Navarra","2.081598667776850","2"
"Uncastillo","Zaragoza","Aragón","-9.156976744186052","2"
"Vega de Liébana","Cantabria","Cantabria","-12.795031055900601","2"
"Foz","Lugo","Galicia","2.666936054146880","2"
"Balmaseda","Bizkaia","País Vasco-Euskadi","-3.014433516413340","2"
"Sorihuela","Salamanca","Castilla y León","-8.571428571428571","2"
"Castronuño","Valladolid","Castilla y León","-15.867944621938202","2"
"San Martín del Rey Aurelio","Asturias","Principado de Asturias","-11.620847651775499","2"
"Campos del Paraíso","Cuenca","Castilla-La Mancha","-23.636363636363598","2"
"Rosalejo","Cáceres","Extremadura","-12.127236580516900","2"
"Almendra","Salamanca","Castilla y León","-29.775280898876403","2"
"Añón de Moncayo","Zaragoza","Aragón","1.904761904761910","2"
"Paredes de Nava","Palencia","Castilla y León","-5.107661492238360","2"
"Cabana de Bergantiños","A Coruña","Galicia","-10.815487778498801","2"
"Estremera","Madrid","Comunidad de Madrid","3.049645390070920","2"
"Santas Martas","León","Castilla y León","-12.230215827338100","2"
"Laviana","Asturias","Principado de Asturias","-10.412587919657700","2"
"Malpartida de Plasencia","Cáceres","Extremadura","-1.890800934777990","2"
"Isona i Conca Dellà","Lleida","Cataluña-Catalunya","1.143946615824600","2"
"Piloña","Asturias","Principado de Asturias","-9.402390438247011","2"
"Lónguida/Longida","Navarra","Comunidad Foral de Navarra","-2.830188679245280","2"
"Corbins","Lleida","Cataluña-Catalunya","6.142857142857141","2"
"Carrascosa","Cuenca","Castilla-La Mancha","-22.988505747126400","2"
"Parres","Asturias","Principado de Asturias","-6.833631484794279","2"
"Mora","Toledo","Castilla-La Mancha","-5.167232186136690","2"
"Bullas","Murcia","Región de Murcia","-3.291601028107120","2"
"Santa María del Berrocal","Ávila","Castilla y León","-10.952380952380999","2"
"Irurtzun","Navarra","Comunidad Foral de Navarra","4.183535762483130","2"
"Santa Cruz de Mudela","Ciudad Real","Castilla-La Mancha","-13.086419753086400","2"
"Vallbona de les Monges","Lleida","Cataluña-Catalunya","-15.267175572519099","2"
"Crémenes","León","Castilla y León","-9.401709401709399","2"
"O Carballiño","Ourense","Galicia","-1.097500531048640","2"
"Vizmanos","Soria","Castilla y León","6.896551724137930","2"
"Cuntis","Pontevedra","Galicia","-7.746907321030220","2"
"El Pedroso de la Armuña","Salamanca","Castilla y León","-16.399999999999999","2"
"Boadilla del Monte","Madrid","Comunidad de Madrid","35.296330351918407","2"
"Sádaba","Zaragoza","Aragón","-13.493150684931498","2"
"Castrejón de Trabancos","Valladolid","Castilla y León","-6.701030927835051","2"
"Sant Julià de Ramis","Girona","Cataluña-Catalunya","8.415841584158420","2"
"Toledo","Toledo","Castilla-La Mancha","3.283173734610120","2"
"Calatorao","Zaragoza","Aragón","-0.207253886010363","2"
"Corbera d'Ebre","Tarragona","Cataluña-Catalunya","-11.003521126760601","2"
"La Almunia de Doña Godina","Zaragoza","Aragón","0.995405819295559","2"
"Villamañán","León","Castilla y León","-12.397372742200300","2"
"Aribe","Navarra","Comunidad Foral de Navarra","-22.727272727272698","2"
"Huerta","Salamanca","Castilla y León","-10.032362459546899","2"
"Granucillo","Zamora","Castilla y León","-25.333333333333300","2"
"Monreal/Elo","Navarra","Comunidad Foral de Navarra","5.230125523012551","2"
"Mendigorria","Navarra","Comunidad Foral de Navarra","10.482374768089100","2"
"Villanueva de Gómez","Ávila","Castilla y León","-20.138888888888900","2"
"Guijo de Granadilla","Cáceres","Extremadura","-17.003367003367000","2"
"Mogarraz","Salamanca","Castilla y León","-23.100303951367799","2"
"Carbajosa de la Sagrada","Salamanca","Castilla y León","11.710779239982299","2"
"El Escorial","Madrid","Comunidad de Madrid","10.686171608501700","2"
"Barásoain","Navarra","Comunidad Foral de Navarra","-10.946745562130200","2"
"Palacios del Arzobispo","Salamanca","Castilla y León","-7.926829268292680","2"
"Sant Salvador de Guardiola","Barcelona","Cataluña-Catalunya","9.584664536741210","2"
"Carbonero el Mayor","Segovia","Castilla y León","-3.298409002716340","2"
"Siero","Asturias","Principado de Asturias","-0.355097365406644","2"
"Constantí","Tarragona","Cataluña-Catalunya","3.807921700565840","2"
"Ciguñuela","Valladolid","Castilla y León","-8.010335917312661","2"
"Coca","Segovia","Castilla y León","-10.396294390118399","2"
"Mira","Cuenca","Castilla-La Mancha","-6.653019447287621","2"
"Pozal de Gallinas","Valladolid","Castilla y León","-1.486988847583640","2"
"Canredondo","Guadalajara","Castilla-La Mancha","-6.451612903225810","2"
"San Pedro del Valle","Salamanca","Castilla y León","1.360544217687080","2"
"Constanzana","Ávila","Castilla y León","-16.949152542372900","2"
"Redondela","Pontevedra","Galicia","-3.249857902303650","2"
"Irura","Gipuzkoa","País Vasco-Euskadi","12.926391382405701","2"
"Bergondo","A Coruña","Galicia","3.715308863025960","2"
"Argamasilla de Alba","Ciudad Real","Castilla-La Mancha","-4.346618525204830","2"
"Cebolla","Toledo","Castilla-La Mancha","-11.533130024951499","2"
"La Mudarra","Valladolid","Castilla y León","-2.976190476190480","2"
"Legazpi","Gipuzkoa","País Vasco-Euskadi","-3.101765799256500","2"
"Pradillo","La Rioja","La Rioja","13.559322033898301","2"
"Carballo","A Coruña","Galicia","0.409102531321913","2"
"Santibáñez el Alto","Cáceres","Extremadura","-2.956989247311830","2"
"Alentisque","Soria","Castilla y León","-21.212121212121197","2"
"Patones","Madrid","Comunidad de Madrid","11.637080867850100","2"
"Aledo","Murcia","Región de Murcia","13.894523326572001","2"
"Pozoantiguo","Zamora","Castilla y León","-22.605363984674298","2"
"Alovera","Guadalajara","Castilla-La Mancha","9.561166952684481","2"
"Lodosa","Navarra","Comunidad Foral de Navarra","2.815126050420171","2"
"Villaverde de Guareña","Salamanca","Castilla y León","-3.448275862068960","2"
"Cubelles","Barcelona","Cataluña-Catalunya","16.801325875284903","2"
"Majadahonda","Madrid","Comunidad de Madrid","3.111186912832760","2"
"Boiro","A Coruña","Galicia","-0.398740818467996","2"
"Valderredible","Cantabria","Cantabria","-5.544554455445550","2"
"Aibar/Oibar","Navarra","Comunidad Foral de Navarra","-8.014354066985650","2"
"La Bañeza","León","Castilla y León","-5.172251061821610","2"
"Beratón","Soria","Castilla y León","27.777777777777800","2"
"Cespedosa de Tormes","Salamanca","Castilla y León","-7.904411764705880","2"
"El Pont de Suert","Lleida","Cataluña-Catalunya","2.286453839516820","2"
"Deba","Gipuzkoa","País Vasco-Euskadi","-1.045871559633030","2"
"Malpica de Bergantiños","A Coruña","Galicia","-9.136615811373090","2"
"Luceni","Zaragoza","Aragón","-2.366863905325440","2"
"Abusejo","Salamanca","Castilla y León","-31.818181818181802","2"
"Almonacid de la Sierra","Zaragoza","Aragón","3.058510638297870","1"
"Uruñuela","La Rioja","La Rioja","1.026694045174540","1"
"Nieva","Segovia","Castilla y León","-21.943573667711604","1"
"Forès","Tarragona","Cataluña-Catalunya","2.173913043478260","1"
"Sanlúcar la Mayor","Sevilla","Andalucía","5.242833803653649","1"
"Fontanals de Cerdanya","Girona","Cataluña-Catalunya","20.316027088036098","1"
"Cabanillas de la Sierra","Madrid","Comunidad de Madrid","28.278688524590198","1"
"Fornells de la Selva","Girona","Cataluña-Catalunya","10.205728116175901","1"
"Villaralbo","Zamora","Castilla y León","-6.109660574412530","1"
"Santa María de Cayón","Cantabria","Cantabria","2.407387050676050","1"
"Vall-llobrega","Girona","Cataluña-Catalunya","0.776914539400666","1"
"Valverde del Majano","Segovia","Castilla y León","8.576814326107449","1"
"Gomezserracín","Segovia","Castilla y León","-4.504504504504510","1"
"Atxondo","Bizkaia","País Vasco-Euskadi","-1.866475233309400","1"
"Los Hinojosos","Cuenca","Castilla-La Mancha","-18.957871396895797","1"
"Tiurana","Lleida","Cataluña-Catalunya","-11.842105263157901","1"
"Mamblas","Ávila","Castilla y León","-12.444444444444400","1"
"Gemuño","Ávila","Castilla y León","-6.832298136645960","1"
"Sober","Lugo","Galicia","-11.210762331838600","1"
"Isla Cristina","Huelva","Andalucía","1.203972641244260","1"
"Miraflores de la Sierra","Madrid","Comunidad de Madrid","17.911714770798000","1"
"Ramirás","Ourense","Galicia","-7.425441265976870","1"
"Villodre","Palencia","Castilla y León","16.666666666666700","1"
"La Póveda de Soria","Soria","Castilla y León","-5.309734513274340","1"
"Olot","Girona","Cataluña-Catalunya","11.977707663727799","1"
"Villaldemiro","Burgos","Castilla y León","30.434782608695699","1"
"Daroca","Zaragoza","Aragón","-10.761513907888700","1"
"Basaburua","Navarra","Comunidad Foral de Navarra","-2.985074626865670","1"
"Alesanco","La Rioja","La Rioja","-10.227272727272700","1"
"Uña","Cuenca","Castilla-La Mancha","-16.981132075471702","1"
"Iza/Itza","Navarra","Comunidad Foral de Navarra","15.051903114186901","1"
"San Vicente de Arévalo","Ávila","Castilla y León","-17.412935323383099","1"
"Carbellino","Zamora","Castilla y León","-11.904761904761902","1"
"Tremedal de Tormes","Salamanca","Castilla y León","-9.756097560975610","1"
"Milmarcos","Guadalajara","Castilla-La Mancha","-22.222222222222200","1"
"Gorliz","Bizkaia","País Vasco-Euskadi","6.956214689265540","1"
"Leiva","La Rioja","La Rioja","-10.218978102189798","1"
"Santa María de los Caballeros","Ávila","Castilla y León","-16.250000000000000","1"
"Fresneda de Altarejos","Cuenca","Castilla-La Mancha","-40.322580645161295","1"
"Polinyà","Barcelona","Cataluña-Catalunya","2.961883952415640","1"
"Allín/Allin","Navarra","Comunidad Foral de Navarra","8.095238095238100","1"
"Ruidera","Ciudad Real","Castilla-La Mancha","-11.330049261083701","1"
"Aliseda","Cáceres","Extremadura","-13.810483870967699","1"
"Morales del Vino","Zamora","Castilla y León","6.650502251472120","1"
"Torrejón de la Calzada","Madrid","Comunidad de Madrid","32.084248610931603","1"
"Zizur Mayor/Zizur Nagusia","Navarra","Comunidad Foral de Navarra","10.257489651301499","1"
"Yepes","Toledo","Castilla-La Mancha","6.449704142011840","1"
"Ribeira de Piquín","Lugo","Galicia","-14.751286449399702","1"
"Melide","A Coruña","Galicia","-0.329902348904724","1"
"Cogollos","Burgos","Castilla y León","28.870292887029301","1"
"Villaluenga de la Sagra","Toledo","Castilla-La Mancha","5.021448397678530","1"
"Fitero","Navarra","Comunidad Foral de Navarra","4.073714839961199","1"
"Yesa","Navarra","Comunidad Foral de Navarra","31.838565022421502","1"
"Codorniz","Segovia","Castilla y León","-12.430939226519300","1"
"Arcas","Cuenca","Castilla-La Mancha","31.367628607277297","1"
"Albatana","Albacete","Castilla-La Mancha","-12.433155080213899","1"
"Orbita","Ávila","Castilla y León","-12.500000000000000","1"
"Maçanet de la Selva","Girona","Cataluña-Catalunya","12.350998132988698","1"
"Ejulve","Teruel","Aragón","-9.278350515463920","1"
"La Aldea de San Nicolás","Las Palmas","Canarias","-8.741641337386019","1"
"Albeta","Zaragoza","Aragón","-7.843137254901960","1"
"Melilla","Melilla","Ciudad Autónoma de Melilla","1.162006413518090","1"
"Palencia de Negrilla","Salamanca","Castilla y León","-10.493827160493799","1"
"Tajahuerce","Soria","Castilla y León","-23.333333333333300","1"
"Ablitas","Navarra","Comunidad Foral de Navarra","2.393095331502550","1"
"Valdemorillo","Madrid","Comunidad de Madrid","13.211146127052601","1"
"Abadiño","Bizkaia","País Vasco-Euskadi","2.718550106609810","1"
"Solórzano","Cantabria","Cantabria","7.784431137724550","1"
"San Pedro","Albacete","Castilla-La Mancha","-2.854812398042410","1"
"Golpejas","Salamanca","Castilla y León","-1.333333333333330","1"
"Lécera","Zaragoza","Aragón","-15.616438356164402","1"
"Valdemadera","La Rioja","La Rioja","50.000000000000000","1"
"Pedraza de Campos","Palencia","Castilla y León","-20.000000000000000","1"
"Tivissa","Tarragona","Cataluña-Catalunya","-7.102272727272730","1"
"Formentera","Illes Balears","Illes Balears","-3.239497618016460","1"
"Arrecife","Las Palmas","Canarias","13.969760900140599","1"
"Vallejera","Burgos","Castilla y León","5.128205128205130","1"
"Serrada","Valladolid","Castilla y León","-4.729729729729730","1"
"Corduente","Guadalajara","Castilla-La Mancha","-15.068493150684901","1"
"Gúdar","Teruel","Aragón","-7.894736842105260","1"
"Torrijos","Toledo","Castilla-La Mancha","4.863680990861720","1"
"Orera","Zaragoza","Aragón","-21.374045801526698","1"
"Guijo de Galisteo","Cáceres","Extremadura","-5.746408494690820","1"
"Hontanaya","Cuenca","Castilla-La Mancha","-24.035608308605298","1"
"Ajangiz","Bizkaia","País Vasco-Euskadi","3.239740820734340","1"
"Alcantarilla","Murcia","Región de Murcia","5.236267631456720","1"
"Valle de Ollo/Ollaran","Navarra","Comunidad Foral de Navarra","6.879606879606881","1"
"Ispaster","Bizkaia","País Vasco-Euskadi","3.248587570621470","1"
"Bausen","Lleida","Cataluña-Catalunya","42.857142857142904","1"
"Huerta de la Obispalía","Cuenca","Castilla-La Mancha","0.000000000000000","1"
"Espino de la Orbada","Salamanca","Castilla y León","-12.727272727272700","1"
"Monistrol de Montserrat","Barcelona","Cataluña-Catalunya","7.945670628183359","1"
"Villaumbrales","Palencia","Castilla y León","-9.052333804809050","1"
"Ceuta","Ceuta","Ciudad Autónoma de Ceuta","-2.264515141885290","1"
"Cabanas","A Coruña","Galicia","0.182149362477231","1"
"Cercedilla","Madrid","Comunidad de Madrid","11.960181525398902","1"
"Es Mercadal","Illes Balears","Illes Balears","14.741112828438901","1"
"Térmens","Lleida","Cataluña-Catalunya","-12.695312500000000","1"
"Lumbrales","Salamanca","Castilla y León","-15.204024594745702","1"
"Villota del Páramo","Palencia","Castilla y León","-9.763313609467462","1"
"Paderne","A Coruña","Galicia","-2.637889688249400","1"
"Santiso","A Coruña","Galicia","-15.442020665901302","1"
"Madroñera","Cáceres","Extremadura","-14.259730811204101","1"
"Cañizal","Zamora","Castilla y León","-12.783505154639201","1"
"Palacios del Sil","León","Castilla y León","-20.821917808219197","1"
"Morille","Salamanca","Castilla y León","-12.015503875968999","1"
"Breña Alta","Santa Cruz de Tenerife","Canarias","0.164541341011929","1"
"Rioja","Almería","Andalucía","13.371266002845001","1"
"Matillas","Guadalajara","Castilla-La Mancha","-16.129032258064502","1"
"Puebla de Almenara","Cuenca","Castilla-La Mancha","-19.854721549636800","1"
"Les Franqueses del Vallès","Barcelona","Cataluña-Catalunya","7.052686489306210","1"
"Tapia de Casariego","Asturias","Principado de Asturias","-7.050139984728940","1"
"Soutomaior","Pontevedra","Galicia","3.357803153887980","1"
"Villamanrique de Tajo","Madrid","Comunidad de Madrid","8.401084010840110","1"
"Garrigàs","Girona","Cataluña-Catalunya","16.331658291457298","1"
"Pedro Abad","Córdoba","Andalucía","-6.250000000000000","1"
"Ampuero","Cantabria","Cantabria","5.368968779564811","1"
"Fuente de Pedro Naharro","Cuenca","Castilla-La Mancha","-4.710424710424710","1"
"Castrogonzalo","Zamora","Castilla y León","-13.972055888223599","1"
"Anue","Navarra","Comunidad Foral de Navarra","6.277056277056280","1"
"Sant Llorenç des Cardassar","Illes Balears","Illes Balears","10.901442307692301","1"
"San Vicente del Palacio","Valladolid","Castilla y León","-11.827956989247300","1"
"Oleiros","A Coruña","Galicia","9.391545872754099","1"
"Olombrada","Segovia","Castilla y León","-23.354231974921596","1"
"San Martín del Pimpollar","Ávila","Castilla y León","18.279569892473098","1"
"Villacarriedo","Cantabria","Cantabria","-1.587301587301590","1"
"Cabra","Córdoba","Andalucía","-4.433122232274649","1"
"Muíños","Ourense","Galicia","-11.282367447595600","1"
"Oliola","Lleida","Cataluña-Catalunya","-15.744680851063800","1"
"Valoria la Buena","Valladolid","Castilla y León","2.773722627737230","1"
"Malva","Zamora","Castilla y León","-29.411764705882401","1"
"Los Fayos","Zaragoza","Aragón","-16.339869281045800","1"
"Larrodrigo","Salamanca","Castilla y León","-8.040201005025130","1"
"Meco","Madrid","Comunidad de Madrid","17.292317063884902","1"
"Remolinos","Zaragoza","Aragón","-12.097476066144500","1"
"Gandesa","Tarragona","Cataluña-Catalunya","1.585247492720800","1"
"Torrecilla de la Torre","Valladolid","Castilla y León","-25.000000000000000","1"
"Hombrados","Guadalajara","Castilla-La Mancha","50.000000000000000","1"
"Astorga","León","Castilla y León","-11.278260122066500","1"
"Morón de la Frontera","Sevilla","Andalucía","-3.583442512658900","1"
"Herrerías","Cantabria","Cantabria","-7.407407407407411","1"
"Lekunberri","Navarra","Comunidad Foral de Navarra","14.976174268209700","1"
"Améscoa Baja","Navarra","Comunidad Foral de Navarra","-5.235602094240840","1"
"Gejuelo del Barro","Salamanca","Castilla y León","-24.390243902439000","1"
"San Agustín del Guadalix","Madrid","Comunidad de Madrid","5.380992820196090","1"
"Montgai","Lleida","Cataluña-Catalunya","-5.663189269746650","1"
"La Puebla de Valdavia","Palencia","Castilla y León","-20.754716981132102","1"
"Naut Aran","Lleida","Cataluña-Catalunya","7.800224466891129","1"
"Escacena del Campo","Huelva","Andalucía","11.671469740634000","1"
"Castrillón","Asturias","Principado de Asturias","-3.125000000000000","1"
"Salt","Girona","Cataluña-Catalunya","10.427532139653900","1"
"Vallehermoso","Santa Cruz de Tenerife","Canarias","0.755235152763474","1"
"Guixers","Lleida","Cataluña-Catalunya","2.343750000000000","1"
"Moralina","Zamora","Castilla y León","-31.250000000000000","1"
"Bugedo","Burgos","Castilla y León","7.182320441988950","1"
"Landete","Cuenca","Castilla-La Mancha","-7.934131736526950","1"
"Mingorría","Ávila","Castilla y León","-5.352798053527980","1"
"Navarredonda de Gredos","Ávila","Castilla y León","-10.162601626016301","1"
"Cantavieja","Teruel","Aragón","0.276243093922652","1"
"Lemoa","Bizkaia","País Vasco-Euskadi","0.996583143507973","1"
"Isaba/Izaba","Navarra","Comunidad Foral de Navarra","-14.767932489451500","1"
"Cambados","Pontevedra","Galicia","2.104634674229420","1"
"Estépar","Burgos","Castilla y León","-7.423580786026200","1"
"Aldeanueva del Codonal","Segovia","Castilla y León","-20.863309352517998","1"
"Aldeacentenera","Cáceres","Extremadura","-5.238095238095241","1"
"Carrascal de Barregas","Salamanca","Castilla y León","32.366697848456496","1"
"Mutriku","Gipuzkoa","País Vasco-Euskadi","0.377857547704515","1"
"Nava","Asturias","Principado de Asturias","-4.739162380602501","1"
"Muñopedro","Segovia","Castilla y León","-10.526315789473699","1"
"Santa Marta de Magasca","Cáceres","Extremadura","-6.885245901639350","1"
"Darnius","Girona","Cataluña-Catalunya","2.247191011235960","1"
"Pazos de Borbén","Pontevedra","Galicia","-2.666666666666670","1"
"Cervera de Pisuerga","Palencia","Castilla y León","-7.964242177976431","1"
"Jaraíz de la Vera","Cáceres","Extremadura","2.287029930928630","1"
"Urdiales del Páramo","León","Castilla y León","-12.115384615384601","1"
"Córdoba","Córdoba","Andalucía","-1.304105279522990","1"
"Cendejas de la Torre","Guadalajara","Castilla-La Mancha","-30.303030303030297","1"
"El Espinar","Segovia","Castilla y León","1.657344106070020","1"
"Olías del Rey","Toledo","Castilla-La Mancha","21.714205816554802","1"
"Campoo de Enmedio","Cantabria","Cantabria","-0.843214756258234","1"
"Esponellà","Girona","Cataluña-Catalunya","1.965065502183410","1"
"Ricote","Murcia","Región de Murcia","-11.301859799713901","1"
"Casas de Millán","Cáceres","Extremadura","-15.797546012269899","1"
"Nambroca","Toledo","Castilla-La Mancha","17.441860465116299","1"
"Quirós","Asturias","Principado de Asturias","-7.987470634299140","1"
"Beintza-Labaien","Navarra","Comunidad Foral de Navarra","-6.837606837606841","1"
"Canejan","Lleida","Cataluña-Catalunya","-4.901960784313730","1"
"La Torre del Valle","Zamora","Castilla y León","-12.418300653594800","1"
"Viloria de Rioja","Burgos","Castilla y León","-9.756097560975610","1"
"Getxo","Bizkaia","País Vasco-Euskadi","-4.324650507895001","1"
"Conca de Dalt","Lleida","Cataluña-Catalunya","-1.580135440180590","1"
"Bardallur","Zaragoza","Aragón","-21.885521885521896","1"
"Palazuelos de Eresma","Segovia","Castilla y León","19.761709120788801","1"
"Trabada","Lugo","Galicia","-7.980049875311720","1"
"Villafranca del Bierzo","León","Castilla y León","-17.133189787757598","1"
"Garcia","Tarragona","Cataluña-Catalunya","-2.146690518783540","1"
"Petra","Illes Balears","Illes Balears","10.881934566145098","1"
"Valdáliga","Cantabria","Cantabria","-5.741626794258370","1"
"Peñarandilla","Salamanca","Castilla y León","-17.488789237668200","1"
"Etxauri","Navarra","Comunidad Foral de Navarra","11.433447098976101","1"
"Portillo","Valladolid","Castilla y León","-1.577418015774180","1"
"Quintanar de la Orden","Toledo","Castilla-La Mancha","-7.241177942771341","1"
"Veciana","Barcelona","Cataluña-Catalunya","1.704545454545450","1"
"Sant Celoni","Barcelona","Cataluña-Catalunya","7.118427917222190","1"
"Morentin","Navarra","Comunidad Foral de Navarra","-14.074074074074099","1"
"Tiebas-Muruarte de Reta","Navarra","Comunidad Foral de Navarra","4.265402843601899","1"
"Barreiros","Lugo","Galicia","0.868403473613894","1"
"Híjar","Teruel","Aragón","1.928530913216110","1"
"Cartelle","Ourense","Galicia","-14.368206521739099","1"
"Riudarenes","Girona","Cataluña-Catalunya","8.566108007448790","1"
"Cerecinos del Carrizal","Zamora","Castilla y León","-14.960629921259798","1"
"Sancti-Spíritus","Salamanca","Castilla y León","-16.040955631399296","1"
"Garrovillas de Alconétar","Cáceres","Extremadura","-11.320754716981101","1"
"Berrocal de Huebra","Salamanca","Castilla y León","5.633802816901410","1"
"Bermeo","Bizkaia","País Vasco-Euskadi","-1.049422524476750","1"
"Tacoronte","Santa Cruz de Tenerife","Canarias","3.021438421998410","1"
"Cabezas de Alambre","Ávila","Castilla y León","-7.692307692307691","1"
"Celada del Camino","Burgos","Castilla y León","-13.333333333333300","1"
"San Martín de Pusa","Toledo","Castilla-La Mancha","-23.476005188067401","1"
"Piedrahíta","Ávila","Castilla y León","-16.482412060301499","1"
"Ontígola","Toledo","Castilla-La Mancha","21.502718734552602","1"
"Adanero","Ávila","Castilla y León","0.000000000000000","1"
"Colunga","Asturias","Principado de Asturias","-10.703278229195902","1"
"Guijuelo","Salamanca","Castilla y León","-5.137519460300990","1"
"Noviercas","Soria","Castilla y León","-0.602409638554217","1"
"Minaya","Albacete","Castilla-La Mancha","-8.656906429026099","1"
"Mogán","Las Palmas","Canarias","-11.263888297645900","1"
"Pozorrubielos de la Mancha","Cuenca","Castilla-La Mancha","-26.609442060085797","1"
"Belmontejo","Cuenca","Castilla-La Mancha","-31.818181818181802","1"
"Cobreros","Zamora","Castilla y León","-8.688245315161842","1"
"Palacios de Sanabria","Zamora","Castilla y León","-9.125475285171101","1"
"Robledo de Chavela","Madrid","Comunidad de Madrid","16.546940797622000","1"
"Sobrado","A Coruña","Galicia","-9.567430025445288","1"
"Campillos-Sierra","Cuenca","Castilla-La Mancha","-27.500000000000000","1"
"Villaquilambre","León","Castilla y León","1.674252275682700","1"
"O Porriño","Pontevedra","Galicia","11.097903609250098","1"
"Argençola","Barcelona","Cataluña-Catalunya","4.716981132075469","1"
"Aldeanueva de la Serrezuela","Segovia","Castilla y León","-22.222222222222200","1"
"Villalba de Duero","Burgos","Castilla y León","4.179104477611940","1"
"Otxandio","Bizkaia","País Vasco-Euskadi","2.004626060138780","1"
"Navaescurial","Ávila","Castilla y León","-3.703703703703700","1"
"Magaña","Soria","Castilla y León","-23.863636363636402","1"
"Alarilla","Guadalajara","Castilla-La Mancha","39.393939393939398","1"
"Eivissa","Illes Balears","Illes Balears","4.634455557120720","1"
"Bureta","Zaragoza","Aragón","-17.829457364341099","1"
"El Villar de Arnedo","La Rioja","La Rioja","-3.900156006240250","1"
"Quintela de Leirado","Ourense","Galicia","-6.758832565284180","1"
"Trillo","Guadalajara","Castilla-La Mancha","-3.004891684136970","1"
"Arafo","Santa Cruz de Tenerife","Canarias","4.538799414348460","1"
"Sant Boi de Llobregat","Barcelona","Cataluña-Catalunya","0.977053677788875","1"
"Quintana y Congosto","León","Castilla y León","5.050505050505050","1"
"Membribe de la Sierra","Salamanca","Castilla y León","-27.142857142857100","1"
"Valderrueda","León","Castilla y León","-12.063492063492099","1"
"Puebla del Príncipe","Ciudad Real","Castilla-La Mancha","-15.532734274711201","1"
"Enériz/Eneritz","Navarra","Comunidad Foral de Navarra","-9.880239520958080","1"
"Castrillo de Cabrera","León","Castilla y León","-20.300751879699199","1"
"Villodrigo","Palencia","Castilla y León","-13.709677419354799","1"
"Pozuelo de Alarcón","Madrid","Comunidad de Madrid","5.244191559981030","1"
"Navàs","Barcelona","Cataluña-Catalunya","0.539480137322217","1"
"Llinars del Vallès","Barcelona","Cataluña-Catalunya","10.098573825503401","1"
"Puras","Valladolid","Castilla y León","-20.370370370370402","1"
"Rubió","Barcelona","Cataluña-Catalunya","11.403508771929799","1"
"Guadarrama","Madrid","Comunidad de Madrid","9.751077378272329","1"
"Gatika","Bizkaia","País Vasco-Euskadi","0.495356037151703","1"
"Fuentealbilla","Albacete","Castilla-La Mancha","-5.385810460901090","1"
"Cabanillas del Campo","Guadalajara","Castilla-La Mancha","12.465599836917701","1"
"Valdeganga","Albacete","Castilla-La Mancha","1.141078838174270","1"
"Torrefeta i Florejacs","Lleida","Cataluña-Catalunya","1.830282861896840","1"
"Triacastela","Lugo","Galicia","-13.730929264909799","1"
"Treviana","La Rioja","La Rioja","-21.666666666666700","1"
"Montcada i Reixac","Barcelona","Cataluña-Catalunya","7.259987207071000","1"
"Porto","Zamora","Castilla y León","-15.346534653465302","1"
"Bellpuig","Lleida","Cataluña-Catalunya","3.914447134786120","1"
"Proaza","Asturias","Principado de Asturias","-9.796437659033080","1"
"Santa Colomba de Curueño","León","Castilla y León","-7.635009310986970","1"
"Almaluez","Soria","Castilla y León","-27.325581395348799","1"
"O Corgo","Lugo","Galicia","-8.092016238159681","1"
"Rivilla de Barajas","Ávila","Castilla y León","-10.144927536231901","1"
"Alonsotegi","Bizkaia","País Vasco-Euskadi","3.763629968343301","1"
"Letur","Albacete","Castilla-La Mancha","-8.742632612966601","1"
"Pollença","Illes Balears","Illes Balears","7.403033316757830","1"
"Barruecopardo","Salamanca","Castilla y León","-18.039215686274503","1"
"La Mojonera","Almería","Andalucía","-2.390748359835430","1"
"Navares de Enmedio","Segovia","Castilla y León","-9.000000000000000","1"
"Barchín del Hoyo","Cuenca","Castilla-La Mancha","-8.000000000000000","1"
"Aldea del Rey","Ciudad Real","Castilla-La Mancha","-15.339074273412301","1"
"Sayatón","Guadalajara","Castilla-La Mancha","-33.684210526315795","1"
"Pedrezuela","Madrid","Comunidad de Madrid","25.024418831803096","1"
"Villabona","Gipuzkoa","País Vasco-Euskadi","-1.052989130434780","1"
"El Vendrell","Tarragona","Cataluña-Catalunya","7.848797625207660","1"
"Ezkurra","Navarra","Comunidad Foral de Navarra","-6.578947368421050","1"
"Sa Pobla","Illes Balears","Illes Balears","11.448579746636200","1"
"Llubí","Illes Balears","Illes Balears","10.018050541516201","1"
"Fuentepelayo","Segovia","Castilla y León","-17.289220917822799","1"
"Villarroya del Campo","Zaragoza","Aragón","-14.457831325301202","1"
"Anaya de Alba","Salamanca","Castilla y León","-11.792452830188701","1"
"Melgar de Fernamental","Burgos","Castilla y León","-14.469994391475000","1"
"San Andrés y Sauces","Santa Cruz de Tenerife","Canarias","-3.631795340338050","1"
"Fuente el Sol","Valladolid","Castilla y León","-23.195876288659797","1"
"Sant Antoni de Portmany","Illes Balears","Illes Balears","20.882743268119402","1"
"Alberite de San Juan","Zaragoza","Aragón","-4.651162790697680","1"
"Navianos de Valverde","Zamora","Castilla y León","-18.627450980392201","1"
"Puebla de Sanabria","Zamora","Castilla y León","-9.652002626395269","1"
"Villafuerte","Valladolid","Castilla y León","-17.924528301886802","1"
"Villar del Humo","Cuenca","Castilla-La Mancha","-26.190476190476200","1"
"Villamanín","León","Castilla y León","-15.099715099715100","1"
"Carrascal del Río","Segovia","Castilla y León","-15.432098765432100","1"
"Matilla de los Caños del Río","Salamanca","Castilla y León","-1.721439749608760","1"
"Sant Fost de Campsentelles","Barcelona","Cataluña-Catalunya","6.127394414955000","1"
"Alcolea","Almería","Andalucía","-6.736353077816490","1"
"Sieteiglesias de Tormes","Salamanca","Castilla y León","-14.634146341463401","1"
"Utrera","Sevilla","Andalucía","-1.371169212578900","1"
"Cudillero","Asturias","Principado de Asturias","-8.567703482957720","1"
"Fuentelapeña","Zamora","Castilla y León","-19.622641509433997","1"
"Gallipienzo/Galipentzu","Navarra","Comunidad Foral de Navarra","-16.521739130434799","1"
"La Galera","Tarragona","Cataluña-Catalunya","-10.625000000000000","1"
"Urrea de Jalón","Zaragoza","Aragón","10.050251256281401","1"
"Robleda-Cervantes","Zamora","Castilla y León","-5.466970387243740","1"
"Torrecilla de la Abadesa","Valladolid","Castilla y León","-17.049180327868896","1"
"Carcedo de Burgos","Burgos","Castilla y León","28.421052631578899","1"
"Palol de Revardit","Girona","Cataluña-Catalunya","-1.054852320675110","1"
"Os Blancos","Ourense","Galicia","-19.096045197740100","1"
"Arratzu","Bizkaia","País Vasco-Euskadi","7.035175879396991","1"
"Trigueros del Valle","Valladolid","Castilla y León","2.875399361022360","1"
"Limpias","Cantabria","Cantabria","7.512248230811110","1"
"Castillo de Garcimuñoz","Cuenca","Castilla-La Mancha","-19.631901840490801","1"
"Mambrillas de Lara","Burgos","Castilla y León","10.000000000000000","1"
"Úrbel del Castillo","Burgos","Castilla y León","-25.301204819277100","1"
"Brión","A Coruña","Galicia","8.325575209469349","1"
"Brieva","Segovia","Castilla y León","10.975609756097601","1"
"Comillas","Cantabria","Cantabria","-7.974137931034480","1"
"Altsasu/Alsasua","Navarra","Comunidad Foral de Navarra","-0.289017341040462","1"
"Duesaigües","Tarragona","Cataluña-Catalunya","-5.857740585774061","1"
"Rivas-Vaciamadrid","Madrid","Comunidad de Madrid","24.591528645800999","1"
"Olaberria","Gipuzkoa","País Vasco-Euskadi","-4.075235109717870","1"
"Abegondo","A Coruña","Galicia","-0.017905102954342","1"
"Burela","Lugo","Galicia","-2.132505175983440","1"
"La Rinconada","Sevilla","Andalucía","5.631098603403380","1"
"Lastras de Cuéllar","Segovia","Castilla y León","-22.439024390243897","1"
"Sant Hilari Sacalm","Girona","Cataluña-Catalunya","4.083788065481430","1"
"Oliana","Lleida","Cataluña-Catalunya","-0.320855614973262","1"
"Tui","Pontevedra","Galicia","2.623785832741060","1"
"Nombela","Toledo","Castilla-La Mancha","-8.012170385395541","1"
"Tíjola","Almería","Andalucía","-6.832627118644071","1"
"Villageriz","Zamora","Castilla y León","36.170212765957494","1"
"Los Alcázares","Murcia","Región de Murcia","18.195106450587900","1"
"A Capela","A Coruña","Galicia","-12.610619469026499","1"
"Oropesa","Toledo","Castilla-La Mancha","-7.735982966643010","1"
"Montejo de Tiermes","Soria","Castilla y León","-17.777777777777800","1"
"Tobarra","Albacete","Castilla-La Mancha","-3.108359133126930","1"
"Vilanova del Camí","Barcelona","Cataluña-Catalunya","2.015032784263550","1"
"Villasayas","Soria","Castilla y León","-18.750000000000000","1"
"Pelarrodríguez","Salamanca","Castilla y León","-6.896551724137930","1"
"Rajadell","Barcelona","Cataluña-Catalunya","8.143939393939391","1"
"Vezdemarbán","Zamora","Castilla y León","-5.934065934065930","1"
"Blancas","Teruel","Aragón","-11.184210526315800","1"
"Terque","Almería","Andalucía","-9.090909090909092","1"
"Lloret de Mar","Girona","Cataluña-Catalunya","7.598902236951120","1"
"Villamesías","Cáceres","Extremadura","-15.076923076923100","1"
"Mañón","A Coruña","Galicia","-14.501718213058400","1"
"Fuentes de Ebro","Zaragoza","Aragón","-0.366142580228301","1"
"Los Barrios de Luna","León","Castilla y León","-8.814589665653500","1"
"Castroverde","Lugo","Galicia","-9.741409847679771","1"
"Prats de Lluçanès","Barcelona","Cataluña-Catalunya","2.172256097560970","1"
"Rosselló","Lleida","Cataluña-Catalunya","10.195299569678902","1"
"Orozko","Bizkaia","País Vasco-Euskadi","1.685823754789270","1"
"Baleira","Lugo","Galicia","-17.169540229885097","1"
"Puerto Seguro","Salamanca","Castilla y León","0.000000000000000","1"
"Fuentesecas","Zamora","Castilla y León","-26.153846153846199","1"
"Savallà del Comtat","Tarragona","Cataluña-Catalunya","-18.461538461538503","1"
"La Pobla de Mafumet","Tarragona","Cataluña-Catalunya","19.181286549707604","1"
"Villasbuenas de Gata","Cáceres","Extremadura","-2.295918367346940","1"
"Nieva de Cameros","La Rioja","La Rioja","-2.247191011235960","1"
"Guillena","Sevilla","Andalucía","9.772143774069319","1"
"Usurbil","Gipuzkoa","País Vasco-Euskadi","2.869649805447470","1"
"Muñomer del Peco","Ávila","Castilla y León","-16.417910447761198","1"
"Henarejos","Cuenca","Castilla-La Mancha","-24.293785310734503","1"
"Bigues i Riells del Fai","Barcelona","Cataluña-Catalunya","12.367291619607000","1"
"Villalbilla","Madrid","Comunidad de Madrid","41.179926149714710","1"
"Arano","Navarra","Comunidad Foral de Navarra","-0.900900900900901","1"
"Arnuero","Cantabria","Cantabria","7.024205030849550","1"
"Las Cabezas de San Juan","Sevilla","Andalucía","-0.882388492687054","1"
"Padiernos","Ávila","Castilla y León","-4.827586206896550","1"
"Pedrosa del Rey","Valladolid","Castilla y León","-25.742574257425701","1"
"Encinas de Abajo","Salamanca","Castilla y León","-1.435406698564590","1"
"Herradón de Pinares","Ávila","Castilla y León","-11.131386861313899","1"
"Aldeanueva de Figueroa","Salamanca","Castilla y León","-11.188811188811201","1"
"Cantillana","Sevilla","Andalucía","-0.553403431101273","1"
"Teverga","Asturias","Principado de Asturias","-13.392363032650799","1"
"Betanzos","A Coruña","Galicia","-2.022168963451170","1"
"Saelices el Chico","Salamanca","Castilla y León","4.848484848484850","1"
"Amezketa","Gipuzkoa","País Vasco-Euskadi","-3.202479338842970","1"
"Bretó","Zamora","Castilla y León","-3.260869565217390","1"
"Contreras","Burgos","Castilla y León","10.975609756097601","1"
"Urraul Bajo","Navarra","Comunidad Foral de Navarra","12.413793103448301","1"
"Coca de Alba","Salamanca","Castilla y León","-0.970873786407767","1"
"Beasain","Gipuzkoa","País Vasco-Euskadi","1.143932812047490","1"
"El Grado","Huesca","Aragón","-10.114942528735600","1"
"Cantoria","Almería","Andalucía","-1.216477743986730","1"
"Arguisuelas","Cuenca","Castilla-La Mancha","5.555555555555561","1"
"Martín Muñoz de la Dehesa","Segovia","Castilla y León","44.090909090909093","1"
"Donjimeno","Ávila","Castilla y León","-13.636363636363601","1"
"Biescas","Huesca","Aragón","4.364820846905540","1"
"La Seu d'Urgell","Lleida","Cataluña-Catalunya","1.633511240498140","1"
"Carpio","Valladolid","Castilla y León","-11.516853932584301","1"
"Las Ventas con Peña Aguilera","Toledo","Castilla-La Mancha","-4.205214465937760","1"
"Gálvez","Toledo","Castilla-La Mancha","-5.478589420654911","1"
"El Perdigón","Zamora","Castilla y León","-12.204724409448799","1"
"Gimialcón","Ávila","Castilla y León","-13.953488372093000","1"
"Melón","Ourense","Galicia","-16.194029850746297","1"
"Mataró","Barcelona","Cataluña-Catalunya","4.497907949790799","1"
"Bossòst","Lleida","Cataluña-Catalunya","-0.263157894736842","1"
"Sant Just Desvern","Barcelona","Cataluña-Catalunya","24.852034901458300","1"
"Trabazos","Zamora","Castilla y León","-12.703252032520302","1"
"Pozos de Hinojo","Salamanca","Castilla y León","1.886792452830190","1"
"Escalona del Prado","Segovia","Castilla y León","-15.780141843971601","1"
"La Recueja","Albacete","Castilla-La Mancha","-20.503597122302196","1"
"Borrenes","León","Castilla y León","-17.391304347826100","1"
"Aranguren","Navarra","Comunidad Foral de Navarra","39.356490759296399","1"
"Manlleu","Barcelona","Cataluña-Catalunya","4.403570195769021","1"
"Soto de la Vega","León","Castilla y León","-10.205314009661800","1"
"Huércal-Overa","Almería","Andalucía","11.162512245564400","1"
"Consuegra","Toledo","Castilla-La Mancha","-6.761125903385319","1"
"Els Hostalets de Pierola","Barcelona","Cataluña-Catalunya","8.361658735554048","1"
"Freginals","Tarragona","Cataluña-Catalunya","1.481481481481480","1"
"Castellanos de Zapardiel","Ávila","Castilla y León","37.755102040816297","1"
"San Martín del Río","Teruel","Aragón","-24.581005586592198","1"
"Villarta de San Juan","Ciudad Real","Castilla-La Mancha","-9.666666666666670","1"
"Paracuellos de la Ribera","Zaragoza","Aragón","-34.285714285714299","1"
"Sant Josep de sa Talaia","Illes Balears","Illes Balears","16.339405409668000","1"
"Préjano","La Rioja","La Rioja","-18.532818532818499","1"
"Tomiño","Pontevedra","Galicia","0.941124972641716","1"
"Aldearrubia","Salamanca","Castilla y León","4.048582995951420","1"
"Arrigorriaga","Bizkaia","País Vasco-Euskadi","-3.394213673832230","1"
"Fuensanta","Albacete","Castilla-La Mancha","-16.231884057971001","1"
"Sabadell","Barcelona","Cataluña-Catalunya","5.233219567690560","1"
"Quintanilla de Arriba","Valladolid","Castilla y León","3.896103896103900","1"
"Argoños","Cantabria","Cantabria","9.090909090909092","1"
"Graja de Campalbo","Cuenca","Castilla-La Mancha","-9.183673469387760","1"
"Villarejo de Montalbán","Toledo","Castilla-La Mancha","-9.210526315789471","1"
"Las Torres de Cotillas","Murcia","Región de Murcia","3.639506634273970","1"
"Cubillas de Rueda","León","Castilla y León","-17.263157894736800","1"
"Ormaiztegi","Gipuzkoa","País Vasco-Euskadi","-5.900383141762450","1"
"Gáldar","Las Palmas","Canarias","1.937296046924700","1"
"Les Valls de Valira","Lleida","Cataluña-Catalunya","-6.713780918727920","1"
"Ramales de la Victoria","Cantabria","Cantabria","7.340425531914890","1"
"Topas","Salamanca","Castilla y León","-9.219858156028367","1"
"Husillos","Palencia","Castilla y León","34.246575342465803","1"
"Villarejo de Salvanés","Madrid","Comunidad de Madrid","6.095055471853170","1"
"Mañeru","Navarra","Comunidad Foral de Navarra","2.064220183486240","1"
"Móra d'Ebre","Tarragona","Cataluña-Catalunya","1.272857655073500","1"
"Villadiego","Burgos","Castilla y León","-9.438618136952499","1"
"Sant Vicenç dels Horts","Barcelona","Cataluña-Catalunya","1.078176707113120","1"
"Navalagamella","Madrid","Comunidad de Madrid","20.973630831643000","1"
"Bustillo del Oro","Zamora","Castilla y León","-6.666666666666670","1"
"Balazote","Albacete","Castilla-La Mancha","-0.372362432767894","1"
"Taramundi","Asturias","Principado de Asturias","-18.413597733711001","1"
"Azaila","Teruel","Aragón","-17.647058823529399","1"
"Pomer","Zaragoza","Aragón","-23.529411764705898","1"
"Viandar de la Vera","Cáceres","Extremadura","-17.279411764705898","1"
"Ivars d'Urgell","Lleida","Cataluña-Catalunya","0.000000000000000","1"
"Deleitosa","Cáceres","Extremadura","-11.269430051813497","1"
"Maderuelo","Segovia","Castilla y León","0.000000000000000","1"
"Villanueva de Azoague","Zamora","Castilla y León","13.580246913580201","1"
"El Prat de Llobregat","Barcelona","Cataluña-Catalunya","4.215315114688380","1"
"Argujillo","Zamora","Castilla y León","-25.694444444444404","1"
"Turégano","Segovia","Castilla y León","-4.924242424242419","1"
"Belorado","Burgos","Castilla y León","-10.547263681592000","1"
"Motilleja","Albacete","Castilla-La Mancha","17.406749555950299","1"
"Torres de Berrellén","Zaragoza","Aragón","0.402144772117962","1"
"Mos","Pontevedra","Galicia","-1.618376403027930","1"
"Carrascalejo","Cáceres","Extremadura","-15.750915750915798","1"
"Villeguillo","Segovia","Castilla y León","4.237288135593220","1"
"Gavet de la Conca","Lleida","Cataluña-Catalunya","-15.181518151815201","1"
"San Martín de Unx","Navarra","Comunidad Foral de Navarra","-8.937198067632851","1"
"Negrilla de Palencia","Salamanca","Castilla y León","-29.203539823008800","1"
"Lapoblación","Navarra","Comunidad Foral de Navarra","-14.893617021276599","1"
"Vega de San Mateo","Las Palmas","Canarias","1.091192517537020","1"
"Vallirana","Barcelona","Cataluña-Catalunya","8.287708732548587","1"
"Portomarín","Lugo","Galicia","-17.179802955665000","1"
"Rialp","Lleida","Cataluña-Catalunya","0.299850074962519","1"
"Mediona","Barcelona","Cataluña-Catalunya","13.717005625270399","1"
"Malaguilla","Guadalajara","Castilla-La Mancha","36.879432624113491","1"
"Alba de Cerrato","Palencia","Castilla y León","-5.747126436781610","1"
"Aras","Navarra","Comunidad Foral de Navarra","-19.565217391304298","1"
"Santa Cecília de Voltregà","Barcelona","Cataluña-Catalunya","6.358381502890170","1"
"Oia","Pontevedra","Galicia","2.038132807363580","1"
"Casavieja","Ávila","Castilla y León","-8.203125000000000","1"
"Santa Clara de Avedillo","Zamora","Castilla y León","-9.625668449197860","1"
"Paracuellos de Jiloca","Zaragoza","Aragón","2.816901408450700","1"
"Cospeito","Lugo","Galicia","-12.980376124284499","1"
"Bunyola","Illes Balears","Illes Balears","9.366556589612731","1"
"Fiñana","Almería","Andalucía","-9.541117673784640","1"
"Castelnou","Teruel","Aragón","-22.857142857142897","1"
"Campo Lameiro","Pontevedra","Galicia","-12.181447502548400","1"
"Doneztebe/Santesteban","Navarra","Comunidad Foral de Navarra","13.017031630170299","1"
"Valle de Mena","Burgos","Castilla y León","6.224066390041490","1"
"Siurana","Girona","Cataluña-Catalunya","24.000000000000000","1"
"Imotz","Navarra","Comunidad Foral de Navarra","-2.995391705069120","1"
"Ribadeo","Lugo","Galicia","-1.818181818181820","1"
"Castromocho","Palencia","Castilla y León","-17.213114754098399","1"
"El Burgo Ranero","León","Castilla y León","-12.323491655969200","1"
"Villalba de los Alcores","Valladolid","Castilla y León","-5.596107055961069","1"
"La Puebla de Alfindén","Zaragoza","Aragón","9.379263301500682","1"
"Buenavista","Salamanca","Castilla y León","49.200000000000003","1"
"Ibargoiti","Navarra","Comunidad Foral de Navarra","13.709677419354799","1"
"Villanueva de los Infantes","Ciudad Real","Castilla-La Mancha","-13.150236449618001","1"
"Villaobispo de Otero","León","Castilla y León","-16.088328075709800","1"
"Tudanca","Cantabria","Cantabria","4.729729729729730","1"
"Salorino","Cáceres","Extremadura","-16.199376947040502","1"
"Vegaquemada","León","Castilla y León","-3.744493392070480","1"
"Alfarràs","Lleida","Cataluña-Catalunya","-7.326007326007330","1"
"Talaveruela de la Vera","Cáceres","Extremadura","-13.714285714285701","1"
"Sant Joan de Labritja","Illes Balears","Illes Balears","20.642201834862398","1"
"Ledesma","Salamanca","Castilla y León","-14.261838440111401","1"
"Torregrossa","Lleida","Cataluña-Catalunya","-2.192393736017900","1"
"Castellterçol","Barcelona","Cataluña-Catalunya","13.958333333333300","1"
"Martín de Yeltes","Salamanca","Castilla y León","-9.977324263038550","1"
"Juzbado","Salamanca","Castilla y León","14.545454545454501","1"
"Totanés","Toledo","Castilla-La Mancha","-11.616161616161600","1"
"Aracena","Huelva","Andalucía","6.120371548543071","1"
"O Pereiro de Aguiar","Ourense","Galicia","4.677165354330710","1"
"Villarrasa","Huelva","Andalucía","-0.046533271288972","1"
"Sant Esteve de la Sarga","Lleida","Cataluña-Catalunya","-2.272727272727270","1"
"Aberin","Navarra","Comunidad Foral de Navarra","-3.664921465968590","1"
"Almonaster la Real","Huelva","Andalucía","-3.757380568974770","1"
"Aguilón","Zaragoza","Aragón","3.076923076923080","1"
"Medina de Rioseco","Valladolid","Castilla y León","-8.622095393395840","1"
"Sant Quirze de Besora","Barcelona","Cataluña-Catalunya","-1.536312849162010","1"
"Pozuelo del Páramo","León","Castilla y León","-17.849898580121696","1"
"El Redal","La Rioja","La Rioja","2.068965517241380","1"
"Peñaranda de Bracamonte","Salamanca","Castilla y León","-8.887889688249400","1"
"Yémeda","Cuenca","Castilla-La Mancha","-29.629629629629601","1"
"Castrojeriz","Burgos","Castilla y León","-10.550996483001201","1"
"Andosilla","Navarra","Comunidad Foral de Navarra","3.706369197553080","1"
"Puerto Lápice","Ciudad Real","Castilla-La Mancha","-11.256281407035200","1"
"Vilanova de la Barca","Lleida","Cataluña-Catalunya","-2.678571428571430","1"
"Castromembibre","Valladolid","Castilla y León","-21.538461538461501","1"
"Ujué/Uxue","Navarra","Comunidad Foral de Navarra","-13.636363636363601","1"
"Ribes de Freser","Girona","Cataluña-Catalunya","-1.075847229693380","1"
"Lubrín","Almería","Andalucía","-11.512134411947700","1"
"Felanitx","Illes Balears","Illes Balears","7.524145509224450","1"
"Santa Llogaia d'Àlguema","Girona","Cataluña-Catalunya","12.023460410557201","1"
"Bonilla de la Sierra","Ávila","Castilla y León","45.161290322580598","1"
"Borjabad","Soria","Castilla y León","-21.052631578947405","1"
"Calella","Barcelona","Cataluña-Catalunya","8.494018681378710","1"
"Lazkao","Gipuzkoa","País Vasco-Euskadi","10.027447392497701","1"
"San Vicente de la Barquera","Cantabria","Cantabria","-6.397774687065371","1"
"Pino del Oro","Zamora","Castilla y León","-6.806282722513090","1"
"Candamo","Asturias","Principado de Asturias","-8.349146110056930","1"
"La Solana","Ciudad Real","Castilla-La Mancha","-4.986909362922331","1"
"Almodóvar del Pinar","Cuenca","Castilla-La Mancha","-12.527472527472499","1"
"Cetina","Zaragoza","Aragón","-15.315315315315301","1"
"Fortuna","Murcia","Región de Murcia","14.206300185299602","1"
"Pescueza","Cáceres","Extremadura","-17.469879518072297","1"
"Villardondiego","Zamora","Castilla y León","33.980582524271803","1"
"Meira","Lugo","Galicia","1.270941652224150","1"
"Pobladura del Valle","Zamora","Castilla y León","-11.783439490445902","1"
"Nuévalos","Zaragoza","Aragón","-4.518072289156630","1"
"Espinosa de Villagonzalo","Palencia","Castilla y León","-21.226415094339604","1"
"Fayón","Zaragoza","Aragón","21.264367816092001","1"
"Monegrillo","Zaragoza","Aragón","-12.727272727272700","1"
"Vegas de Matute","Segovia","Castilla y León","14.236111111111100","1"
"Moraleja","Cáceres","Extremadura","-6.886312217194571","1"
"Castelldans","Lleida","Cataluña-Catalunya","-8.504098360655741","1"
"Sarreaus","Ourense","Galicia","-16.603198781416602","1"
"Sant Sadurní d'Anoia","Barcelona","Cataluña-Catalunya","2.819698173153300","1"
"Auñón","Guadalajara","Castilla-La Mancha","-17.514124293785297","1"
"L'Aldea","Tarragona","Cataluña-Catalunya","1.576782449725780","1"
"Arenas de San Pedro","Ávila","Castilla y León","-4.293751850755110","1"
"Ochánduri","La Rioja","La Rioja","-8.421052631578950","1"
"Orgaz","Toledo","Castilla-La Mancha","-4.657132379904660","1"
"Cornago","La Rioja","La Rioja","-16.939890710382500","1"
"Orbaizeta","Navarra","Comunidad Foral de Navarra","-8.173076923076920","1"
"Zarratón","La Rioja","La Rioja","-5.818181818181820","1"
"Derio","Bizkaia","País Vasco-Euskadi","19.040404040404002","1"
"Aguilar de Segarra","Barcelona","Cataluña-Catalunya","17.131474103585699","1"
"Herreruela de Oropesa","Toledo","Castilla-La Mancha","-16.578947368421101","1"
"Llanars","Girona","Cataluña-Catalunya","5.304518664047150","1"
"Cebrones del Río","León","Castilla y León","-18.233082706766901","1"
"Juià","Girona","Cataluña-Catalunya","-1.470588235294120","1"
"Val do Dubra","A Coruña","Galicia","-8.713592233009710","1"
"Galende","Zamora","Castilla y León","-16.302521008403399","1"
"Santa Cruz de Bezana","Cantabria","Cantabria","9.512000000000000","1"
"Pueblonuevo de Miramontes","Cáceres","Extremadura","0.000000000000000","1"
"Cabra del Camp","Tarragona","Cataluña-Catalunya","14.977578475336299","1"
"Soto de Cerrato","Palencia","Castilla y León","-10.256410256410300","1"
"Ulea","Murcia","Región de Murcia","-4.166666666666670","1"
"Les","Lleida","Cataluña-Catalunya","2.685950413223140","1"
"Valle de Trápaga-Trapagaran","Bizkaia","País Vasco-Euskadi","-1.797345205705330","1"
"Montesquiu","Barcelona","Cataluña-Catalunya","24.022346368715098","1"
"Villameriel","Palencia","Castilla y León","-14.615384615384601","1"
"Serradilla del Arroyo","Salamanca","Castilla y León","-16.216216216216196","1"
"Penagos","Cantabria","Cantabria","12.368552829243900","1"
"Baños de Río Tobía","La Rioja","La Rioja","-2.070645554202190","1"
"Erandio","Bizkaia","País Vasco-Euskadi","0.411336432067788","1"
"Alfajarín","Zaragoza","Aragón","8.400000000000000","1"
"Valderrey","León","Castilla y León","-8.405172413793100","1"
"Bargas","Toledo","Castilla-La Mancha","9.758048390321939","1"
"Riba-roja d'Ebre","Tarragona","Cataluña-Catalunya","-3.765690376569040","1"
"Soto del Barco","Asturias","Principado de Asturias","-4.835493519441680","1"
"Mansilla de las Mulas","León","Castilla y León","-11.027434104357202","1"
"Villar de Plasencia","Cáceres","Extremadura","-2.127659574468090","1"
"Campos del Río","Murcia","Región de Murcia","2.047619047619051","1"
"Ugao-Miraballes","Bizkaia","País Vasco-Euskadi","1.933904528763770","1"
"Coomonte","Zamora","Castilla y León","-9.793814432989690","1"
"Arabayona de Mógica","Salamanca","Castilla y León","-18.382352941176503","1"
"Las Peñas de Riglos","Huesca","Aragón","1.872659176029960","1"
"Uclés","Cuenca","Castilla-La Mancha","10.267857142857098","1"
"Alcalá de Guadaíra","Sevilla","Andalucía","2.880221493468091","1"
"Castil de Vela","Palencia","Castilla y León","-5.000000000000000","1"
"Ribadesella","Asturias","Principado de Asturias","-7.564145284905030","1"
"Gondomar","Pontevedra","Galicia","7.059995729841290","1"
"Brieva de Cameros","La Rioja","La Rioja","-23.214285714285701","1"
"Casas de Haro","Cuenca","Castilla-La Mancha","-1.509872241579560","1"
"Passanant i Belltall","Tarragona","Cataluña-Catalunya","16.883116883116898","1"
"El Rosario","Santa Cruz de Tenerife","Canarias","3.098851635985920","1"
"Las Omañas","León","Castilla y León","-14.900662251655600","1"
"Mejorada del Campo","Madrid","Comunidad de Madrid","6.637965118833191","1"
"Tías","Las Palmas","Canarias","9.029402787669142","1"
"Valle del Retortillo","Palencia","Castilla y León","-10.526315789473699","1"
"La Orbada","Salamanca","Castilla y León","-12.980769230769202","1"
"Becerreá","Lugo","Galicia","-9.993359893758299","1"
"Macael","Almería","Andalucía","-5.910124147578249","1"
"Bot","Tarragona","Cataluña-Catalunya","-11.269841269841299","1"
"Real Sitio de San Ildefonso","Segovia","Castilla y León","-5.142752562225479","1"
"Gata","Cáceres","Extremadura","-15.203955500618001","1"
"Jabugo","Huelva","Andalucía","-4.622030237580990","1"
"Sarroca de Lleida","Lleida","Cataluña-Catalunya","-3.970223325062030","1"
"Torrejón de Velasco","Madrid","Comunidad de Madrid","13.373063170441000","1"
"San Bartolomé","Las Palmas","Canarias","2.734228690673660","1"
"Benavides","León","Castilla y León","-11.215303825956498","1"
"Meruelo","Cantabria","Cantabria","16.631799163179899","1"
"Santa María del Arroyo","Ávila","Castilla y León","-9.821428571428571","1"
"Cistérniga","Valladolid","Castilla y León","5.129379436684220","1"
"Arroyomolinos","Madrid","Comunidad de Madrid","41.767163237960098","1"
"Villardiegua de la Ribera","Zamora","Castilla y León","-15.441176470588202","1"
"Íscar","Valladolid","Castilla y León","-5.271039233303389","1"
"Alsodux","Almería","Andalucía","11.450381679389301","1"
"Eulate","Navarra","Comunidad Foral de Navarra","-12.380952380952399","1"
"Noez","Toledo","Castilla-La Mancha","-0.737618545837724","1"
"Yunquera de Henares","Guadalajara","Castilla-La Mancha","16.706192358366298","1"
"Cernadilla","Zamora","Castilla y León","-23.129251700680300","1"
"Sallent","Barcelona","Cataluña-Catalunya","0.811209439528024","1"
"Torres de Albarracín","Teruel","Aragón","9.770114942528739","1"
"Trefacio","Zamora","Castilla y León","-8.556149732620321","1"
"Caldes d'Estrac","Barcelona","Cataluña-Catalunya","17.713659605551502","1"
"Torrejoncillo del Rey","Cuenca","Castilla-La Mancha","-25.652173913043502","1"
"Carcastillo","Navarra","Comunidad Foral de Navarra","-2.755591054313100","1"
"Fuentesaúco","Zamora","Castilla y León","-8.735632183908049","1"
"Funes","Navarra","Comunidad Foral de Navarra","2.210610932475880","1"
"Ceclavín","Cáceres","Extremadura","-9.044455799693409","1"
"Castellnou de Seana","Lleida","Cataluña-Catalunya","-4.594594594594600","1"
"Badarán","La Rioja","La Rioja","-10.630630630630598","1"
"Torrejón de Ardoz","Madrid","Comunidad de Madrid","8.538123236494901","1"
"Parada de Rubiales","Salamanca","Castilla y León","-13.541666666666700","1"
"San Cibrao das Viñas","Ourense","Galicia","14.139179404666098","1"
"L'Ampolla","Tarragona","Cataluña-Catalunya","3.564242598447830","1"
"Cervera del Llano","Cuenca","Castilla-La Mancha","-12.863070539419100","1"
"Bellcaire d'Empordà","Girona","Cataluña-Catalunya","12.307692307692301","1"
"Montmeló","Barcelona","Cataluña-Catalunya","-0.428748730678100","1"
"Moronta","Salamanca","Castilla y León","-13.953488372093000","1"
"Frechilla de Almazán","Soria","Castilla y León","-23.076923076923098","1"
"Sobrescobio","Asturias","Principado de Asturias","-2.296211251435130","1"
"Palau-saverdera","Girona","Cataluña-Catalunya","4.036186499652050","1"
"Etxebarri","Bizkaia","País Vasco-Euskadi","11.353914822391699","1"
"Ponteareas","Pontevedra","Galicia","0.168721609344581","1"
"Cazurra","Zamora","Castilla y León","-24.468085106383000","1"
"Artzentales","Bizkaia","País Vasco-Euskadi","0.554016620498615","1"
"Taboada","Lugo","Galicia","-14.317961947758800","1"
"Campelles","Girona","Cataluña-Catalunya","24.242424242424196","1"
"Abárzuza/Abartzuza","Navarra","Comunidad Foral de Navarra","-7.553956834532371","1"
"Fuentes de Año","Ávila","Castilla y León","-32.061068702290100","1"
"Urroz","Navarra","Comunidad Foral de Navarra","-1.117318435754190","1"
"Toreno","León","Castilla y León","-16.748060902039601","1"
"Requejo","Zamora","Castilla y León","-23.870967741935498","1"
"Casasimarro","Cuenca","Castilla-La Mancha","-0.566929133858268","1"
"Vilagarcía de Arousa","Pontevedra","Galicia","-0.060988544760288","1"
"Cenicero","La Rioja","La Rioja","0.632911392405063","1"
"La Fregeneda","Salamanca","Castilla y León","-19.270833333333300","1"
"Villaseco de los Gamitos","Salamanca","Castilla y León","-16.666666666666700","1"
"Agaete","Las Palmas","Canarias","-1.555869872701560","1"
"La Llacuna","Barcelona","Cataluña-Catalunya","5.077262693156730","1"
"O Páramo","Lugo","Galicia","-12.061994609164399","1"
"Fuente de Santa Cruz","Segovia","Castilla y León","-16.153846153846199","1"
"Cobos de Cerrato","Palencia","Castilla y León","-13.071895424836599","1"
"Villaviciosa de Odón","Madrid","Comunidad de Madrid","6.833636802794399","1"
"Castrelo de Miño","Ourense","Galicia","-17.469135802469101","1"
"Hontanares de Eresma","Segovia","Castilla y León","28.285256410256402","1"
"Verea","Ourense","Galicia","-8.970727101038721","1"
"Riotorto","Lugo","Galicia","-13.978494623655902","1"
"Lanzahíta","Ávila","Castilla y León","-11.615044247787599","1"
"Cambrils","Tarragona","Cataluña-Catalunya","9.594306477282961","1"
"Bakio","Bizkaia","País Vasco-Euskadi","7.495219885277249","1"
"Castellanos de Castro","Burgos","Castilla y León","0.000000000000000","1"
"Olmos de Ojeda","Palencia","Castilla y León","-16.355140186915897","1"
"Santa Engracia del Jubera","La Rioja","La Rioja","24.528301886792502","1"
"Torresmenudas","Salamanca","Castilla y León","-7.960199004975129","1"
"Autilla del Pino","Palencia","Castilla y León","-12.863070539419100","1"
"Bera","Navarra","Comunidad Foral de Navarra","0.851063829787234","1"
"Los Molares","Sevilla","Andalucía","1.453819840364880","1"
"Torres del Río","Navarra","Comunidad Foral de Navarra","-13.333333333333300","1"
"Tornabous","Lleida","Cataluña-Catalunya","-5.927552140504941","1"
"Talayuelas","Cuenca","Castilla-La Mancha","-8.568443051201671","1"
"Humanes de Madrid","Madrid","Comunidad de Madrid","2.566481137909710","1"
"Santa Margarida de Montbui","Barcelona","Cataluña-Catalunya","8.453479929467900","1"
"Las Ventas de San Julián","Toledo","Castilla-La Mancha","-11.240310077519400","1"
"Calañas","Huelva","Andalucía","-33.909287257019393","1"
"Benuza","León","Castilla y León","-11.650485436893200","1"
"Quero","Toledo","Castilla-La Mancha","-11.615720524017499","1"
"Villamuelas","Toledo","Castilla-La Mancha","-11.416184971098300","1"
"Aldeamayor de San Martín","Valladolid","Castilla y León","23.389899815988500","1"
"Fines","Almería","Andalucía","1.452564684521110","1"
"Bárboles","Zaragoza","Aragón","-8.832807570977920","1"
"San Juan del Olmo","Ávila","Castilla y León","-31.623931623931600","1"
"Viniegra de Abajo","La Rioja","La Rioja","-16.091954022988499","1"
"Sentmenat","Barcelona","Cataluña-Catalunya","9.589358010410638","1"
"Santa María del Páramo","León","Castilla y León","-3.674374406081720","1"
"Pulpí","Almería","Andalucía","31.359495444989502","1"
"Zubieta","Navarra","Comunidad Foral de Navarra","-8.463949843260192","1"
"Palau-solità i Plegamans","Barcelona","Cataluña-Catalunya","4.676906046769060","1"
"Aldeanueva de Santa Cruz","Ávila","Castilla y León","-24.242424242424196","1"
"Les Masies de Roda","Barcelona","Cataluña-Catalunya","1.899592944369060","1"
"Collado Mediano","Madrid","Comunidad de Madrid","10.471976401179900","1"
"Barberà del Vallès","Barcelona","Cataluña-Catalunya","2.371735791090630","1"
"Monreal del Campo","Teruel","Aragón","-5.690440060698030","1"
"Aldealengua de Pedraza","Segovia","Castilla y León","-6.741573033707871","1"
"Torres de Segre","Lleida","Cataluña-Catalunya","-0.695349847892221","1"
"Villafranca","Navarra","Comunidad Foral de Navarra","5.034965034965040","1"
"Saldaña","Palencia","Castilla y León","-7.780247697681800","1"
"Miranda de Arga","Navarra","Comunidad Foral de Navarra","4.441913439635531","1"
"Soraluze-Placencia de las Armas","Gipuzkoa","País Vasco-Euskadi","-6.013530443497870","1"
"Sitges","Barcelona","Cataluña-Catalunya","13.428703276419000","1"
"Cubo de Benavente","Zamora","Castilla y León","-0.833333333333333","1"
"Abertura","Cáceres","Extremadura","-13.532110091743100","1"
"Casas de Juan Núñez","Albacete","Castilla-La Mancha","-1.676384839650150","1"
"Benafarces","Valladolid","Castilla y León","-19.767441860465098","1"
"Villaquejida","León","Castilla y León","-13.304721030042900","1"
"Fuencaliente de la Palma","Santa Cruz de Tenerife","Canarias","5.501432664756450","1"
"Capdepera","Illes Balears","Illes Balears","8.388230127360560","1"
"Valmojado","Toledo","Castilla-La Mancha","11.823839157491600","1"
"Valderrodrigo","Salamanca","Castilla y León","-13.636363636363601","1"
"Santa María del Campo","Burgos","Castilla y León","-17.637540453074401","1"
"Villamayor","Salamanca","Castilla y León","8.615473274744270","1"
"Figueres","Girona","Cataluña-Catalunya","5.358243112402080","1"
"Aduna","Gipuzkoa","País Vasco-Euskadi","7.430997876857750","1"
"San Esteban de Zapardiel","Ávila","Castilla y León","-2.500000000000000","1"
"El Hito","Cuenca","Castilla-La Mancha","-16.666666666666700","1"
"Dima","Bizkaia","País Vasco-Euskadi","5.649717514124291","1"
"Mañaria","Bizkaia","País Vasco-Euskadi","5.128205128205130","1"
"Santa Coloma","La Rioja","La Rioja","-12.500000000000000","1"
"Vilanova de Sau","Barcelona","Cataluña-Catalunya","-1.273885350318470","1"
"Valdeprados","Segovia","Castilla y León","-27.380952380952401","1"
"Alfaraz de Sayago","Zamora","Castilla y León","-21.656050955413999","1"
"Sant Joan Despí","Barcelona","Cataluña-Catalunya","4.811861374730911","1"
"Nuez de Ebro","Zaragoza","Aragón","8.185053380782922","1"
"Población de Arroyo","Palencia","Castilla y León","-29.687500000000000","1"
"Arahal","Sevilla","Andalucía","-0.479959152412561","1"
"Brazatortas","Ciudad Real","Castilla-La Mancha","-2.892960462873670","1"
"Vielha e Mijaran","Lleida","Cataluña-Catalunya","5.316039459261970","1"
"Ateca","Zaragoza","Aragón","-15.948489351163900","1"
"Fabara","Zaragoza","Aragón","-13.484971567831000","1"
"Santa María del Invierno","Burgos","Castilla y León","0.000000000000000","1"
"Pozalmuro","Soria","Castilla y León","-36.842105263157904","1"
"Las Veguillas","Salamanca","Castilla y León","-4.195804195804200","1"
"Ferrol","A Coruña","Galicia","-9.232976743525272","1"
"La Quar","Barcelona","Cataluña-Catalunya","-29.824561403508799","1"
"Valdorros","Burgos","Castilla y León","12.012987012987001","1"
"Quintanar del Rey","Cuenca","Castilla-La Mancha","-2.112219774523780","1"
"Sant Vicenç de Castellet","Barcelona","Cataluña-Catalunya","7.956251340338840","1"
"Borobia","Soria","Castilla y León","-14.444444444444400","1"
"El Robledo","Ciudad Real","Castilla-La Mancha","-15.119999999999999","1"
"Pantoja","Toledo","Castilla-La Mancha","3.709112149532710","1"
"Saucedilla","Cáceres","Extremadura","11.806375442739100","1"
"Castropodame","León","Castilla y León","-9.412435824301202","1"
"Torrecilla en Cameros","La Rioja","La Rioja","-9.958506224066392","1"
"Alcantud","Cuenca","Castilla-La Mancha","-27.397260273972602","1"
"Santillana del Mar","Cantabria","Cantabria","1.143674052894920","1"
"Cangas de Onís","Asturias","Principado de Asturias","-4.731955675351899","1"
"Mont-ral","Tarragona","Cataluña-Catalunya","10.909090909090901","1"
"Fuentelencina","Guadalajara","Castilla-La Mancha","5.537459283387620","1"
"Sant Pere de Torelló","Barcelona","Cataluña-Catalunya","5.418719211822660","1"
"Cabeza del Caballo","Salamanca","Castilla y León","-30.337078651685399","1"
"Archena","Murcia","Región de Murcia","8.292945611200860","1"
"Ponts","Lleida","Cataluña-Catalunya","0.333209922251018","1"
"Ezkio-Itsaso","Gipuzkoa","País Vasco-Euskadi","-0.821018062397373","1"
"Retascón","Zaragoza","Aragón","-5.333333333333330","1"
"Algodre","Zamora","Castilla y León","-14.457831325301202","1"
"Yelo","Soria","Castilla y León","-23.076923076923098","1"
"Villamuriel de Campos","Valladolid","Castilla y León","-5.172413793103449","1"
"Santa Eulalia de Gállego","Zaragoza","Aragón","-25.984251968503902","1"
"Vilaller","Lleida","Cataluña-Catalunya","-10.301953818827700","1"
"O Rosal","Pontevedra","Galicia","-0.371804802478699","1"
"Castañares de Rioja","La Rioja","La Rioja","-17.025862068965502","1"
"Encinas de Esgueva","Valladolid","Castilla y León","-22.545454545454504","1"
"Grado","Asturias","Principado de Asturias","-8.165409225479902","1"
"San Miguel del Pino","Valladolid","Castilla y León","11.708860759493700","1"
"Castrocalbón","León","Castilla y León","-11.904761904761902","1"
"Cirueña","La Rioja","La Rioja","47.761194029850699","1"
"Castro de Rei","Lugo","Galicia","-4.037504783773439","1"
"Barajas de Melo","Cuenca","Castilla-La Mancha","4.870466321243520","1"
"Montemayor de Pililla","Valladolid","Castilla y León","-8.915145005370571","1"
"Valverde del Fresno","Cáceres","Extremadura","-13.723883654240101","1"
"Cariñena","Zaragoza","Aragón","-1.735608909459070","1"
"Muro","Illes Balears","Illes Balears","14.938307873090498","1"
"Ituren","Navarra","Comunidad Foral de Navarra","1.333333333333330","1"
"Ribera d'Urgellet","Lleida","Cataluña-Catalunya","-2.596053997923160","1"
"Abezames","Zamora","Castilla y León","-11.111111111111100","1"
"Sopela","Bizkaia","País Vasco-Euskadi","13.865707066840201","1"
"Velilla","Valladolid","Castilla y León","-1.754385964912280","1"
"Parada de Sil","Ourense","Galicia","-17.981072555204999","1"
"Segura","Gipuzkoa","País Vasco-Euskadi","-1.351351351351350","1"
"Ledaña","Cuenca","Castilla-La Mancha","-5.861868833430060","1"
"Ossa de Montiel","Albacete","Castilla-La Mancha","-12.687747035573098","1"
"A Veiga","Ourense","Galicia","-4.145077720207260","1"
"Pedrosillo de los Aires","Salamanca","Castilla y León","-17.480719794344498","1"
"Berango","Bizkaia","País Vasco-Euskadi","7.638989169675090","1"
"Cariño","A Coruña","Galicia","-11.129450601273300","1"
"Villoruela","Salamanca","Castilla y León","-13.278495887191498","1"
"Fuentidueña","Segovia","Castilla y León","-4.000000000000000","1"
"Corera","La Rioja","La Rioja","2.536231884057970","1"
"Chañe","Segovia","Castilla y León","-22.676991150442500","1"
"Esterri d'Àneu","Lleida","Cataluña-Catalunya","0.923787528868360","1"
"Rodeiro","Pontevedra","Galicia","-17.877906976744200","1"
"Jaraicejo","Cáceres","Extremadura","-16.384180790960400","1"
"Mejorada","Toledo","Castilla-La Mancha","4.090909090909090","1"
"Caso","Asturias","Principado de Asturias","-14.964788732394400","1"
"Ea","Bizkaia","País Vasco-Euskadi","-4.971098265895950","1"
"Vega de Valcarce","León","Castilla y León","-16.517857142857100","1"
"Huerta de Valdecarábanos","Toledo","Castilla-La Mancha","-3.137039075399010","1"
"Santacara","Navarra","Comunidad Foral de Navarra","-3.575418994413410","1"
"La Aldehuela","Ávila","Castilla y León","-16.384180790960400","1"
"Andratx","Illes Balears","Illes Balears","9.503979270775499","1"
"Buendía","Cuenca","Castilla-La Mancha","-4.566210045662101","1"
"Òdena","Barcelona","Cataluña-Catalunya","2.649006622516560","1"
"Sunbilla","Navarra","Comunidad Foral de Navarra","3.384615384615389","1"
"San Sebastián de la Gomera","Santa Cruz de Tenerife","Canarias","9.610059990770649","1"
"Villarmuerto","Salamanca","Castilla y León","-4.878048780487810","1"
"Pétrola","Albacete","Castilla-La Mancha","-10.080645161290301","1"
"La Selva del Camp","Tarragona","Cataluña-Catalunya","2.465166130760990","1"
"Alcaraz","Albacete","Castilla-La Mancha","-14.938030006523203","1"
"Villamayor de Gállego","Zaragoza","Aragón","1.631205673758860","1"
"Portezuelo","Cáceres","Extremadura","-12.550607287449399","1"
"Alía","Cáceres","Extremadura","-19.337606837606799","1"
"Brabos","Ávila","Castilla y León","-20.408163265306101","1"
"Hermandad de Campoo de Suso","Cantabria","Cantabria","-5.868405453467690","1"
"Yeles","Toledo","Castilla-La Mancha","20.884713251125497","1"
"Nava de Béjar","Salamanca","Castilla y León","-27.619047619047599","1"
"Requena de Campos","Palencia","Castilla y León","50.000000000000000","1"
"Mascaraque","Toledo","Castilla-La Mancha","-13.131313131313098","1"
"Güímar","Santa Cruz de Tenerife","Canarias","14.852541197802799","1"
"Caltojar","Soria","Castilla y León","-23.529411764705898","1"
"Valle Gran Rey","Santa Cruz de Tenerife","Canarias","12.867734991628799","1"
"Elduain","Gipuzkoa","País Vasco-Euskadi","-0.836820083682008","1"
"Oiz","Navarra","Comunidad Foral de Navarra","-5.000000000000000","1"
"Roales","Zamora","Castilla y León","21.980676328502401","1"
"Cabacés","Tarragona","Cataluña-Catalunya","-6.748466257668709","1"
"Tubilla del Lago","Burgos","Castilla y León","6.369426751592360","1"
"Doñinos de Salamanca","Salamanca","Castilla y León","19.727891156462597","1"
"Cardenete","Cuenca","Castilla-La Mancha","-14.748201438848900","1"
"Avión","Ourense","Galicia","-14.564052605942500","1"
"Urroz-Villa","Navarra","Comunidad Foral de Navarra","5.025125628140700","1"
"Piélagos","Cantabria","Cantabria","10.858785782740901","1"
"Castroverde de Cerrato","Valladolid","Castilla y León","-12.946428571428601","1"
"El Fresno","Ávila","Castilla y León","0.506756756756757","1"
"Binissalem","Illes Balears","Illes Balears","15.574596774193500","1"
"Mollerussa","Lleida","Cataluña-Catalunya","0.494553231303883","1"
"Riolobos","Cáceres","Extremadura","-9.160305343511448","1"
"Corral-Rubio","Albacete","Castilla-La Mancha","-17.260273972602700","1"
"Villalba de Guardo","Palencia","Castilla y León","1.507537688442210","1"
"Páramo de Boedo","Palencia","Castilla y León","38.157894736842103","1"
"Hondarribia","Gipuzkoa","País Vasco-Euskadi","-0.041434828933349","1"
"Miguelturra","Ciudad Real","Castilla-La Mancha","5.358455268256829","1"
"Tarrés","Lleida","Cataluña-Catalunya","11.428571428571399","1"
"Viana de Duero","Soria","Castilla y León","-13.793103448275902","1"
"Castrillo de Villavega","Palencia","Castilla y León","-12.121212121212098","1"
"Pinarejo","Cuenca","Castilla-La Mancha","-20.502092050209196","1"
"Villabáñez","Valladolid","Castilla y León","-10.954063604240302","1"
"Igea","La Rioja","La Rioja","0.621118012422360","1"
"Corvera de Toranzo","Cantabria","Cantabria","-1.178689297501180","1"
"Santa Bárbara de Casa","Huelva","Andalucía","0.823421774931381","1"
"Aldea del Fresno","Madrid","Comunidad de Madrid","34.810126582278492","1"
"Valls","Tarragona","Cataluña-Catalunya","1.807081807081810","1"
"Forallac","Girona","Cataluña-Catalunya","1.330248698669750","1"
"Talavera","Lleida","Cataluña-Catalunya","3.745318352059920","1"
"Espinosa de Cervera","Burgos","Castilla y León","-18.811881188118800","1"
"Madrigueras","Albacete","Castilla-La Mancha","-1.350495885207850","1"
"Huelves","Cuenca","Castilla-La Mancha","39.062500000000000","1"
"El Bohodón","Ávila","Castilla y León","-16.406250000000000","1"
"Fréscano","Zaragoza","Aragón","-3.381642512077300","1"
"Escurial","Cáceres","Extremadura","9.517766497461931","1"
"Talaván","Cáceres","Extremadura","-15.560391730141498","1"
"A Laracha","A Coruña","Galicia","0.873896705409421","1"
"Brazuelo","León","Castilla y León","3.858520900321540","1"
"Grajal de Campos","León","Castilla y León","-9.053497942386830","1"
"Nava de la Asunción","Segovia","Castilla y León","-6.392383543012580","1"
"La Antigua","León","Castilla y León","-23.023255813953501","1"
"Llimiana","Lleida","Cataluña-Catalunya","-16.352201257861601","1"
"Tordera","Barcelona","Cataluña-Catalunya","12.627714897522202","1"
"Pedralba de la Pradería","Zamora","Castilla y León","-30.847457627118601","1"
"Sant Pere de Ribes","Barcelona","Cataluña-Catalunya","8.340434234295651","1"
"Abrera","Barcelona","Cataluña-Catalunya","5.962886597938140","1"
"Miguel Esteban","Toledo","Castilla-La Mancha","-8.849895098226209","1"
"Duruelo de la Sierra","Soria","Castilla y León","-14.285714285714301","1"
"Sils","Girona","Cataluña-Catalunya","13.211416851820200","1"
"Vilarmaior","A Coruña","Galicia","-0.161812297734628","1"
"Camargo","Cantabria","Cantabria","-2.122101460960430","1"
"Sant Miquel de Fluvià","Girona","Cataluña-Catalunya","4.385964912280700","1"
"Villaciervos","Soria","Castilla y León","-22.222222222222200","1"
"Torrelobatón","Valladolid","Castilla y León","-19.077568134171898","1"
"Banyoles","Girona","Cataluña-Catalunya","6.012510985886371","1"
"Sotillo de la Adrada","Ávila","Castilla y León","3.506907545164720","1"
"La Torre de Claramunt","Barcelona","Cataluña-Catalunya","5.210788164440951","1"
"Alfoz de Quintanadueñas","Burgos","Castilla y León","9.273182957393479","1"
"Almenar","Lleida","Cataluña-Catalunya","-4.736396955173389","1"
"Santa María de Guía de Gran Canaria","Las Palmas","Canarias","-0.143184421534937","1"
"Villalón de Campos","Valladolid","Castilla y León","-11.944604731679201","1"
"Ribeira","A Coruña","Galicia","-1.940867041538180","1"
"Escalona","Toledo","Castilla-La Mancha","9.555091071961780","1"
"Miajadas","Cáceres","Extremadura","-6.522173391929680","1"
"Campillo de Deleitosa","Cáceres","Extremadura","53.703703703703702","1"
"Berlanga de Duero","Soria","Castilla y León","-13.326551373346900","1"
"Celanova","Ourense","Galicia","1.674087266251110","1"
"Hinojosa del Campo","Soria","Castilla y León","-21.212121212121197","1"
"Valverde del Camino","Huelva","Andalucía","-0.667189952904239","1"
"Olèrdola","Barcelona","Cataluña-Catalunya","10.868957809444000","1"
"Boquiñeni","Zaragoza","Aragón","-12.946428571428601","1"
"Trasmoz","Zaragoza","Aragón","10.666666666666700","1"
"Cantalojas","Guadalajara","Castilla-La Mancha","-21.739130434782599","1"
"Santa Eulària des Riu","Illes Balears","Illes Balears","13.924120589129299","1"
"Hernansancho","Ávila","Castilla y León","-20.540540540540501","1"
"La Bóveda de Toro","Zamora","Castilla y León","-18.427518427518400","1"
"Santibáñez de Tera","Zamora","Castilla y León","-17.380952380952401","1"
"Pedrosa de Río Úrbel","Burgos","Castilla y León","0.778210116731518","1"
"Niebla","Huelva","Andalucía","5.994005994005990","1"
"Puerto del Rosario","Las Palmas","Canarias","17.939657515629200","1"
"Llanos del Caudillo","Ciudad Real","Castilla-La Mancha","-7.094133697135061","1"
"Riofrío de Aliste","Zamora","Castilla y León","-18.253968253968303","1"
"Galápagos","Guadalajara","Castilla-La Mancha","14.279606669516902","1"
"Boecillo","Valladolid","Castilla y León","7.721233391827529","1"
"Castellbell i el Vilar","Barcelona","Cataluña-Catalunya","11.865342163355399","1"
"Calzadilla","Cáceres","Extremadura","-8.747514910536781","1"
"Els Plans de Sió","Lleida","Cataluña-Catalunya","-8.035714285714290","1"
"Albesa","Lleida","Cataluña-Catalunya","-1.243781094527360","1"
"Villar de Olalla","Cuenca","Castilla-La Mancha","14.919354838709699","1"
"Villar del Río","Soria","Castilla y León","-0.617283950617284","1"
"Medinilla","Ávila","Castilla y León","-33.333333333333300","1"
"Valle de las Navas","Burgos","Castilla y León","-2.857142857142860","1"
"Navaleno","Soria","Castilla y León","-12.411347517730499","1"
"Arucas","Las Palmas","Canarias","4.169365284974090","1"
"El Carpio de Tajo","Toledo","Castilla-La Mancha","-10.308285163776498","1"
"Pinilla de los Barruecos","Burgos","Castilla y León","-15.966386554621801","1"
"Polán","Toledo","Castilla-La Mancha","-1.720647773279350","1"
"Fuentebureba","Burgos","Castilla y León","-6.521739130434780","1"
"Guarrate","Zamora","Castilla y León","-9.221902017291068","1"
"Arauzo de Miel","Burgos","Castilla y León","-24.795640326975501","1"
"Orexa","Gipuzkoa","País Vasco-Euskadi","-12.195121951219500","1"
"Vilamalla","Girona","Cataluña-Catalunya","7.706255666364460","1"
"Illueca","Zaragoza","Aragón","-14.181703070591999","1"
"Lucena","Córdoba","Andalucía","0.152053897258351","1"
"Membrilla","Ciudad Real","Castilla-La Mancha","-6.740313800832531","1"
"Premià de Dalt","Barcelona","Cataluña-Catalunya","2.143342061875670","1"
"Cerezo de Río Tirón","Burgos","Castilla y León","-18.347107438016501","1"
"Palacios de la Valduerna","León","Castilla y León","-19.679633867276898","1"
"Zorita de los Canes","Guadalajara","Castilla-La Mancha","-28.395061728395099","1"
"Viladecans","Barcelona","Cataluña-Catalunya","2.018115609412770","1"
"Serradilla del Llano","Salamanca","Castilla y León","-14.201183431952700","1"
"Navia de Suarna","Lugo","Galicia","-21.212121212121197","1"
"La Garriga","Barcelona","Cataluña-Catalunya","8.184240578606779","1"
"Torre de Santa María","Cáceres","Extremadura","-12.126245847176101","1"
"Azután","Toledo","Castilla-La Mancha","2.456140350877190","1"
"Portaje","Cáceres","Extremadura","-4.358974358974360","1"
"Vadillo de la Sierra","Ávila","Castilla y León","-19.444444444444404","1"
"Aldeaseca","Ávila","Castilla y León","-17.322834645669300","1"
"Daganzo de Arriba","Madrid","Comunidad de Madrid","7.824408088608879","1"
"Villanueva de Campeán","Zamora","Castilla y León","-0.775193798449612","1"
"Pueblica de Valverde","Zamora","Castilla y León","-21.304347826087000","1"
"Ordizia","Gipuzkoa","País Vasco-Euskadi","8.548403549933690","1"
"Sada","A Coruña","Galicia","11.335444708366300","1"
"Barbalos","Salamanca","Castilla y León","-6.578947368421050","1"
"Entrambasaguas","Cantabria","Cantabria","13.308913308913301","1"
"Ciudad Rodrigo","Salamanca","Castilla y León","-10.591263532440001","1"
"Pueyo/Puiu","Navarra","Comunidad Foral de Navarra","-0.288184438040346","1"
"Valdeolea","Cantabria","Cantabria","-16.398104265402800","1"
"Villanueva de Oscos","Asturias","Principado de Asturias","-17.405063291139200","1"
"Lillo","Toledo","Castilla-La Mancha","-13.112491373360900","1"
"Puigpelat","Tarragona","Cataluña-Catalunya","12.188365650969500","1"
"La Puebla de Almoradiel","Toledo","Castilla-La Mancha","-12.400495312223601","1"
"Torrelaguna","Madrid","Comunidad de Madrid","2.506213753106880","1"
"Pedrosa del Príncipe","Burgos","Castilla y León","4.968944099378880","1"
"El Bodón","Salamanca","Castilla y León","-17.229729729729701","1"
"Zegama","Gipuzkoa","País Vasco-Euskadi","0.982318271119843","1"
"Los Pozuelos de Calatrava","Ciudad Real","Castilla-La Mancha","-14.418604651162799","1"
"La Puebla de Valverde","Teruel","Aragón","-9.788867562380041","1"
"Santa Elena de Jamuz","León","Castilla y León","-10.129870129870099","1"
"Lezama","Bizkaia","País Vasco-Euskadi","0.657894736842105","1"
"Broto","Huesca","Aragón","14.531548757170199","1"
"Es Bòrdes","Lleida","Cataluña-Catalunya","18.803418803418797","1"
"Santa Susanna","Barcelona","Cataluña-Catalunya","18.038262982083197","1"
"San Vicente de la Sonsierra","La Rioja","La Rioja","-2.603664416586310","1"
"Montellà i Martinet","Lleida","Cataluña-Catalunya","1.284109149277690","1"
"Mancera de Abajo","Salamanca","Castilla y León","-10.572687224669599","1"
"Sasamón","Burgos","Castilla y León","-14.547118023787700","1"
"El Pont de Bar","Lleida","Cataluña-Catalunya","-5.232558139534881","1"
"Gualba","Barcelona","Cataluña-Catalunya","16.235129461161698","1"
"Brozas","Cáceres","Extremadura","-11.934992381919800","1"
"Vilafranca de Bonany","Illes Balears","Illes Balears","27.113402061855698","1"
"Pliego","Murcia","Región de Murcia","0.000000000000000","1"
"Zumaia","Gipuzkoa","País Vasco-Euskadi","4.900349291144439","1"
"Aroche","Huelva","Andalucía","-5.460218408736351","1"
"Villarramiel","Palencia","Castilla y León","-7.666290868094700","1"
"Hornillos de Eresma","Valladolid","Castilla y León","7.954545454545451","1"
"Lerma","Burgos","Castilla y León","-5.828779599271400","1"
"Llamas de la Ribera","León","Castilla y León","-12.882096069869000","1"
"Organyà","Lleida","Cataluña-Catalunya","-5.231866825208090","1"
"Madrigalejo","Cáceres","Extremadura","-8.055853920515579","1"
"Priego","Cuenca","Castilla-La Mancha","-13.422818791946302","1"
"Cañete","Cuenca","Castilla-La Mancha","-1.228501228501230","1"
"Cualedro","Ourense","Galicia","-11.172566371681400","1"
"Barceo","Salamanca","Castilla y León","0.000000000000000","1"
"Mequinenza","Zaragoza","Aragón","-5.056414542415379","1"
"Brihuega","Guadalajara","Castilla-La Mancha","5.437716930196681","1"
"Enciso","La Rioja","La Rioja","6.097560975609761","1"
"La Vid y Barrios","Burgos","Castilla y León","0.000000000000000","1"
"Aia","Gipuzkoa","País Vasco-Euskadi","4.757233938205000","1"
"Encinasola de los Comendadores","Salamanca","Castilla y León","-24.630541871921199","1"
"Vilafranca del Penedès","Barcelona","Cataluña-Catalunya","3.806634201065760","1"
"Novallas","Zaragoza","Aragón","-9.129967776584317","1"
"Noáin (Valle de Elorz)/Noain (Elortzibar)","Navarra","Comunidad Foral de Navarra","7.553910935306881","1"
"Llavorsí","Lleida","Cataluña-Catalunya","-6.539509536784740","1"
"Miedes de Atienza","Guadalajara","Castilla-La Mancha","-13.432835820895500","1"
"Muñogrande","Ávila","Castilla y León","10.937500000000000","1"
"Altzo","Gipuzkoa","País Vasco-Euskadi","12.000000000000000","1"
"Corral de Almaguer","Toledo","Castilla-La Mancha","-6.636851520572451","1"
"Villares de Órbigo","León","Castilla y León","-18.063583815028899","1"
"La Parrilla","Valladolid","Castilla y León","-3.543307086614170","1"
"Loeches","Madrid","Comunidad de Madrid","11.631327368550100","1"
"Sanchonuño","Segovia","Castilla y León","7.089947089947089","1"
"Sariegos","León","Castilla y León","12.326208757003499","1"
"Cuarte de Huerva","Zaragoza","Aragón","26.853050306325002","1"
"Albatàrrec","Lleida","Cataluña-Catalunya","4.628330995792430","1"
"Fene","A Coruña","Galicia","-6.941769150985330","1"
"Solosancho","Ávila","Castilla y León","-15.692640692640701","1"
"Siete Iglesias de Trabancos","Valladolid","Castilla y León","-12.500000000000000","1"
"Ermua","Bizkaia","País Vasco-Euskadi","-3.165932087652870","1"
"Las Pedroñeras","Cuenca","Castilla-La Mancha","-3.206738584306190","1"
"Molinos de Duero","Soria","Castilla y León","-11.049723756906099","1"
"Posada de Valdeón","León","Castilla y León","-9.482758620689651","1"
"Covaleda","Soria","Castilla y León","-12.548369264787199","1"
"Fuentelahiguera de Albatages","Guadalajara","Castilla-La Mancha","-18.656716417910403","1"
"Villalbilla de Burgos","Burgos","Castilla y León","19.028662420382197","1"
"Pajares de la Lampreana","Zamora","Castilla y León","-24.234693877551003","1"
"La Sagrada","Salamanca","Castilla y León","-29.411764705882401","1"
"Benavent de Segrià","Lleida","Cataluña-Catalunya","4.155672823219000","1"
"Alcolea del Pinar","Guadalajara","Castilla-La Mancha","-5.459770114942530","1"
"Martorelles","Barcelona","Cataluña-Catalunya","2.529793016934980","1"
"Villalazán","Zamora","Castilla y León","-16.943521594684402","1"
"Hervás","Cáceres","Extremadura","-6.531100478468900","1"
"Jadraque","Guadalajara","Castilla-La Mancha","-10.088832487309601","1"
"Valle de Cerrato","Palencia","Castilla y León","-3.529411764705880","1"
"Alameda de la Sagra","Toledo","Castilla-La Mancha","18.238814477059002","1"
"Taradell","Barcelona","Cataluña-Catalunya","9.487055796751889","1"
"Canillas de Río Tuerto","La Rioja","La Rioja","25.000000000000000","1"
"Carral","A Coruña","Galicia","9.512912716574041","1"
"Bermellar","Salamanca","Castilla y León","-7.746478873239441","1"
"Susqueda","Girona","Cataluña-Catalunya","2.105263157894740","1"
"Riudoms","Tarragona","Cataluña-Catalunya","4.032997250229149","1"
"Bóveda del Río Almar","Salamanca","Castilla y León","-18.775510204081598","1"
"Quintanar de la Sierra","Burgos","Castilla y León","-20.887055183084101","1"
"Villaquirán de los Infantes","Burgos","Castilla y León","-2.631578947368420","1"
"Cardeñajimeno","Burgos","Castilla y León","18.199802176063297","1"
"San Agustín","Teruel","Aragón","-4.964539007092200","1"
"Anchuelo","Madrid","Comunidad de Madrid","13.872832369942200","1"
"Santa María de Ordás","León","Castilla y León","-4.532577903682720","1"
"Guardiola de Berguedà","Barcelona","Cataluña-Catalunya","0.213447171824973","1"
"Paradinas de San Juan","Salamanca","Castilla y León","-6.855791962174939","1"
"Alborea","Albacete","Castilla-La Mancha","-14.395886889460201","1"
"Cervià de les Garrigues","Lleida","Cataluña-Catalunya","-8.898305084745761","1"
"La Guardia","Toledo","Castilla-La Mancha","-10.515291160452499","1"
"Frechilla","Palencia","Castilla y León","-27.807486631016001","1"
"Carrión de los Condes","Palencia","Castilla y León","-8.780709736123750","1"
"Martín Muñoz de las Posadas","Segovia","Castilla y León","-27.247191011235998","1"
"Serinyà","Girona","Cataluña-Catalunya","3.116651825467500","1"
"Montearagón","Toledo","Castilla-La Mancha","5.137614678899079","1"
"Ocón","La Rioja","La Rioja","8.532423208191128","1"
"El Provencio","Cuenca","Castilla-La Mancha","-5.817610062893079","1"
"Altafulla","Tarragona","Cataluña-Catalunya","14.133921411387302","1"
"Pradilla de Ebro","Zaragoza","Aragón","-4.452054794520550","1"
"Bedia","Bizkaia","País Vasco-Euskadi","7.632850241545889","1"
"Portbou","Girona","Cataluña-Catalunya","-12.191103789126901","1"
"La Torre","Ávila","Castilla y León","-21.754385964912299","1"
"Alhabia","Almería","Andalucía","3.964757709251100","1"
"El Buste","Zaragoza","Aragón","-5.882352941176469","1"
"San Justo de la Vega","León","Castilla y León","-11.329305135951699","1"
"Milles de la Polvorosa","Zamora","Castilla y León","-15.021459227467799","1"
"Albalate de Zorita","Guadalajara","Castilla-La Mancha","10.763209393346401","1"
"Arganda del Rey","Madrid","Comunidad de Madrid","6.659193230513321","1"
"Pozoamargo","Cuenca","Castilla-La Mancha","-17.629179331307000","1"
"Ares","A Coruña","Galicia","6.810660163734540","1"
"L'Espluga de Francolí","Tarragona","Cataluña-Catalunya","-2.685088633993740","1"
"Villamediana de Iregua","La Rioja","La Rioja","18.048780487804901","1"
"Pasarón de la Vera","Cáceres","Extremadura","-11.987860394537201","1"
"Cervelló","Barcelona","Cataluña-Catalunya","7.467937805016461","1"
"Báscones de Ojeda","Palencia","Castilla y León","-15.723270440251600","1"
"Cella","Teruel","Aragón","-6.174591909155430","1"
"Moralzarzal","Madrid","Comunidad de Madrid","14.633552471390299","1"
"Teguise","Las Palmas","Canarias","13.174731055400201","1"
"Santiago del Campo","Cáceres","Extremadura","-10.583941605839399","1"
"Torralba de Oropesa","Toledo","Castilla-La Mancha","-24.409448818897602","1"
"Terrer","Zaragoza","Aragón","3.383458646616540","1"
"La Almarcha","Cuenca","Castilla-La Mancha","1.877934272300470","1"
"Moraleja de Enmedio","Madrid","Comunidad de Madrid","8.366454689984099","1"
"Florida de Liébana","Salamanca","Castilla y León","-13.448275862069000","1"
"Colmenar del Arroyo","Madrid","Comunidad de Madrid","23.149905123339700","1"
"Armuña de Tajuña","Guadalajara","Castilla-La Mancha","16.450216450216502","1"
"Bijuesca","Zaragoza","Aragón","-9.523809523809520","1"
"Berja","Almería","Andalucía","-15.701886053644801","1"
"Burujón","Toledo","Castilla-La Mancha","-9.407665505226479","1"
"Bàscara","Girona","Cataluña-Catalunya","11.591148577449902","1"
"Zaldibar","Bizkaia","País Vasco-Euskadi","-1.861528412802090","1"
"Tirapu","Navarra","Comunidad Foral de Navarra","-5.263157894736840","1"
"Boqueixón","A Coruña","Galicia","-4.514048825426070","1"
"Castil de Peones","Burgos","Castilla y León","-25.714285714285701","1"
"Moral de Sayago","Zamora","Castilla y León","-6.405693950177939","1"
"Yaiza","Las Palmas","Canarias","15.576055216352499","1"
"Merindad de Valdivielso","Burgos","Castilla y León","0.750000000000000","1"
"Sotalbo","Ávila","Castilla y León","8.333333333333330","1"
"Punta Umbría","Huelva","Andalucía","7.600107138074191","1"
"Cassà de la Selva","Girona","Cataluña-Catalunya","9.211852449102999","1"
"Becilla de Valderaduey","Valladolid","Castilla y León","-23.550724637681196","1"
"Cuerva","Toledo","Castilla-La Mancha","-15.167785234899300","1"
"Santa Úrsula","Santa Cruz de Tenerife","Canarias","6.918019026301060","1"
"Vinuesa","Soria","Castilla y León","-9.735449735449741","1"
"Poza de la Vega","Palencia","Castilla y León","-27.074235807860298","1"
"Lobios","Ourense","Galicia","-11.802469135802500","1"
"Barca","Soria","Castilla y León","-5.309734513274340","1"
"Montmajor","Barcelona","Cataluña-Catalunya","1.260504201680670","1"
"Villazala","León","Castilla y León","-18.508655126497999","1"
"L'Argentera","Tarragona","Cataluña-Catalunya","-8.904109589041100","1"
"A Pontenova","Lugo","Galicia","-16.101026045777402","1"
"Vícar","Almería","Andalucía","15.834153543307098","1"
"Montgat","Barcelona","Cataluña-Catalunya","10.136986301369900","1"
"Montiel","Ciudad Real","Castilla-La Mancha","-16.779891304347803","1"
"La Joyosa","Zaragoza","Aragón","14.399205561072499","1"
"Alboloduy","Almería","Andalucía","-7.165109034267910","1"
"Olmillos de Castro","Zamora","Castilla y León","-21.825396825396798","1"
"Tórtoles de Esgueva","Burgos","Castilla y León","-19.762845849802400","1"
"Salillas de Jalón","Zaragoza","Aragón","8.333333333333330","1"
"Respenda de la Peña","Palencia","Castilla y León","-23.437500000000000","1"
"Madrigal de la Vera","Cáceres","Extremadura","-11.936036550542500","1"
"Garray","Soria","Castilla y León","9.885386819484241","1"
"Aldeanueva de San Bartolomé","Toledo","Castilla-La Mancha","-12.473572938689200","0"
"Rubiales","Teruel","Aragón","-17.647058823529399","0"
"Arauzo de Torre","Burgos","Castilla y León","-21.951219512195102","0"
"Villanueva de las Peras","Zamora","Castilla y León","-4.444444444444439","0"
"Castelldefels","Barcelona","Cataluña-Catalunya","8.176428740810998","0"
"Samos","Lugo","Galicia","-17.009602194787401","0"
"Bercial","Segovia","Castilla y León","-2.727272727272730","0"
"Castrojimeno","Segovia","Castilla y León","-16.216216216216196","0"
"Menasalbas","Toledo","Castilla-La Mancha","-15.520762423417301","0"
"Granja de Moreruela","Zamora","Castilla y León","-9.225092250922510","0"
"Aínsa-Sobrarbe","Huesca","Aragón","3.795752372345230","0"
"Arakaldo","Bizkaia","País Vasco-Euskadi","13.888888888888900","0"
"La Mierla","Guadalajara","Castilla-La Mancha","21.212121212121197","0"
"Villamayor de Calatrava","Ciudad Real","Castilla-La Mancha","3.571428571428570","0"
"Cartes","Cantabria","Cantabria","1.986987867065240","0"
"Capilla","Badajoz","Extremadura","-17.112299465240604","0"
"Valverde de los Arroyos","Guadalajara","Castilla-La Mancha","-8.080808080808081","0"
"Escucha","Teruel","Aragón","-21.916411824668700","0"
"Aguilafuente","Segovia","Castilla y León","-13.137557959814499","0"
"Juviles","Granada","Andalucía","8.955223880597011","0"
"Ugena","Toledo","Castilla-La Mancha","6.832182191525110","0"
"Villar de Domingo García","Cuenca","Castilla-La Mancha","1.345291479820630","0"
"Fígols i Alinyà","Lleida","Cataluña-Catalunya","-1.923076923076920","0"
"Alobras","Teruel","Aragón","-5.333333333333330","0"
"Castellvell del Camp","Tarragona","Cataluña-Catalunya","5.193447194144301","0"
"Isar","Burgos","Castilla y León","-20.338983050847499","0"
"Villaescusa de Haro","Cuenca","Castilla-La Mancha","-10.909090909090901","0"
"Palacios de la Sierra","Burgos","Castilla y León","-7.579787234042549","0"
"Cantalpino","Salamanca","Castilla y León","-14.895833333333300","0"
"Copernal","Guadalajara","Castilla-La Mancha","18.750000000000000","0"
"Los Guájares","Granada","Andalucía","2.570921985815600","0"
"Moreruela de los Infanzones","Zamora","Castilla y León","-13.008130081300800","0"
"Alcohujate","Cuenca","Castilla-La Mancha","-47.222222222222200","0"
"Fuentidueña de Tajo","Madrid","Comunidad de Madrid","12.043435340572600","0"
"Salillas","Huesca","Aragón","-2.803738317757010","0"
"Almenara de Adaja","Valladolid","Castilla y León","-25.806451612903199","0"
"Turís","València-Valencia","Comunitat Valenciana","10.185185185185201","0"
"Riner","Lleida","Cataluña-Catalunya","-4.982206405693950","0"
"Zarzuela de Jadraque","Guadalajara","Castilla-La Mancha","76.470588235294102","0"
"Hurtumpascual","Ávila","Castilla y León","-35.820895522388099","0"
"La Fuliola","Lleida","Cataluña-Catalunya","-5.486862442040190","0"
"Cuevas de San Marcos","Málaga","Andalucía","-7.694254619083781","0"
"Matilla de los Caños","Valladolid","Castilla y León","8.421052631578950","0"
"Benaocaz","Cádiz","Andalucía","-0.695410292072323","0"
"Basardilla","Segovia","Castilla y León","-3.267973856209150","0"
"Vencillón","Huesca","Aragón","-4.000000000000000","0"
"Loscorrales","Huesca","Aragón","-7.476635514018691","0"
"Rairiz de Veiga","Ourense","Galicia","-16.208791208791201","0"
"Gironella","Barcelona","Cataluña-Catalunya","-0.140364948867054","0"
"Tierz","Huesca","Aragón","12.125340599454999","0"
"San Juan de la Rambla","Santa Cruz de Tenerife","Canarias","-2.869582426281420","0"
"El Vilosell","Lleida","Cataluña-Catalunya","1.063829787234040","0"
"Huesca","Huesca","Aragón","3.008277043097710","0"
"Casillas de Coria","Cáceres","Extremadura","-18.912529550827404","0"
"La Vecilla","León","Castilla y León","-3.030303030303030","0"
"Berlanga del Bierzo","León","Castilla y León","-16.145833333333300","0"
"Mesía","A Coruña","Galicia","-13.488372093023301","0"
"Dozón","Pontevedra","Galicia","-15.880893300248101","0"
"Valdegrudas","Guadalajara","Castilla-La Mancha","-16.393442622950797","0"
"Aldeaseca de Alba","Salamanca","Castilla y León","-20.481927710843401","0"
"Valle de Santa Ana","Badajoz","Extremadura","-4.216867469879520","0"
"Albalat de la Ribera","València-Valencia","Comunitat Valenciana","-2.123385939741750","0"
"Benalúa de las Villas","Granada","Andalucía","-11.435941530524500","0"
"Bliecos","Soria","Castilla y León","-27.027027027027003","0"
"Quintanaortuño","Burgos","Castilla y León","2.527075812274370","0"
"Xunqueira de Espadanedo","Ourense","Galicia","-20.162224797219000","0"
"Sax","Alacant-Alicante","Comunitat Valenciana","3.398008418026900","0"
"El Ballestero","Albacete","Castilla-La Mancha","-9.803921568627450","0"
"Aras de los Olmos","València-Valencia","Comunitat Valenciana","-1.295336787564770","0"
"Campolara","Burgos","Castilla y León","-19.354838709677402","0"
"Sigüés","Zaragoza","Aragón","-33.333333333333300","0"
"La Calahorra","Granada","Andalucía","-8.689839572192509","0"
"la Pobla Llarga","València-Valencia","Comunitat Valenciana","0.110521662245800","0"
"Vallibona","Castelló-Castellón","Comunitat Valenciana","-28.735632183908002","0"
"Loranca de Tajuña","Guadalajara","Castilla-La Mancha","14.840182648401800","0"
"Viveros","Albacete","Castilla-La Mancha","-0.645161290322581","0"
"Pozuelo","Albacete","Castilla-La Mancha","-11.985018726591798","0"
"Blasconuño de Matacabras","Ávila","Castilla y León","-6.250000000000000","0"
"Sant Guim de la Plana","Lleida","Cataluña-Catalunya","14.285714285714301","0"
"Valmala","Burgos","Castilla y León","-6.666666666666670","0"
"Malón","Zaragoza","Aragón","18.406593406593405","0"
"Torregalindo","Burgos","Castilla y León","-12.686567164179101","0"
"Trucios-Turtzioz","Bizkaia","País Vasco-Euskadi","-0.761904761904762","0"
"Sanchidrián","Ávila","Castilla y León","-11.138923654568199","0"
"Manilva","Málaga","Andalucía","23.569303162410897","0"
"Castuera","Badajoz","Extremadura","-10.999200639488400","0"
"Mieres","Girona","Cataluña-Catalunya","8.282208588957049","0"
"Herrín de Campos","Valladolid","Castilla y León","-17.518248175182499","0"
"Xàbia/Jávea","Alacant-Alicante","Comunitat Valenciana","2.384146970791620","0"
"San Pelayo","Valladolid","Castilla y León","15.909090909090901","0"
"Alkiza","Gipuzkoa","País Vasco-Euskadi","-0.536193029490617","0"
"Guaro","Málaga","Andalucía","7.652823145123659","0"
"Cabra del Santo Cristo","Jaén","Andalucía","-13.871951219512201","0"
"Irañeta","Navarra","Comunidad Foral de Navarra","-3.508771929824560","0"
"Agón","Zaragoza","Aragón","-13.548387096774199","0"
"Capolat","Barcelona","Cataluña-Catalunya","0.000000000000000","0"
"Bollullos de la Mitación","Sevilla","Andalucía","11.255109161599000","0"
"Herguijuela del Campo","Salamanca","Castilla y León","-29.787234042553198","0"
"Nalec","Lleida","Cataluña-Catalunya","1.075268817204300","0"
"Vilaboa","Pontevedra","Galicia","-0.368385800401875","0"
"Catadau","València-Valencia","Comunitat Valenciana","6.717501815541030","0"
"Terrateig","València-Valencia","Comunitat Valenciana","2.826855123674910","0"
"Velayos","Ávila","Castilla y León","-14.919354838709699","0"
"Sant Antoni de Vilamajor","Barcelona","Cataluña-Catalunya","15.224246671338499","0"
"Sant Iscle de Vallalta","Barcelona","Cataluña-Catalunya","10.506134969325201","0"
"San Bartolomé de Pinares","Ávila","Castilla y León","-16.360601001669504","0"
"Marchal","Granada","Andalucía","-3.971962616822430","0"
"Monreal del Llano","Cuenca","Castilla-La Mancha","-37.837837837837803","0"
"Tormellas","Ávila","Castilla y León","-40.000000000000000","0"
"Tocina","Sevilla","Andalucía","-2.736189984512130","0"
"Urraul Alto","Navarra","Comunidad Foral de Navarra","-10.596026490066201","0"
"Camarena de la Sierra","Teruel","Aragón","-2.189781021897810","0"
"Villarejo","La Rioja","La Rioja","-3.448275862068960","0"
"Murias de Paredes","León","Castilla y León","-21.396396396396401","0"
"Armenteros","Salamanca","Castilla y León","-18.730158730158699","0"
"Mazariegos","Palencia","Castilla y León","-10.729613733905600","0"
"La Iglesuela del Tiétar","Toledo","Castilla-La Mancha","-0.892857142857143","0"
"Llaurí","València-Valencia","Comunitat Valenciana","-5.180533751962320","0"
"Alcolea de las Peñas","Guadalajara","Castilla-La Mancha","9.090909090909092","0"
"Cabrera d'Anoia","Barcelona","Cataluña-Catalunya","22.157006603081399","0"
"Cárdenas","La Rioja","La Rioja","-23.699421965317899","0"
"Aldeanueva de Barbarroya","Toledo","Castilla-La Mancha","-27.910685805422599","0"
"Quart de Poblet","València-Valencia","Comunitat Valenciana","2.589801154586270","0"
"Mazuela","Burgos","Castilla y León","-12.698412698412699","0"
"Camaleño","Cantabria","Cantabria","-3.796203796203800","0"
"Urús","Girona","Cataluña-Catalunya","14.594594594594600","0"
"Amusco","Palencia","Castilla y León","-5.592841163310961","0"
"San Isidro","Alacant-Alicante","Comunitat Valenciana","16.763617133791602","0"
"Valle de Lierp","Huesca","Aragón","3.448275862068960","0"
"Portalrubio de Guadamejud","Cuenca","Castilla-La Mancha","-12.195121951219500","0"
"el Pinós/Pinoso","Alacant-Alicante","Comunitat Valenciana","8.064726608377921","0"
"Revilla del Campo","Burgos","Castilla y León","-0.970873786407767","0"
"Conil de la Frontera","Cádiz","Andalucía","7.242895345147990","0"
"Jarilla","Cáceres","Extremadura","-10.897435897435900","0"
"El Far d'Empordà","Girona","Cataluña-Catalunya","8.703374777975130","0"
"Monterrubio de la Sierra","Salamanca","Castilla y León","-14.606741573033700","0"
"Navaquesera","Ávila","Castilla y León","42.857142857142904","0"
"Salvaleón","Badajoz","Extremadura","-12.787056367432202","0"
"Galera","Granada","Andalucía","-6.339814032121721","0"
"Villaherreros","Palencia","Castilla y León","0.943396226415094","0"
"Altable","Burgos","Castilla y León","-6.122448979591840","0"
"Collado Hermoso","Segovia","Castilla y León","-16.339869281045800","0"
"Botorrita","Zaragoza","Aragón","13.438735177865601","0"
"Lagata","Zaragoza","Aragón","-16.541353383458599","0"
"Fonfría","Teruel","Aragón","6.666666666666670","0"
"Pontedeume","A Coruña","Galicia","-7.354934088949119","0"
"Fuensanta de Martos","Jaén","Andalucía","-4.335443037974690","0"
"Linares de Mora","Teruel","Aragón","-15.328467153284700","0"
"Valle de Hecho","Huesca","Aragón","-11.517165005537098","0"
"Nigrán","Pontevedra","Galicia","1.862828111769690","0"
"Espolla","Girona","Cataluña-Catalunya","-1.918465227817750","0"
"Fuente Carreteros","Córdoba","Andalucía","0.000000000000000","0"
"Pedreguer","Alacant-Alicante","Comunitat Valenciana","15.057811239580500","0"
"Vinebre","Tarragona","Cataluña-Catalunya","-7.572383073496660","0"
"Fresno de Río Tirón","Burgos","Castilla y León","-12.105263157894701","0"
"El Toro","Castelló-Castellón","Comunitat Valenciana","-3.125000000000000","0"
"Torroella de Fluvià","Girona","Cataluña-Catalunya","9.090909090909092","0"
"Villambistia","Burgos","Castilla y León","0.000000000000000","0"
"La Serna","Palencia","Castilla y León","-15.238095238095200","0"
"Totalán","Málaga","Andalucía","6.085753803596130","0"
"Torrecilla del Rebollar","Teruel","Aragón","-11.971830985915499","0"
"Montalbanejo","Cuenca","Castilla-La Mancha","-28.099173553718998","0"
"Ames","A Coruña","Galicia","8.363636363636360","0"
"Gisclareny","Barcelona","Cataluña-Catalunya","8.000000000000000","0"
"Cilleruelo de San Mamés","Segovia","Castilla y León","-19.512195121951201","0"
"Hoz de Jaca","Huesca","Aragón","4.109589041095889","0"
"Igriés","Huesca","Aragón","2.714285714285710","0"
"Fiscal","Huesca","Aragón","4.607046070460700","0"
"Teruel","Teruel","Aragón","1.659425367904700","0"
"A Guarda","Pontevedra","Galicia","-3.063796781074270","0"
"Alhaurín el Grande","Málaga","Andalucía","11.024370095002100","0"
"Somosierra","Madrid","Comunidad de Madrid","10.389610389610400","0"
"La Cabrera","Madrid","Comunidad de Madrid","11.274131274131300","0"
"Olocau","València-Valencia","Comunitat Valenciana","41.461916461916495","0"
"Parets del Vallès","Barcelona","Cataluña-Catalunya","0.854107724336732","0"
"Robledo","Albacete","Castilla-La Mancha","-6.635071090047389","0"
"Novales","Huesca","Aragón","-2.272727272727270","0"
"Honrubia","Cuenca","Castilla-La Mancha","-9.598603839441541","0"
"Llíria","València-Valencia","Comunitat Valenciana","5.403894931430291","0"
"Agudo","Ciudad Real","Castilla-La Mancha","-9.747899159663870","0"
"Casaseca de las Chanas","Zamora","Castilla y León","-5.249343832021000","0"
"Navas de Bureba","Burgos","Castilla y León","-25.714285714285701","0"
"Laza","Ourense","Galicia","-19.461697722567298","0"
"Mainar","Zaragoza","Aragón","8.641975308641982","0"
"Rozas de Puerto Real","Madrid","Comunidad de Madrid","17.241379310344797","0"
"Urretxu","Gipuzkoa","País Vasco-Euskadi","-2.191582002902760","0"
"Llers","Girona","Cataluña-Catalunya","-2.093397745571660","0"
"Riberos de la Cueza","Palencia","Castilla y León","-8.333333333333330","0"
"Cortes de la Frontera","Málaga","Andalucía","-10.217456061960100","0"
"Peranzanes","León","Castilla y León","-15.625000000000000","0"
"Campanet","Illes Balears","Illes Balears","9.240407204385281","0"
"Villán de Tordesillas","Valladolid","Castilla y León","-5.303030303030300","0"
"La Pobla de Lillet","Barcelona","Cataluña-Catalunya","-5.714285714285709","0"
"San Juan de Aznalfarache","Sevilla","Andalucía","4.152762328513160","0"
"Bayárcal","Almería","Andalucía","-4.117647058823531","0"
"Táliga","Badajoz","Extremadura","-11.260053619302900","0"
"Villarejo de Fuentes","Cuenca","Castilla-La Mancha","-23.699421965317899","0"
"Granátula de Calatrava","Ciudad Real","Castilla-La Mancha","-15.533980582524300","0"
"Orbaneja Riopico","Burgos","Castilla y León","45.528455284552798","0"
"Quintanilla del Molar","Valladolid","Castilla y León","-23.437500000000000","0"
"Bayarque","Almería","Andalucía","2.314814814814810","0"
"Villanueva del Duque","Córdoba","Andalucía","-11.012658227848100","0"
"Teror","Las Palmas","Canarias","1.531016976043150","0"
"Valdescorriel","Zamora","Castilla y León","-11.805555555555602","0"
"Senterada","Lleida","Cataluña-Catalunya","22.137404580152698","0"
"Yanguas de Eresma","Segovia","Castilla y León","-7.518796992481200","0"
"Moral de Hornuez","Segovia","Castilla y León","-42.465753424657493","0"
"Cabezuela del Valle","Cáceres","Extremadura","-8.201623237932509","0"
"Calatañazor","Soria","Castilla y León","-16.666666666666700","0"
"Diego del Carpio","Ávila","Castilla y León","-31.645569620253198","0"
"Montclar","Barcelona","Cataluña-Catalunya","10.256410256410300","0"
"Villagarcía del Llano","Cuenca","Castilla-La Mancha","-6.683168316831679","0"
"Costur","Castelló-Castellón","Comunitat Valenciana","-4.804270462633450","0"
"Puebla de Obando","Badajoz","Extremadura","-5.070569785676950","0"
"Orba","Alacant-Alicante","Comunitat Valenciana","7.355595667870040","0"
"Igorre","Bizkaia","País Vasco-Euskadi","1.153755592182720","0"
"Fígols","Barcelona","Cataluña-Catalunya","9.302325581395351","0"
"Grañén","Huesca","Aragón","-8.990536277602523","0"
"Santa Cruz de los Cáñamos","Ciudad Real","Castilla-La Mancha","-11.371841155234700","0"
"Abaltzisketa","Gipuzkoa","País Vasco-Euskadi","-0.911854103343465","0"
"San Pedro del Romeral","Cantabria","Cantabria","-6.708595387840670","0"
"San Vicente del Valle","Burgos","Castilla y León","-6.451612903225810","0"
"Es Migjorn Gran","Illes Balears","Illes Balears","6.326530612244899","0"
"Fornelos de Montes","Pontevedra","Galicia","-7.679372197309419","0"
"Hoyo de Manzanares","Madrid","Comunidad de Madrid","14.539188154199600","0"
"Fresnillo de las Dueñas","Burgos","Castilla y León","9.904153354632589","0"
"Molina de Aragón","Guadalajara","Castilla-La Mancha","-7.950727883538641","0"
"Toral de los Guzmanes","León","Castilla y León","-7.763401109057300","0"
"Llanera de Ranes","València-Valencia","Comunitat Valenciana","1.835748792270530","0"
"Santa Maria de Palautordera","Barcelona","Cataluña-Catalunya","8.032392208360688","0"
"Santa Maria de Martorelles","Barcelona","Cataluña-Catalunya","3.525264394829610","0"
"Polinyà de Xúquer","València-Valencia","Comunitat Valenciana","0.157109190887667","0"
"Tenebrón","Salamanca","Castilla y León","-19.879518072289198","0"
"La Vall d'en Bas","Girona","Cataluña-Catalunya","7.183811129848229","0"
"Mahide","Zamora","Castilla y León","-11.111111111111100","0"
"San Justo","Zamora","Castilla y León","-16.260162601626000","0"
"Torrecaballeros","Segovia","Castilla y León","11.417624521072799","0"
"Hoyorredondo","Ávila","Castilla y León","-23.076923076923098","0"
"Santibáñez de Ecla","Palencia","Castilla y León","-27.692307692307701","0"
"Villabuena de Álava/Eskuernaga","Araba-Álava","País Vasco-Euskadi","-8.653846153846150","0"
"Albalat dels Tarongers","València-Valencia","Comunitat Valenciana","22.785898538263101","0"
"Elgeta","Gipuzkoa","País Vasco-Euskadi","-0.178412132024978","0"
"Mollet de Peralada","Girona","Cataluña-Catalunya","18.131868131868096","0"
"Valverde-Enrique","León","Castilla y León","-13.812154696132602","0"
"Congosto","León","Castilla y León","-11.083591331269300","0"
"Soportújar","Granada","Andalucía","-11.562500000000000","0"
"Ventas de Huelma","Granada","Andalucía","-3.698224852071010","0"
"Santoña","Cantabria","Cantabria","-2.940652290144360","0"
"Fuentenebro","Burgos","Castilla y León","-7.534246575342470","0"
"Urduña/Orduña","Bizkaia","País Vasco-Euskadi","-0.877609108159393","0"
"Mezquita de Jarque","Teruel","Aragón","-29.914529914529897","0"
"Villavelayo","La Rioja","La Rioja","-25.000000000000000","0"
"Puebla de Arenoso","Castelló-Castellón","Comunitat Valenciana","9.740259740259740","0"
"Villarejo de Órbigo","León","Castilla y León","-8.954289292423290","0"
"Farlete","Zaragoza","Aragón","0.245700245700246","0"
"Sorbas","Almería","Andalucía","-6.024544440312380","0"
"O Saviñao","Lugo","Galicia","-14.806710430342799","0"
"La Bisbal de Falset","Tarragona","Cataluña-Catalunya","-4.166666666666670","0"
"Isòvol","Girona","Cataluña-Catalunya","13.289036544850498","0"
"Rielves","Toledo","Castilla-La Mancha","2.414231257941550","0"
"Cuelgamures","Zamora","Castilla y León","-16.842105263157897","0"
"Saus, Camallera i Llampaies","Girona","Cataluña-Catalunya","6.993865030674851","0"
"Olmeda de las Fuentes","Madrid","Comunidad de Madrid","20.359281437125702","0"
"Riola","València-Valencia","Comunitat Valenciana","-2.997275204359670","0"
"Castro de Fuentidueña","Segovia","Castilla y León","15.000000000000000","0"
"Matamala de Almazán","Soria","Castilla y León","-20.000000000000000","0"
"Chiclana de la Frontera","Cádiz","Andalucía","7.789982745631730","0"
"Santa Cruz de Grío","Zaragoza","Aragón","-27.067669172932298","0"
"Becedillas","Ávila","Castilla y León","-34.579439252336400","0"
"Jaurrieta","Navarra","Comunidad Foral de Navarra","-15.384615384615401","0"
"Castejón del Puente","Huesca","Aragón","-6.017191977077360","0"
"Marçà","Tarragona","Cataluña-Catalunya","-3.600654664484450","0"
"Algarrobo","Málaga","Andalucía","10.978207438964398","0"
"Alfoz","Lugo","Galicia","-18.392012611665798","0"
"Quintana del Puente","Palencia","Castilla y León","-5.474452554744531","0"
"San Pascual","Ávila","Castilla y León","-12.244897959183699","0"
"Mendexa","Bizkaia","País Vasco-Euskadi","-6.593406593406590","0"
"Agoncillo","La Rioja","La Rioja","4.688832054560961","0"
"Valdegovía/Gaubea","Araba-Álava","País Vasco-Euskadi","2.697495183044321","0"
"Larouco","Ourense","Galicia","-18.382352941176503","0"
"Olivares de Júcar","Cuenca","Castilla-La Mancha","-12.676056338028200","0"
"Canillas de Albaida","Málaga","Andalucía","-8.457142857142861","0"
"Bagüés","Zaragoza","Aragón","20.000000000000000","0"
"Quintana de la Serena","Badajoz","Extremadura","-8.684102983244792","0"
"Mondariz-Balneario","Pontevedra","Galicia","3.079178885630500","0"
"Cubel","Zaragoza","Aragón","-19.565217391304298","0"
"Biar","Alacant-Alicante","Comunitat Valenciana","-1.716621253406000","0"
"La Pobla de Massaluca","Tarragona","Cataluña-Catalunya","-3.672316384180790","0"
"Palomera","Cuenca","Castilla-La Mancha","3.278688524590160","0"
"Valbona","Teruel","Aragón","-3.030303030303030","0"
"El Álamo","Madrid","Comunidad de Madrid","15.600851159144399","0"
"Cañamares","Cuenca","Castilla-La Mancha","-9.839357429718879","0"
"Loporzano","Huesca","Aragón","8.411214953271031","0"
"Alfafara","Alacant-Alicante","Comunitat Valenciana","0.239234449760766","0"
"Bujaraloz","Zaragoza","Aragón","-5.288932419196871","0"
"Muxika","Bizkaia","País Vasco-Euskadi","5.128205128205130","0"
"Alcaudete de la Jara","Toledo","Castilla-La Mancha","-16.112531969309504","0"
"Orísoain","Navarra","Comunidad Foral de Navarra","-21.276595744680897","0"
"Alameda del Valle","Madrid","Comunidad de Madrid","22.321428571428601","0"
"Cabrejas del Campo","Soria","Castilla y León","-19.047619047619001","0"
"Berzocana","Cáceres","Extremadura","-17.154811715481198","0"
"Izagaondoa","Navarra","Comunidad Foral de Navarra","-11.666666666666700","0"
"Medranda","Guadalajara","Castilla-La Mancha","-22.727272727272698","0"
"Lantadilla","Palencia","Castilla y León","-17.109144542772903","0"
"Los Ausines","Burgos","Castilla y León","20.000000000000000","0"
"Baliarrain","Gipuzkoa","País Vasco-Euskadi","14.615384615384601","0"
"Valverde de Llerena","Badajoz","Extremadura","-15.861027190332301","0"
"Roquetes","Tarragona","Cataluña-Catalunya","0.181006395559310","0"
"Membrillera","Guadalajara","Castilla-La Mancha","0.000000000000000","0"
"La Ercina","León","Castilla y León","-11.776447105788399","0"
"Caspueñas","Guadalajara","Castilla-La Mancha","38.000000000000000","0"
"Agrón","Granada","Andalucía","-23.642172523961698","0"
"La Peña","Salamanca","Castilla y León","-36.283185840707993","0"
"Iznájar","Córdoba","Andalucía","-17.964200992020700","0"
"la Mata de Morella","Castelló-Castellón","Comunitat Valenciana","-1.104972375690610","0"
"Villamedianilla","Burgos","Castilla y León","-30.769230769230802","0"
"Oquillas","Burgos","Castilla y León","-25.396825396825403","0"
"Castroviejo","La Rioja","La Rioja","6.896551724137930","0"
"Rena","Badajoz","Extremadura","-6.969696969696969","0"
"Carpio de Azaba","Salamanca","Castilla y León","9.900990099009901","0"
"Eskoriatza","Gipuzkoa","País Vasco-Euskadi","2.542787286063570","0"
"Lledó","Teruel","Aragón","1.183431952662720","0"
"Cadreita","Navarra","Comunidad Foral de Navarra","6.842619745845550","0"
"Tossa de Mar","Girona","Cataluña-Catalunya","9.241330751628231","0"
"Fuentelespino de Haro","Cuenca","Castilla-La Mancha","-14.336917562724000","0"
"Santa Amalia","Badajoz","Extremadura","-6.124880838894190","0"
"Hontalbilla","Segovia","Castilla y León","-8.206686930091189","0"
"Zagra","Granada","Andalucía","-3.674832962138090","0"
"Viñuela","Málaga","Andalucía","7.183758459135871","0"
"Botarell","Tarragona","Cataluña-Catalunya","5.090909090909090","0"
"Sant Jaume de Llierca","Girona","Cataluña-Catalunya","7.142857142857141","0"
"Campdevànol","Girona","Cataluña-Catalunya","-5.390279823269510","0"
"Rucandio","Burgos","Castilla y León","-6.756756756756761","0"
"Llambilles","Girona","Cataluña-Catalunya","-3.116531165311650","0"
"Pinet","València-Valencia","Comunitat Valenciana","-9.356725146198830","0"
"Villargordo del Cabriel","València-Valencia","Comunitat Valenciana","-11.773700305810399","0"
"Villaconejos de Trabaque","Cuenca","Castilla-La Mancha","-21.497584541062796","0"
"Sondika","Bizkaia","País Vasco-Euskadi","-1.438221834822400","0"
"Bande","Ourense","Galicia","-18.972115910333500","0"
"Adobes","Guadalajara","Castilla-La Mancha","-31.818181818181802","0"
"Guadramiro","Salamanca","Castilla y León","-14.743589743589700","0"
"Santo Domingo de Silos","Burgos","Castilla y León","-13.576158940397400","0"
"Caravia","Asturias","Principado de Asturias","-1.976284584980240","0"
"Valsequillo de Gran Canaria","Las Palmas","Canarias","4.700530705079610","0"
"Camprodon","Girona","Cataluña-Catalunya","5.426027977956760","0"
"Triollo","Palencia","Castilla y León","0.000000000000000","0"
"Valle del Zalabí","Granada","Andalucía","-6.948109058927000","0"
"Valderrábano","Palencia","Castilla y León","-7.547169811320761","0"
"Navalmanzano","Segovia","Castilla y León","-9.170305676855900","0"
"Os de Balaguer","Lleida","Cataluña-Catalunya","7.440476190476190","0"
"Pozaldez","Valladolid","Castilla y León","-3.891050583657590","0"
"Villatoya","Albacete","Castilla-La Mancha","1.785714285714290","0"
"Arsèguel","Lleida","Cataluña-Catalunya","-4.938271604938270","0"
"Ataun","Gipuzkoa","País Vasco-Euskadi","-0.352941176470588","0"
"Serrejón","Cáceres","Extremadura","-9.192825112107620","0"
"El Parral","Ávila","Castilla y León","-29.069767441860499","0"
"Albero Alto","Huesca","Aragón","0.000000000000000","0"
"Cabezón de Cameros","La Rioja","La Rioja","27.777777777777800","0"
"Navarrés","València-Valencia","Comunitat Valenciana","-3.408015146733990","0"
"Barxeta","València-Valencia","Comunitat Valenciana","-0.684931506849315","0"
"Riocavado de la Sierra","Burgos","Castilla y León","-5.263157894736840","0"
"Quismondo","Toledo","Castilla-La Mancha","7.967377666248430","0"
"Cazalegas","Toledo","Castilla-La Mancha","7.696506550218341","0"
"San Miguel del Valle","Zamora","Castilla y León","-28.220858895705501","0"
"Azanuy-Alins","Huesca","Aragón","-4.891304347826090","0"
"Teulada","Alacant-Alicante","Comunitat Valenciana","5.844046008119080","0"
"Guijo de Ávila","Salamanca","Castilla y León","-14.444444444444400","0"
"Haza","Burgos","Castilla y León","11.538461538461499","0"
"Medina de las Torres","Badajoz","Extremadura","-10.411810411810398","0"
"Alfauir","València-Valencia","Comunitat Valenciana","8.904109589041100","0"
"Herreros de Suso","Ávila","Castilla y León","-2.614379084967320","0"
"Sopuerta","Bizkaia","País Vasco-Euskadi","6.554818571985960","0"
"Monterrei","Ourense","Galicia","-13.705945176219300","0"
"Goñi","Navarra","Comunidad Foral de Navarra","1.176470588235290","0"
"Bidaurreta","Navarra","Comunidad Foral de Navarra","3.125000000000000","0"
"La Hoya","Salamanca","Castilla y León","-27.906976744186000","0"
"Zalamea la Real","Huelva","Andalucía","-8.013613861386141","0"
"Santervás de Campos","Valladolid","Castilla y León","-14.615384615384601","0"
"Granyena de les Garrigues","Lleida","Cataluña-Catalunya","-3.086419753086420","0"
"Corrales de Duero","Valladolid","Castilla y León","5.102040816326531","0"
"Castejón de Alarba","Zaragoza","Aragón","5.952380952380951","0"
"Arándiga","Zaragoza","Aragón","-27.913279132791299","0"
"Puente del Congosto","Salamanca","Castilla y León","-9.349593495934959","0"
"Guissona","Lleida","Cataluña-Catalunya","11.366632488647999","0"
"Geldo","Castelló-Castellón","Comunitat Valenciana","-2.548725637181410","0"
"Santiago de la Puebla","Salamanca","Castilla y León","-23.280423280423300","0"
"Moclín","Granada","Andalucía","-12.342941611234300","0"
"Muñotello","Ávila","Castilla y León","-16.393442622950797","0"
"Congosto de Valdavia","Palencia","Castilla y León","-24.193548387096797","0"
"El Cerro de Andévalo","Huelva","Andalucía","-7.642276422764230","0"
"Dúdar","Granada","Andalucía","11.176470588235299","0"
"Castilleja del Campo","Sevilla","Andalucía","-3.265940902021770","0"
"Helechosa de los Montes","Badajoz","Extremadura","-17.902097902097900","0"
"La Olmeda de Jadraque","Guadalajara","Castilla-La Mancha","26.666666666666700","0"
"Acered","Zaragoza","Aragón","-36.818181818181799","0"
"Marines","València-Valencia","Comunitat Valenciana","4.433760683760680","0"
"Casarejos","Soria","Castilla y León","-24.352331606217600","0"
"Bezares","La Rioja","La Rioja","44.444444444444400","0"
"Vilalba Sasserra","Barcelona","Cataluña-Catalunya","6.657223796033990","0"
"els Poblets","Alacant-Alicante","Comunitat Valenciana","-17.522388059701502","0"
"Cabreros del Monte","Valladolid","Castilla y León","-23.287671232876701","0"
"Tronchón","Teruel","Aragón","-25.609756097561000","0"
"Arnes","Tarragona","Cataluña-Catalunya","-4.008438818565400","0"
"Grandes y San Martín","Ávila","Castilla y León","16.129032258064502","0"
"Langa del Castillo","Zaragoza","Aragón","-15.441176470588202","0"
"Santa Olalla de Bureba","Burgos","Castilla y León","20.588235294117599","0"
"Torija","Guadalajara","Castilla-La Mancha","16.396761133603196","0"
"Fuentes Claras","Teruel","Aragón","-18.079096045197698","0"
"El Rasillo de Cameros","La Rioja","La Rioja","5.673758865248231","0"
"Macastre","València-Valencia","Comunitat Valenciana","13.866877971473899","0"
"Almonacid del Marquesado","Cuenca","Castilla-La Mancha","-4.824561403508770","0"
"Piedramillera","Navarra","Comunidad Foral de Navarra","-4.651162790697680","0"
"Utiel","València-Valencia","Comunitat Valenciana","-3.724548915742430","0"
"Montejaque","Málaga","Andalucía","-1.522842639593910","0"
"Aldeacipreste","Salamanca","Castilla y León","-27.692307692307701","0"
"Perarrúa","Huesca","Aragón","0.000000000000000","0"
"Aramaio","Araba-Álava","País Vasco-Euskadi","-4.668470906630580","0"
"Cachorrilla","Cáceres","Extremadura","-8.910891089108910","0"
"Castellar de n'Hug","Barcelona","Cataluña-Catalunya","7.547169811320761","0"
"Cillaperlata","Burgos","Castilla y León","-17.073170731707300","0"
"Villanueva del Trabuco","Málaga","Andalucía","1.707779886148010","0"
"Murla","Alacant-Alicante","Comunitat Valenciana","12.966601178781902","0"
"Pedro Bernardo","Ávila","Castilla y León","-16.828478964401295","0"
"Santiago del Teide","Santa Cruz de Tenerife","Canarias","14.367596484524300","0"
"Reznos","Soria","Castilla y León","-21.875000000000000","0"
"Callosa d'en Sarrià","Alacant-Alicante","Comunitat Valenciana","4.586160108548169","0"
"Sanzoles","Zamora","Castilla y León","-15.742397137746000","0"
"Pitillas","Navarra","Comunidad Foral de Navarra","1.338432122370940","0"
"Masarac","Girona","Cataluña-Catalunya","5.281690140845070","0"
"Villaluenga de la Vega","Palencia","Castilla y León","-9.342560553633220","0"
"Alange","Badajoz","Extremadura","-5.909558067831450","0"
"Ocentejo","Guadalajara","Castilla-La Mancha","-23.809523809523800","0"
"La Garrovilla","Badajoz","Extremadura","-5.628594905505340","0"
"Pinell de Solsonès","Lleida","Cataluña-Catalunya","-6.280193236714980","0"
"Coruña del Conde","Burgos","Castilla y León","-20.634920634920604","0"
"Pinilla de Jadraque","Guadalajara","Castilla-La Mancha","-13.559322033898301","0"
"Valsalabroso","Salamanca","Castilla y León","-20.666666666666700","0"
"Mijas","Málaga","Andalucía","18.278917970614401","0"
"Canjáyar","Almería","Andalucía","-15.531135531135499","0"
"Sanchotello","Salamanca","Castilla y León","-3.056768558951970","0"
"Genalguacil","Málaga","Andalucía","-6.178489702517160","0"
"Algarinejo","Granada","Andalucía","-16.660869565217403","0"
"Igualada","Barcelona","Cataluña-Catalunya","6.226936079068929","0"
"Maià de Montcal","Girona","Cataluña-Catalunya","5.191873589164789","0"
"Fresnedillas de la Oliva","Madrid","Comunidad de Madrid","15.922330097087398","0"
"Alcadozo","Albacete","Castilla-La Mancha","-5.263157894736840","0"
"Samaniego","Araba-Álava","País Vasco-Euskadi","5.172413793103449","0"
"La Losa","Segovia","Castilla y León","-0.185873605947955","0"
"Jalance","València-Valencia","Comunitat Valenciana","-12.621359223301001","0"
"Tardelcuende","Soria","Castilla y León","-6.194690265486731","0"
"Cànoves i Samalús","Barcelona","Cataluña-Catalunya","16.032134125043697","0"
"Zafrilla","Cuenca","Castilla-La Mancha","-30.263157894736800","0"
"Villagonzalo de Tormes","Salamanca","Castilla y León","8.133971291866031","0"
"Terzaga","Guadalajara","Castilla-La Mancha","0.000000000000000","0"
"Piqueras","Guadalajara","Castilla-La Mancha","-29.411764705882401","0"
"Lazagurría","Navarra","Comunidad Foral de Navarra","-10.784313725490200","0"
"Vespella de Gaià","Tarragona","Cataluña-Catalunya","18.465227817745799","0"
"Valle de Bardají","Huesca","Aragón","62.162162162162197","0"
"Garbayuela","Badajoz","Extremadura","-9.023941068139958","0"
"Lozoya","Madrid","Comunidad de Madrid","5.076142131979700","0"
"Merindad de Valdeporres","Burgos","Castilla y León","-6.067415730337080","0"
"Estada","Huesca","Aragón","-5.581395348837209","0"
"Albiztur","Gipuzkoa","País Vasco-Euskadi","-0.611620795107034","0"
"Fuencaliente","Ciudad Real","Castilla-La Mancha","-7.352941176470590","0"
"Camarzana de Tera","Zamora","Castilla y León","-18.853362734288901","0"
"Alfoz de Santa Gadea","Burgos","Castilla y León","-10.810810810810798","0"
"Alustante","Guadalajara","Castilla-La Mancha","-29.569892473118298","0"
"Quintanas de Gormaz","Soria","Castilla y León","-8.450704225352109","0"
"Sumacàrcer","València-Valencia","Comunitat Valenciana","-13.164349959116901","0"
"Yanguas","Soria","Castilla y León","-6.611570247933881","0"
"les Alqueries/Alquerías del Niño Perdido","Castelló-Castellón","Comunitat Valenciana","2.622654307031430","0"
"Cordovilla la Real","Palencia","Castilla y León","31.632653061224499","0"
"Torrehermosa","Zaragoza","Aragón","2.816901408450700","0"
"La Victoria","Córdoba","Andalucía","-3.060796645702311","0"
"Bienservida","Albacete","Castilla-La Mancha","-15.119760479041901","0"
"Baralla","Lugo","Galicia","-10.454217736121100","0"
"Portas","Pontevedra","Galicia","-6.677685950413220","0"
"Xeresa","València-Valencia","Comunitat Valenciana","0.756901157613535","0"
"Palazuelo de Vedija","Valladolid","Castilla y León","-21.182266009852199","0"
"Benijófar","Alacant-Alicante","Comunitat Valenciana","-8.388288050646270","0"
"Baños de Tajo","Guadalajara","Castilla-La Mancha","-16.666666666666700","0"
"Bustillo del Páramo","León","Castilla y León","-20.296296296296294","0"
"Pozuel de Ariza","Zaragoza","Aragón","0.000000000000000","0"
"Els Pallaresos","Tarragona","Cataluña-Catalunya","10.805983478455000","0"
"Nigüelas","Granada","Andalucía","0.738310090237900","0"
"Cuzcurrita de Río Tirón","La Rioja","La Rioja","14.112903225806498","0"
"San Román de los Montes","Toledo","Castilla-La Mancha","11.945945945945899","0"
"Corporales","La Rioja","La Rioja","-11.627906976744200","0"
"Villalba de los Llanos","Salamanca","Castilla y León","-20.422535211267601","0"
"Torremolinos","Málaga","Andalucía","4.574406485234509","0"
"Trabanca","Salamanca","Castilla y León","-21.524663677130000","0"
"Espadañedo","Zamora","Castilla y León","-12.598425196850400","0"
"Almassora","Castelló-Castellón","Comunitat Valenciana","9.477430962997730","0"
"Fresneña","Burgos","Castilla y León","-20.930232558139501","0"
"Carrias","Burgos","Castilla y León","4.347826086956520","0"
"Pozuel del Campo","Teruel","Aragón","-18.518518518518501","0"
"San Vicente de la Cabeza","Zamora","Castilla y León","-28.285077951002201","0"
"Archidona","Málaga","Andalucía","-6.144339512650110","0"
"Espadaña","Salamanca","Castilla y León","0.000000000000000","0"
"Villastar","Teruel","Aragón","4.022988505747130","0"
"Camós","Girona","Cataluña-Catalunya","4.810495626822159","0"
"Senan","Tarragona","Cataluña-Catalunya","-16.981132075471702","0"
"Villarejo de la Peñuela","Cuenca","Castilla-La Mancha","-8.000000000000000","0"
"La Atalaya","Salamanca","Castilla y León","-21.875000000000000","0"
"Huerta del Marquesado","Cuenca","Castilla-La Mancha","-12.807881773399000","0"
"Arandilla del Arroyo","Cuenca","Castilla-La Mancha","-35.294117647058805","0"
"Ribota","Segovia","Castilla y León","9.302325581395351","0"
"Usagre","Badajoz","Extremadura","-7.271762208067940","0"
"Campanario","Badajoz","Extremadura","-8.490930142802011","0"
"Villaflor","Ávila","Castilla y León","-21.538461538461501","0"
"Añora","Córdoba","Andalucía","-3.086816720257231","0"
"San Miguel del Cinca","Huesca","Aragón","-6.220657276995310","0"
"Cabizuela","Ávila","Castilla y León","-12.000000000000000","0"
"Lamasón","Cantabria","Cantabria","-12.585034013605402","0"
"Ribadumia","Pontevedra","Galicia","1.685283166764650","0"
"Frontera","Santa Cruz de Tenerife","Canarias","14.457831325301202","0"
"Quartell","València-Valencia","Comunitat Valenciana","8.712613784135240","0"
"Figueroles","Castelló-Castellón","Comunitat Valenciana","-5.646630236794170","0"
"Alicún","Almería","Andalucía","-7.531380753138080","0"
"Maire de Castroponce","Zamora","Castilla y León","-2.097902097902100","0"
"Muñoveros","Segovia","Castilla y León","-13.939393939393900","0"
"Vilamaniscle","Girona","Cataluña-Catalunya","16.470588235294102","0"
"Palacios de Riopisuerga","Burgos","Castilla y León","-38.709677419354804","0"
"Santa Ana","Cáceres","Extremadura","9.454545454545460","0"
"Anglès","Girona","Cataluña-Catalunya","4.958972529432749","0"
"Seira","Huesca","Aragón","9.523809523809520","0"
"Ilche","Huesca","Aragón","-12.149532710280399","0"
"Fresneda de la Sierra Tirón","Burgos","Castilla y León","-24.626865671641799","0"
"Arahuetes","Segovia","Castilla y León","-40.476190476190503","0"
"Camuñas","Toledo","Castilla-La Mancha","-4.128191200434550","0"
"Añover de Tormes","Salamanca","Castilla y León","-5.319148936170209","0"
"San Vicente de Alcántara","Badajoz","Extremadura","-8.087336244541481","0"
"Santiago Millas","León","Castilla y León","9.969788519637460","0"
"Bargota","Navarra","Comunidad Foral de Navarra","-12.881355932203400","0"
"Villarmayor","Salamanca","Castilla y León","-23.611111111111100","0"
"Cuevas del Becerro","Málaga","Andalucía","-4.670658682634730","0"
"Sierra de Yeguas","Málaga","Andalucía","-0.754936120789779","0"
"Antas de Ulla","Lugo","Galicia","-12.314126394052000","0"
"Bodonal de la Sierra","Badajoz","Extremadura","-8.417200365965227","0"
"Santa María de los Llanos","Cuenca","Castilla-La Mancha","-4.741980474198050","0"
"El Milano","Salamanca","Castilla y León","-21.848739495798299","0"
"Sueras/Suera","Castelló-Castellón","Comunitat Valenciana","-4.507512520868111","0"
"Muñosancho","Ávila","Castilla y León","-20.000000000000000","0"
"Arquillos","Jaén","Andalucía","-11.578947368421101","0"
"Solsona","Lleida","Cataluña-Catalunya","1.147016653799490","0"
"Churriana de la Vega","Granada","Andalucía","20.458540873132101","0"
"Barbués","Huesca","Aragón","-6.521739130434780","0"
"Puebla de Alcocer","Badajoz","Extremadura","-9.527622097678140","0"
"el Puig de Santa Maria","València-Valencia","Comunitat Valenciana","1.227062929190590","0"
"Castaño del Robledo","Huelva","Andalucía","5.213270142180100","0"
"Valle de Abdalajís","Málaga","Andalucía","-8.370870870870869","0"
"Gomesende","Ourense","Galicia","-19.927971188475400","0"
"Tardajos","Burgos","Castilla y León","-0.374064837905237","0"
"Capmany","Girona","Cataluña-Catalunya","9.150326797385619","0"
"Videmala","Zamora","Castilla y León","-9.375000000000000","0"
"Sisante","Cuenca","Castilla-La Mancha","-9.111111111111111","0"
"Quart","Girona","Cataluña-Catalunya","17.000871839581503","0"
"Escalante","Cantabria","Cantabria","-0.663129973474801","0"
"Farrera","Lleida","Cataluña-Catalunya","-0.800000000000000","0"
"Villanueva de la Fuente","Ciudad Real","Castilla-La Mancha","-17.785378366823402","0"
"Nueno","Huesca","Aragón","2.867383512544800","0"
"Brazacorta","Burgos","Castilla y León","-36.486486486486498","0"
"San Esteban de Litera","Huesca","Aragón","25.252525252525299","0"
"Ucero","Soria","Castilla y León","30.769230769230802","0"
"Valdeconcha","Guadalajara","Castilla-La Mancha","30.555555555555596","0"
"San Román de la Cuba","Palencia","Castilla y León","-33.750000000000000","0"
"Boadella i les Escaules","Girona","Cataluña-Catalunya","5.645161290322580","0"
"Castillejo de Mesleón","Segovia","Castilla y León","-26.000000000000000","0"
"Arredondo","Cantabria","Cantabria","-5.719921104536490","0"
"Mecerreyes","Burgos","Castilla y León","-31.182795698924700","0"
"Bordón","Teruel","Aragón","-1.754385964912280","0"
"Santa Cruz del Comercio","Granada","Andalucía","-3.985507246376810","0"
"La Cumbre","Cáceres","Extremadura","-9.580193756727660","0"
"Aldealengua de Santa María","Segovia","Castilla y León","13.793103448275902","0"
"Moixent/Mogente","València-Valencia","Comunitat Valenciana","-5.109331024031181","0"
"Pesquera de Duero","Valladolid","Castilla y León","-9.594882729211090","0"
"Paracuellos","Cuenca","Castilla-La Mancha","-16.814159292035402","0"
"Partido de la Sierra en Tobalina","Burgos","Castilla y León","2.325581395348840","0"
"Sant Martí Vell","Girona","Cataluña-Catalunya","11.157024793388398","0"
"Enguera","València-Valencia","Comunitat Valenciana","-9.639009639009638","0"
"El Madroño","Sevilla","Andalucía","-2.302631578947370","0"
"Hinojosa del Duque","Córdoba","Andalucía","-7.676115632893629","0"
"Veganzones","Segovia","Castilla y León","-23.018867924528298","0"
"Retortillo","Salamanca","Castilla y León","-27.800829875518698","0"
"Santa María de Sando","Salamanca","Castilla y León","-22.834645669291302","0"
"Peral de Arlanza","Burgos","Castilla y León","4.242424242424240","0"
"Ciruelos","Toledo","Castilla-La Mancha","5.073649754500820","0"
"Monesterio","Badajoz","Extremadura","-2.094361334867660","0"
"Viloria","Valladolid","Castilla y León","-1.944444444444440","0"
"Cihuela","Soria","Castilla y León","-31.034482758620701","0"
"La Carrera","Ávila","Castilla y León","-20.689655172413797","0"
"Malpartida","Salamanca","Castilla y León","-10.891089108910901","0"
"Berrocalejo de Aragona","Ávila","Castilla y León","4.347826086956520","0"
"Gautegiz Arteaga","Bizkaia","País Vasco-Euskadi","2.419354838709680","0"
"Megina","Guadalajara","Castilla-La Mancha","-38.000000000000000","0"
"Santa Cruz de la Salceda","Burgos","Castilla y León","-16.564417177914098","0"
"Conquista de la Sierra","Cáceres","Extremadura","-5.940594059405941","0"
"Sotobañado y Priorato","Palencia","Castilla y León","-4.819277108433741","0"
"Carballeda de Avia","Ourense","Galicia","-12.374100719424499","0"
"Robledillo de Trujillo","Cáceres","Extremadura","-7.291666666666670","0"
"Pajarejos","Segovia","Castilla y León","23.809523809523800","0"
"Graus","Huesca","Aragón","-0.408282298046078","0"
"Crespos","Ávila","Castilla y León","-10.231660231660202","0"
"Algar de Palància","València-Valencia","Comunitat Valenciana","6.464646464646470","0"
"Saldón","Teruel","Aragón","-22.222222222222200","0"
"Orcera","Jaén","Andalucía","-9.963674104826149","0"
"Segart","València-Valencia","Comunitat Valenciana","-9.782608695652170","0"
"Vilassar de Dalt","Barcelona","Cataluña-Catalunya","3.918036478270660","0"
"Castelló de Farfanya","Lleida","Cataluña-Catalunya","-6.017699115044249","0"
"Alegría-Dulantzi","Araba-Álava","País Vasco-Euskadi","1.709401709401710","0"
"Budia","Guadalajara","Castilla-La Mancha","-2.803738317757010","0"
"La Alameda de Gardón","Salamanca","Castilla y León","-14.130434782608699","0"
"La Coronada","Badajoz","Extremadura","-2.002730996813840","0"
"Sebúlcor","Segovia","Castilla y León","-8.633093525179859","0"
"Marazuela","Segovia","Castilla y León","-1.886792452830190","0"
"San Cebrián de Castro","Zamora","Castilla y León","-13.978494623655902","0"
"Orcajo","Zaragoza","Aragón","3.508771929824560","0"
"Cilleros","Cáceres","Extremadura","-10.844748858447499","0"
"Valdelosa","Salamanca","Castilla y León","-6.919642857142859","0"
"Cortegada","Ourense","Galicia","-13.350125944584400","0"
"Albuixech","València-Valencia","Comunitat Valenciana","10.790816326530601","0"
"L'Espunyola","Barcelona","Cataluña-Catalunya","2.702702702702700","0"
"Galdames","Bizkaia","País Vasco-Euskadi","2.331288343558280","0"
"Riodeva","Teruel","Aragón","-20.000000000000000","0"
"Alcàntera de Xúquer","València-Valencia","Comunitat Valenciana","4.740740740740740","0"
"Rute","Córdoba","Andalucía","-5.853470684509480","0"
"Lanzuela","Teruel","Aragón","-6.666666666666670","0"
"Barbarin","Navarra","Comunidad Foral de Navarra","-26.984126984127002","0"
"Alquézar","Huesca","Aragón","17.171717171717201","0"
"Prullans","Lleida","Cataluña-Catalunya","28.708133971291900","0"
"Marchagaz","Cáceres","Extremadura","4.329004329004331","0"
"Manises","València-Valencia","Comunitat Valenciana","2.396704936109490","0"
"Jaraba","Zaragoza","Aragón","-14.589665653495400","0"
"Sagàs","Barcelona","Cataluña-Catalunya","1.342281879194630","0"
"Mudá","Palencia","Castilla y León","-21.052631578947405","0"
"Encinacorba","Zaragoza","Aragón","-22.127659574468101","0"
"Lagunilla","Salamanca","Castilla y León","-16.793893129771000","0"
"Cantagallo","Salamanca","Castilla y León","0.732600732600733","0"
"Orellana de la Sierra","Badajoz","Extremadura","6.589147286821710","0"
"Altarejos","Cuenca","Castilla-La Mancha","14.754098360655700","0"
"Vilviestre del Pinar","Burgos","Castilla y León","-19.365079365079399","0"
"Partaloa","Almería","Andalucía","37.704918032786907","0"
"Salas de Bureba","Burgos","Castilla y León","-6.250000000000000","0"
"Cortes y Graena","Granada","Andalucía","-4.496578690127079","0"
"Horcajo de los Montes","Ciudad Real","Castilla-La Mancha","-17.898022892819998","0"
"Montoliu de Segarra","Lleida","Cataluña-Catalunya","-5.181347150259071","0"
"Navata","Girona","Cataluña-Catalunya","16.085578446909700","0"
"Villasbuenas","Salamanca","Castilla y León","-21.495327102803699","0"
"Albero Bajo","Huesca","Aragón","6.557377049180330","0"
"Gelves","Sevilla","Andalucía","7.225433526011559","0"
"Cúllar Vega","Granada","Andalucía","8.838772937386189","0"
"Fuente Encalada","Zamora","Castilla y León","-18.421052631578899","0"
"Castalla","Alacant-Alicante","Comunitat Valenciana","12.047717637779702","0"
"Begues","Barcelona","Cataluña-Catalunya","12.265861027190301","0"
"Albalate de las Nogueras","Cuenca","Castilla-La Mancha","-7.291666666666670","0"
"Torrecuadradilla","Guadalajara","Castilla-La Mancha","0.000000000000000","0"
"Ibros","Jaén","Andalucía","-8.827448367754830","0"
"Canfranc","Huesca","Aragón","7.581227436823101","0"
"Ábalos","La Rioja","La Rioja","-12.244897959183699","0"
"Medio Cudeyo","Cantabria","Cantabria","1.583949313621960","0"
"Piedratajada","Zaragoza","Aragón","-21.238938053097300","0"
"Navalperal de Tormes","Ávila","Castilla y León","-17.821782178217799","0"
"Tamarón","Burgos","Castilla y León","40.476190476190503","0"
"Gea de Albarracín","Teruel","Aragón","13.853904282115900","0"
"Ribas de Campos","Palencia","Castilla y León","-7.831325301204819","0"
"Riofrío de Riaza","Segovia","Castilla y León","34.482758620689701","0"
"Villanueva de Alcardete","Toledo","Castilla-La Mancha","-15.986490289895901","0"
"La Tala","Salamanca","Castilla y León","-20.408163265306101","0"
"Ogíjares","Granada","Andalucía","8.201154886338720","0"
"Rebollar","Cáceres","Extremadura","-9.909909909909910","0"
"Portillo de Toledo","Toledo","Castilla-La Mancha","4.434389140271491","0"
"María","Almería","Andalucía","-8.060836501901141","0"
"Corcubión","A Coruña","Galicia","-1.495215311004780","0"
"Santa Ana de Pusa","Toledo","Castilla-La Mancha","-20.823798627002297","0"
"Aguadulce","Sevilla","Andalucía","-4.792926942764080","0"
"Manchita","Badajoz","Extremadura","-1.314060446780550","0"
"La Vid de Ojeda","Palencia","Castilla y León","-14.678899082568799","0"
"Alacón","Teruel","Aragón","-32.484076433121004","0"
"Barbate","Cádiz","Andalucía","-0.218713092165697","0"
"Pedroso","La Rioja","La Rioja","15.584415584415600","0"
"Benidoleig","Alacant-Alicante","Comunitat Valenciana","2.439024390243900","0"
"Torà","Lleida","Cataluña-Catalunya","-0.083194675540765","0"
"Lanaja","Huesca","Aragón","-11.404833836858000","0"
"Massanes","Girona","Cataluña-Catalunya","15.076071922545001","0"
"Alegia","Gipuzkoa","País Vasco-Euskadi","1.548165137614680","0"
"Puebla de Azaba","Salamanca","Castilla y León","-32.870370370370402","0"
"Retuerta","Burgos","Castilla y León","-4.615384615384620","0"
"Arróniz","Navarra","Comunidad Foral de Navarra","-3.988868274582560","0"
"Avinyonet de Puigventós","Girona","Cataluña-Catalunya","6.325110689437070","0"
"Vileña","Burgos","Castilla y León","-16.129032258064502","0"
"Benicarló","Castelló-Castellón","Comunitat Valenciana","8.144489272651859","0"
"Folgueroles","Barcelona","Cataluña-Catalunya","0.398406374501992","0"
"Iglesiarrubia","Burgos","Castilla y León","9.302325581395351","0"
"Turre","Almería","Andalucía","14.847039012068500","0"
"L'Escala","Girona","Cataluña-Catalunya","3.302770383515730","0"
"Pertusa","Huesca","Aragón","13.223140495867799","0"
"Jimena","Jaén","Andalucía","-9.941089837997051","0"
"Trasobares","Zaragoza","Aragón","-10.218978102189798","0"
"Benadalid","Málaga","Andalucía","-9.090909090909092","0"
"Cijuela","Granada","Andalucía","13.119351822997800","0"
"Caracena","Soria","Castilla y León","0.000000000000000","0"
"Chucena","Huelva","Andalucía","10.643564356435601","0"
"Matadepera","Barcelona","Cataluña-Catalunya","11.966972061983903","0"
"Begur","Girona","Cataluña-Catalunya","5.558337506259391","0"
"Silla","València-Valencia","Comunitat Valenciana","5.572838446685260","0"
"Mondéjar","Guadalajara","Castilla-La Mancha","7.701062215478001","0"
"Malanquilla","Zaragoza","Aragón","-29.464285714285701","0"
"Favara","València-Valencia","Comunitat Valenciana","9.629629629629630","0"
"Biure","Girona","Cataluña-Catalunya","-2.040816326530610","0"
"Colmenarejo","Madrid","Comunidad de Madrid","6.715916722632640","0"
"Artea","Bizkaia","País Vasco-Euskadi","-2.709677419354840","0"
"Granada","Granada","Andalucía","-2.923718110634000","0"
"Almegíjar","Granada","Andalucía","-7.202216066482000","0"
"Castrotierra de Valmadrigal","León","Castilla y León","-6.140350877192979","0"
"Alcubillas","Ciudad Real","Castilla-La Mancha","-15.559772296015201","0"
"Nueva Carteya","Córdoba","Andalucía","-4.025270758122740","0"
"Vilafamés","Castelló-Castellón","Comunitat Valenciana","0.156903765690377","0"
"Espinoso del Rey","Toledo","Castilla-La Mancha","-20.676691729323299","0"
"Cerezo","Cáceres","Extremadura","-22.162162162162197","0"
"Abengibre","Albacete","Castilla-La Mancha","-1.935483870967740","0"
"Cillán","Ávila","Castilla y León","-30.769230769230802","0"
"Vacarisses","Barcelona","Cataluña-Catalunya","19.974268253457701","0"
"Velilla de la Sierra","Soria","Castilla y León","7.692307692307691","0"
"Casafranca","Salamanca","Castilla y León","2.857142857142860","0"
"Aretxabaleta","Gipuzkoa","País Vasco-Euskadi","2.287348105789850","0"
"Matabuena","Segovia","Castilla y León","5.729166666666670","0"
"Montuïri","Illes Balears","Illes Balears","8.864265927977842","0"
"Sarrión","Teruel","Aragón","3.906250000000000","0"
"Cervera de Buitrago","Madrid","Comunidad de Madrid","-5.747126436781610","0"
"Bugarra","València-Valencia","Comunitat Valenciana","3.571428571428570","0"
"Casares","Málaga","Andalucía","41.208217270195000","0"
"San Cristóbal de Segovia","Segovia","Castilla y León","7.247363048656010","0"
"Camas","Sevilla","Andalucía","5.595349709356830","0"
"La Bisbal d'Empordà","Girona","Cataluña-Catalunya","5.780131957996471","0"
"Arrancacepas","Cuenca","Castilla-La Mancha","-38.461538461538495","0"
"Barbadillo del Mercado","Burgos","Castilla y León","-2.758620689655170","0"
"Albaladejo del Cuende","Cuenca","Castilla-La Mancha","-25.249169435215897","0"
"Aceuchal","Badajoz","Extremadura","-1.661249548573490","0"
"Angüés","Huesca","Aragón","-7.673267326732669","0"
"Buitrago","Soria","Castilla y León","22.950819672131100","0"
"Salas Bajas","Huesca","Aragón","18.633540372670801","0"
"Benaguasil","València-Valencia","Comunitat Valenciana","7.825692237857470","0"
"Palenciana","Córdoba","Andalucía","-8.274984086569070","0"
"Valverde de Júcar","Cuenca","Castilla-La Mancha","-9.052808046940491","0"
"Valdenebro","Soria","Castilla y León","-25.806451612903199","0"
"Aiguaviva","Girona","Cataluña-Catalunya","-1.660280970625800","0"
"Torre de Miguel Sesmero","Badajoz","Extremadura","-3.453689167974880","0"
"Burjassot","València-Valencia","Comunitat Valenciana","5.475412449191040","0"
"Jaramillo Quemado","Burgos","Castilla y León","150.000000000000000","0"
"Sancedo","León","Castilla y León","-5.840707964601769","0"
"Baterno","Badajoz","Extremadura","-24.767801857585102","0"
"Baraona","Soria","Castilla y León","-23.976608187134499","0"
"Linares de la Sierra","Huelva","Andalucía","23.043478260869598","0"
"Guirguillano","Navarra","Comunidad Foral de Navarra","-17.441860465116299","0"
"Salinas de Pisuerga","Palencia","Castilla y León","-12.359550561797800","0"
"Otero de Bodas","Zamora","Castilla y León","-17.098445595854901","0"
"Villalonso","Zamora","Castilla y León","-24.210526315789501","0"
"Monesma y Cajigar","Huesca","Aragón","-25.000000000000000","0"
"Berrueco","Zaragoza","Aragón","-13.157894736842101","0"
"Berbegal","Huesca","Aragón","-17.647058823529399","0"
"Muruzábal","Navarra","Comunidad Foral de Navarra","-0.738007380073801","0"
"Olmeda del Rey","Cuenca","Castilla-La Mancha","-6.617647058823531","0"
"La Torre de Esteban Hambrán","Toledo","Castilla-La Mancha","4.707884288145210","0"
"Sant Julià de Cerdanyola","Barcelona","Cataluña-Catalunya","1.255230125523010","0"
"El Picazo","Cuenca","Castilla-La Mancha","-2.404526166902400","0"
"Degaña","Asturias","Principado de Asturias","-27.477477477477500","0"
"Cirauqui/Zirauki","Navarra","Comunidad Foral de Navarra","-4.887983706720980","0"
"Olvena","Huesca","Aragón","17.543859649122801","0"
"Torralba","Cuenca","Castilla-La Mancha","-18.656716417910403","0"
"Fuentecambrón","Soria","Castilla y León","-23.809523809523800","0"
"Ausejo","La Rioja","La Rioja","-11.568409343715201","0"
"Cubells","Lleida","Cataluña-Catalunya","-12.911392405063301","0"
"Buniel","Burgos","Castilla y León","22.504892367906098","0"
"La Cerollera","Teruel","Aragón","-29.245283018867902","0"
"Azuaga","Badajoz","Extremadura","-6.396562308164519","0"
"Jaramillo de la Fuente","Burgos","Castilla y León","-19.230769230769198","0"
"Torre de las Arcas","Teruel","Aragón","-14.285714285714301","0"
"Santa María del Campo Rus","Cuenca","Castilla-La Mancha","-18.558282208589002","0"
"Hinojales","Huelva","Andalucía","13.840830449826999","0"
"Cinctorres","Castelló-Castellón","Comunitat Valenciana","-5.947136563876650","0"
"Cruïlles, Monells i Sant Sadurní de l'Heura","Girona","Cataluña-Catalunya","3.037383177570090","0"
"Xeraco","València-Valencia","Comunitat Valenciana","0.270865075334349","0"
"Beas de Segura","Jaén","Andalucía","-10.068567304222301","0"
"El Pedregal","Guadalajara","Castilla-La Mancha","-25.882352941176503","0"
"València","València-Valencia","Comunitat Valenciana","2.704520716560020","0"
"Salinillas de Bureba","Burgos","Castilla y León","-5.882352941176469","0"
"Auritz/Burguete","Navarra","Comunidad Foral de Navarra","-10.384615384615401","0"
"Bejís","Castelló-Castellón","Comunitat Valenciana","0.738916256157635","0"
"Fuente del Maestre","Badajoz","Extremadura","-4.054445409788590","0"
"Verín","Ourense","Galicia","-7.098007098007101","0"
"Chozas de Canales","Toledo","Castilla-La Mancha","25.488642366613799","0"
"Villalar de los Comuneros","Valladolid","Castilla y León","9.255079006772011","0"
"Rafelcofer","València-Valencia","Comunitat Valenciana","-2.279202279202280","0"
"Villanueva del Río y Minas","Sevilla","Andalucía","-1.906653426017870","0"
"Manzaneque","Toledo","Castilla-La Mancha","-1.990049751243780","0"
"Monsalupe","Ávila","Castilla y León","-9.230769230769230","0"
"Cortes de Aragón","Teruel","Aragón","0.000000000000000","0"
"Molló","Girona","Cataluña-Catalunya","10.914454277286099","0"
"Argentona","Barcelona","Cataluña-Catalunya","7.381091699406500","0"
"Toril y Masegoso","Teruel","Aragón","3.125000000000000","0"
"Abajas","Burgos","Castilla y León","-3.448275862068960","0"
"Abia de las Torres","Palencia","Castilla y León","-9.239130434782611","0"
"Vilar de Barrio","Ourense","Galicia","-19.933333333333298","0"
"Bielsa","Huesca","Aragón","-2.822580645161290","0"
"Navalafuente","Madrid","Comunidad de Madrid","37.102177554438903","0"
"Gómara","Soria","Castilla y León","-15.774647887323901","0"
"Sant Agustí de Lluçanès","Barcelona","Cataluña-Catalunya","19.780219780219799","0"
"Villerías de Campos","Palencia","Castilla y León","-22.340425531914896","0"
"Izalzu/Itzaltzu","Navarra","Comunidad Foral de Navarra","-24.000000000000000","0"
"Lucena de Jalón","Zaragoza","Aragón","-7.142857142857141","0"
"Deià","Illes Balears","Illes Balears","-12.109375000000000","0"
"Santurde de Rioja","La Rioja","La Rioja","-3.780068728522340","0"
"Villaverde y Pasaconsol","Cuenca","Castilla-La Mancha","-2.023121387283240","0"
"Val de San Martín","Zaragoza","Aragón","-12.676056338028200","0"
"Culleredo","A Coruña","Galicia","4.858327104708840","0"
"Senija","Alacant-Alicante","Comunitat Valenciana","7.717041800643091","0"
"El Carrascalejo","Badajoz","Extremadura","14.705882352941201","0"
"Samboal","Segovia","Castilla y León","-4.918032786885250","0"
"Moraleda de Zafayona","Granada","Andalucía","-2.915632754342430","0"
"Llano de Bureba","Burgos","Castilla y León","-30.434782608695699","0"
"San Martín del Tesorillo","Cádiz","Andalucía","0.000000000000000","0"
"L'Arboç","Tarragona","Cataluña-Catalunya","3.590208522212150","0"
"Sacramenia","Segovia","Castilla y León","-17.948717948717896","0"
"Mutxamel","Alacant-Alicante","Comunitat Valenciana","11.744800264113600","0"
"Villamontán de la Valduerna","León","Castilla y León","-15.693430656934300","0"
"Banyeres del Penedès","Tarragona","Cataluña-Catalunya","9.780830879947660","0"
"Siétamo","Huesca","Aragón","1.629629629629630","0"
"Castellví de la Marca","Barcelona","Cataluña-Catalunya","5.349276274386410","0"
"Cañamaque","Soria","Castilla y León","-20.588235294117599","0"
"Barrika","Bizkaia","País Vasco-Euskadi","-0.260247234873130","0"
"Sevilla la Nueva","Madrid","Comunidad de Madrid","7.823436441634680","0"
"Villanueva de Alcorón","Guadalajara","Castilla-La Mancha","-23.913043478260899","0"
"Torrejón del Rey","Guadalajara","Castilla-La Mancha","20.582524271844701","0"
"Plou","Teruel","Aragón","6.521739130434780","0"
"Santa Coloma de Queralt","Tarragona","Cataluña-Catalunya","-4.298874104401230","0"
"Antas","Almería","Andalucía","8.098702942106932","0"
"Brea de Tajo","Madrid","Comunidad de Madrid","-4.401408450704230","0"
"Orusco de Tajuña","Madrid","Comunidad de Madrid","10.288386593920499","0"
"Colindres","Cantabria","Cantabria","3.348646034816250","0"
"Maguilla","Badajoz","Extremadura","-6.633663366336631","0"
"Puebla de la Calzada","Badajoz","Extremadura","-2.987815055917210","0"
"Bañobárez","Salamanca","Castilla y León","-12.772585669781900","0"
"Cervera de los Montes","Toledo","Castilla-La Mancha","-3.846153846153850","0"
"Fuentespina","Burgos","Castilla y León","5.475880052151240","0"
"Palamós","Girona","Cataluña-Catalunya","2.740803145183940","0"
"Salcedillo","Teruel","Aragón","0.000000000000000","0"
"Villamayor de Campos","Zamora","Castilla y León","-6.666666666666670","0"
"Sant Martí d'Albars","Barcelona","Cataluña-Catalunya","14.150943396226399","0"
"Sant Esteve de Palautordera","Barcelona","Cataluña-Catalunya","20.260663507109001","0"
"Arroyo del Ojanco","Jaén","Andalucía","-10.916496945010200","0"
"Villafranca de la Sierra","Ávila","Castilla y León","-4.411764705882350","0"
"Artziniega","Araba-Álava","País Vasco-Euskadi","0.770077007700770","0"
"Sacecorbo","Guadalajara","Castilla-La Mancha","6.250000000000000","0"
"Alhama de Granada","Granada","Andalucía","-8.657728961395581","0"
"Cantiveros","Ávila","Castilla y León","-26.515151515151501","0"
"Cabezabellosa de la Calzada","Salamanca","Castilla y León","-21.052631578947405","0"
"Sales de Llierca","Girona","Cataluña-Catalunya","25.563909774436098","0"
"Montejo de la Vega de la Serrezuela","Segovia","Castilla y León","-15.231788079470201","0"
"Cazalla de la Sierra","Sevilla","Andalucía","-7.502977371973010","0"
"Albuñán","Granada","Andalucía","-2.558139534883720","0"
"Sagunt/Sagunto","València-Valencia","Comunitat Valenciana","7.884251496084800","0"
"Hornillos del Camino","Burgos","Castilla y León","-10.000000000000000","0"
"Graja de Iniesta","Cuenca","Castilla-La Mancha","-8.226221079691522","0"
"Villarrodrigo","Jaén","Andalucía","-16.375545851528400","0"
"Valhermoso","Guadalajara","Castilla-La Mancha","-40.000000000000000","0"
"Cabranes","Asturias","Principado de Asturias","2.790697674418610","0"
"Masllorenç","Tarragona","Cataluña-Catalunya","10.982658959537600","0"
"La Puebla de Cazalla","Sevilla","Andalucía","-4.122621564482031","0"
"Vélez-Málaga","Málaga","Andalucía","9.727791486736582","0"
"Encinedo","León","Castilla y León","-22.991347342397997","0"
"Ferreras de Abajo","Zamora","Castilla y León","-19.723183391003499","0"
"Valdeprado","Soria","Castilla y León","-42.857142857142904","0"
"Cabañas de Polendos","Segovia","Castilla y León","13.407821229050301","0"
"Higueruelas","València-Valencia","Comunitat Valenciana","3.571428571428570","0"
"Peromingo","Salamanca","Castilla y León","-12.857142857142902","0"
"Cástaras","Granada","Andalucía","-7.438016528925620","0"
"Cabezón de la Sierra","Burgos","Castilla y León","-18.750000000000000","0"
"Torre la Ribera","Huesca","Aragón","-8.490566037735851","0"
"Torralba del Pinar","Castelló-Castellón","Comunitat Valenciana","43.750000000000000","0"
"Vejer de la Frontera","Cádiz","Andalucía","-0.255873458943940","0"
"Els Omellons","Lleida","Cataluña-Catalunya","-15.086206896551699","0"
"La Nou de Berguedà","Barcelona","Cataluña-Catalunya","13.333333333333300","0"
"Riópar","Albacete","Castilla-La Mancha","-10.223425863236299","0"
"Vallgorguina","Barcelona","Cataluña-Catalunya","18.710633567988097","0"
"Villabraz","León","Castilla y León","2.727272727272730","0"
"Rasueros","Ávila","Castilla y León","-23.696682464455002","0"
"Vegas del Genil","Granada","Andalucía","18.521044427123897","0"
"Los Pintanos","Zaragoza","Aragón","-9.090909090909092","0"
"Espinelves","Girona","Cataluña-Catalunya","26.530612244897998","0"
"Viver i Serrateix","Barcelona","Cataluña-Catalunya","-0.574712643678161","0"
"Villalba de Perejil","Zaragoza","Aragón","-10.784313725490200","0"
"Utebo","Zaragoza","Aragón","2.854197189212650","0"
"Guntín","Lugo","Galicia","-12.845917321489599","0"
"Campins","Barcelona","Cataluña-Catalunya","13.051823416506700","0"
"Lladurs","Lleida","Cataluña-Catalunya","-5.128205128205130","0"
"Fontanar","Guadalajara","Castilla-La Mancha","12.260536398467400","0"
"Uharte Arakil","Navarra","Comunidad Foral de Navarra","-3.933253873659120","0"
"Terroba","La Rioja","La Rioja","20.588235294117599","0"
"La Encina","Salamanca","Castilla y León","-16.528925619834702","0"
"Itero de la Vega","Palencia","Castilla y León","-21.925133689839601","0"
"Calzada de los Molinos","Palencia","Castilla y León","-10.029498525073700","0"
"Santisteban del Puerto","Jaén","Andalucía","-5.730050933786080","0"
"La Morera de Montsant","Tarragona","Cataluña-Catalunya","-2.547770700636940","0"
"Tamurejo","Badajoz","Extremadura","-12.765957446808500","0"
"Carnota","A Coruña","Galicia","-12.819926873857399","0"
"Argañín","Zamora","Castilla y León","-5.128205128205130","0"
"Fuente Obejuna","Córdoba","Andalucía","-11.005845595645999","0"
"Villaornate y Castro","León","Castilla y León","-10.621761658031099","0"
"Luyego","León","Castilla y León","-23.243243243243199","0"
"Sayalonga","Málaga","Andalucía","8.928571428571429","0"
"Villamanrique","Ciudad Real","Castilla-La Mancha","-17.188693659281899","0"
"Villar de Peralonso","Salamanca","Castilla y León","-19.615384615384599","0"
"Aiguafreda","Barcelona","Cataluña-Catalunya","2.762209767814250","0"
"Tejadillos","Cuenca","Castilla-La Mancha","-10.344827586206899","0"
"Manzanera","Teruel","Aragón","2.661596958174910","0"
"Zorita del Maestrazgo","Castelló-Castellón","Comunitat Valenciana","-9.302325581395351","0"
"Pereña de la Ribera","Salamanca","Castilla y León","-20.408163265306101","0"
"Tremp","Lleida","Cataluña-Catalunya","-5.455987311657419","0"
"Vallromanes","Barcelona","Cataluña-Catalunya","7.383882493052800","0"
"Sabiñán","Zaragoza","Aragón","-10.860927152317901","0"
"Vilanova d'Alcolea","Castelló-Castellón","Comunitat Valenciana","-4.801324503311261","0"
"Benicàssim/Benicasim","Castelló-Castellón","Comunitat Valenciana","9.422475730817750","0"
"Clarés de Ribota","Zaragoza","Aragón","-3.896103896103900","0"
"Roales de Campos","Valladolid","Castilla y León","-10.810810810810798","0"
"Donhierro","Segovia","Castilla y León","-18.095238095238098","0"
"Villamuera de la Cueza","Palencia","Castilla y León","-17.391304347826100","0"
"Els Prats de Rei","Barcelona","Cataluña-Catalunya","3.910614525139660","0"
"Bellvei","Tarragona","Cataluña-Catalunya","8.923643054277830","0"
"Maruri-Jatabe","Bizkaia","País Vasco-Euskadi","13.121693121693101","0"
"Santibáñez de Valcorba","Valladolid","Castilla y León","-2.645502645502650","0"
"Galilea","La Rioja","La Rioja","7.945205479452060","0"
"el Palomar","València-Valencia","Comunitat Valenciana","-1.712328767123290","0"
"La Bouza","Salamanca","Castilla y León","-35.616438356164394","0"
"Palacios del Pan","Zamora","Castilla y León","-9.469696969696971","0"
"Ferreira","Granada","Andalucía","-2.760736196319020","0"
"Tordoia","A Coruña","Galicia","-14.516999460334599","0"
"Ahillones","Badajoz","Extremadura","-19.494949494949502","0"
"Ador","València-Valencia","Comunitat Valenciana","20.411055988660500","0"
"Paredes","Cuenca","Castilla-La Mancha","13.636363636363601","0"
"Sant Lluís","Illes Balears","Illes Balears","-6.062633832976450","0"
"Villamayor de Treviño","Burgos","Castilla y León","-24.358974358974397","0"
"Odieta","Navarra","Comunidad Foral de Navarra","2.472527472527470","0"
"Torrelameu","Lleida","Cataluña-Catalunya","5.923836389280680","0"
"La Peza","Granada","Andalucía","-10.688836104513101","0"
"Montalbán de Córdoba","Córdoba","Andalucía","-0.156529516994633","0"
"Rágama","Salamanca","Castilla y León","-16.734693877551003","0"
"Santa Colomba de las Monjas","Zamora","Castilla y León","-15.602836879432601","0"
"Algemesí","València-Valencia","Comunitat Valenciana","-1.330552359033370","0"
"Rionegro del Puente","Zamora","Castilla y León","-26.959247648902796","0"
"Fuenteheridos","Huelva","Andalucía","28.960000000000001","0"
"Hacinas","Burgos","Castilla y León","-8.536585365853661","0"
"Cuevas Bajas","Málaga","Andalucía","-6.568832983927320","0"
"San Miguel de Salinas","Alacant-Alicante","Comunitat Valenciana","-1.635074518882940","0"
"Villanueva de Argecilla","Guadalajara","Castilla-La Mancha","-12.820512820512798","0"
"Sansol","Navarra","Comunidad Foral de Navarra","-16.346153846153801","0"
"Tolva","Huesca","Aragón","-15.540540540540499","0"
"San Pedro de Mérida","Badajoz","Extremadura","3.048065650644780","0"
"Ludiente","Castelló-Castellón","Comunitat Valenciana","-11.428571428571399","0"
"Barjas","León","Castilla y León","-21.182266009852199","0"
"Arcos de la Sierra","Cuenca","Castilla-La Mancha","-18.085106382978697","0"
"Potes","Cantabria","Cantabria","-5.981703026038001","0"
"Sierra Engarcerán","Castelló-Castellón","Comunitat Valenciana","1.357904946653730","0"
"Beleña","Salamanca","Castilla y León","30.660377358490603","0"
"Acebo","Cáceres","Extremadura","-2.020202020202020","0"
"Rollán","Salamanca","Castilla y León","-12.113402061855700","0"
"Candelario","Salamanca","Castilla y León","-13.298969072164901","0"
"Huécija","Almería","Andalucía","1.523809523809520","0"
"El Torno","Cáceres","Extremadura","-12.708333333333300","0"
"Santibáñez de Béjar","Salamanca","Castilla y León","-8.502024291497982","0"
"Romanones","Guadalajara","Castilla-La Mancha","-2.521008403361340","0"
"Condado de Treviño","Burgos","Castilla y León","5.793991416309010","0"
"Gordaliza del Pino","León","Castilla y León","-8.550185873605951","0"
"Fanlo","Huesca","Aragón","-4.237288135593220","0"
"Serón de Nágima","Soria","Castilla y León","-20.547945205479497","0"
"Santiurde de Reinosa","Cantabria","Cantabria","-13.333333333333300","0"
"Robladillo","Valladolid","Castilla y León","-5.263157894736840","0"
"Albuñuelas","Granada","Andalucía","-11.698537682789699","0"
"Pechina","Almería","Andalucía","13.224214081579600","0"
"La Horcajada","Ávila","Castilla y León","-9.708737864077671","0"
"Yunclillos","Toledo","Castilla-La Mancha","-5.311778290993071","0"
"Olesa de Montserrat","Barcelona","Cataluña-Catalunya","3.835534978549890","0"
"Tábara","Zamora","Castilla y León","-12.658227848101301","0"
"Moraleja de Matacabras","Ávila","Castilla y León","15.217391304347798","0"
"La Hinojosa","Cuenca","Castilla-La Mancha","-12.385321100917400","0"
"Tramaced","Huesca","Aragón","11.340206185566998","0"
"Garaballa","Cuenca","Castilla-La Mancha","-25.301204819277100","0"
"Torrecilla de la Orden","Valladolid","Castilla y León","-15.498154981549799","0"
"Somontín","Almería","Andalucía","3.784860557768920","0"
"Serradilla","Cáceres","Extremadura","-8.066502463054189","0"
"Abejuela","Teruel","Aragón","34.146341463414593","0"
"el Ràfol d'Almúnia","Alacant-Alicante","Comunitat Valenciana","9.408194233687409","0"
"Perales","Palencia","Castilla y León","-2.542372881355930","0"
"Quintanilla del Coco","Burgos","Castilla y León","-16.393442622950797","0"
"Descargamaría","Cáceres","Extremadura","-32.236842105263200","0"
"Piñor","Ourense","Galicia","-6.952303961196439","0"
"Villacidaler","Palencia","Castilla y León","-4.166666666666670","0"
"Hoyales de Roa","Burgos","Castilla y León","-4.147465437788020","0"
"Camarles","Tarragona","Cataluña-Catalunya","-5.179282868525900","0"
"Espeluy","Jaén","Andalucía","-14.568599717114601","0"
"Culla","Castelló-Castellón","Comunitat Valenciana","-14.132379248658301","0"
"Tírvia","Lleida","Cataluña-Catalunya","-7.692307692307691","0"
"Peguerinos","Ávila","Castilla y León","-8.181818181818180","0"
"Mianos","Zaragoza","Aragón","-13.333333333333300","0"
"Vadocondes","Burgos","Castilla y León","-3.133159268929500","0"
"Alcalá de la Vega","Cuenca","Castilla-La Mancha","-26.168224299065400","0"
"Vallelado","Segovia","Castilla y León","-5.006765899864681","0"
"Ituero y Lama","Segovia","Castilla y León","19.726027397260296","0"
"Cañada del Hoyo","Cuenca","Castilla-La Mancha","-16.151202749140896","0"
"Sardón de Duero","Valladolid","Castilla y León","-6.317411402157170","0"
"la Jana","Castelló-Castellón","Comunitat Valenciana","-7.503410641200550","0"
"Les Avellanes i Santa Linya","Lleida","Cataluña-Catalunya","-7.098121085594990","0"
"Paterna","València-Valencia","Comunitat Valenciana","9.428792661861930","0"
"Benigànim","València-Valencia","Comunitat Valenciana","-7.552967814976550","0"
"La Zarza","Valladolid","Castilla y León","-8.661417322834650","0"
"Layos","Toledo","Castilla-La Mancha","33.895705521472401","0"
"Mieza","Salamanca","Castilla y León","-22.844827586206900","0"
"Castrillo de Onielo","Palencia","Castilla y León","-16.101694915254203","0"
"Toga","Castelló-Castellón","Comunitat Valenciana","0.000000000000000","0"
"Mariana","Cuenca","Castilla-La Mancha","0.949367088607595","0"
"Ramiro","Valladolid","Castilla y León","6.666666666666670","0"
"Montán","Castelló-Castellón","Comunitat Valenciana","-0.992555831265509","0"
"Barlovento","Santa Cruz de Tenerife","Canarias","-3.042394014962591","0"
"Ròtova","València-Valencia","Comunitat Valenciana","2.377179080824090","0"
"Castillazuelo","Huesca","Aragón","-15.183246073298399","0"
"El Olivar","Guadalajara","Castilla-La Mancha","-2.247191011235960","0"
"San Martín de Valvení","Valladolid","Castilla y León","-2.197802197802200","0"
"Palma del Río","Córdoba","Andalucía","-4.142340839588549","0"
"Alconchel de la Estrella","Cuenca","Castilla-La Mancha","-34.188034188034202","0"
"Bádenas","Teruel","Aragón","10.526315789473699","0"
"Gilbuena","Ávila","Castilla y León","-36.363636363636402","0"
"Algorfa","Alacant-Alicante","Comunitat Valenciana","-4.316925506712290","0"
"Torre del Compte","Teruel","Aragón","-16.901408450704196","0"
"Tórtola de Henares","Guadalajara","Castilla-La Mancha","40.590030518819908","0"
"Gallocanta","Zaragoza","Aragón","-22.151898734177202","0"
"Falset","Tarragona","Cataluña-Catalunya","-1.021846370683580","0"
"Son Servera","Illes Balears","Illes Balears","3.075328265376640","0"
"Sonseca","Toledo","Castilla-La Mancha","-2.028503978315990","0"
"Valdealgorfa","Teruel","Aragón","-9.384615384615392","0"
"Yésero","Huesca","Aragón","10.526315789473699","0"
"Bello","Teruel","Aragón","-11.065573770491799","0"
"Casariche","Sevilla","Andalucía","-5.200142959256611","0"
"Baños de la Encina","Jaén","Andalucía","-4.158860996627951","0"
"Jarafuel","València-Valencia","Comunitat Valenciana","-4.968944099378880","0"
"La Molsosa","Lleida","Cataluña-Catalunya","-12.068965517241400","0"
"Camarillas","Teruel","Aragón","15.533980582524300","0"
"Caniles","Granada","Andalucía","-13.380593708462602","0"
"El Romeral","Toledo","Castilla-La Mancha","-14.714714714714701","0"
"Fuente el Olmo de Íscar","Segovia","Castilla y León","-28.169014084507001","0"
"Plenas","Zaragoza","Aragón","-12.500000000000000","0"
"Torres de Alcanadre","Huesca","Aragón","-20.388349514563100","0"
"Erro","Navarra","Comunidad Foral de Navarra","0.370828182941904","0"
"Cájar","Granada","Andalucía","10.509231081355200","0"
"Valleruela de Pedraza","Segovia","Castilla y León","3.896103896103900","0"
"Vall d'Alba","Castelló-Castellón","Comunitat Valenciana","6.300034806822140","0"
"Almendral de la Cañada","Toledo","Castilla-La Mancha","-0.892857142857143","0"
"Cistella","Girona","Cataluña-Catalunya","1.706484641638230","0"
"Valdunquillo","Valladolid","Castilla y León","-19.230769230769198","0"
"Campazas","León","Castilla y León","-19.259259259259299","0"
"Hinojal","Cáceres","Extremadura","-8.215962441314550","0"
"Losacino","Zamora","Castilla y León","-20.081967213114801","0"
"Novetlè","València-Valencia","Comunitat Valenciana","-2.283105022831050","0"
"Villaescusa","Cantabria","Cantabria","3.702731092436970","0"
"Heras de Ayuso","Guadalajara","Castilla-La Mancha","-14.503816793893099","0"
"Checa","Guadalajara","Castilla-La Mancha","-1.041666666666670","0"
"Algaida","Illes Balears","Illes Balears","15.240941352260000","0"
"Alzira","València-Valencia","Comunitat Valenciana","4.274675412192821","0"
"Aldaia","València-Valencia","Comunitat Valenciana","7.664516129032260","0"
"Alcázar del Rey","Cuenca","Castilla-La Mancha","6.000000000000000","0"
"Madremanya","Girona","Cataluña-Catalunya","3.886925795053000","0"
"Aznalcóllar","Sevilla","Andalucía","-1.416015625000000","0"
"Piñuécar-Gandullas","Madrid","Comunidad de Madrid","3.488372093023260","0"
"Villalgordo del Marquesado","Cuenca","Castilla-La Mancha","-38.834951456310705","0"
"Bonastre","Tarragona","Cataluña-Catalunya","19.774919614147898","0"
"Orce","Granada","Andalucía","-9.256329113924050","0"
"La Miñosa","Guadalajara","Castilla-La Mancha","-25.000000000000000","0"
"El Cuervo de Sevilla","Sevilla","Andalucía","-0.986125444329779","0"
"Terriente","Teruel","Aragón","16.384180790960400","0"
"Ribafrecha","La Rioja","La Rioja","2.764067127344521","0"
"Fresnedoso de Ibor","Cáceres","Extremadura","-20.723684210526301","0"
"Navarcles","Barcelona","Cataluña-Catalunya","1.765783774779280","0"
"Castroserna de Abajo","Segovia","Castilla y León","-32.075471698113198","0"
"Almàssera","València-Valencia","Comunitat Valenciana","2.893185246126420","0"
"Mayalde","Zamora","Castilla y León","-24.884792626728100","0"
"Villamiel","Cáceres","Extremadura","-30.073800738007400","0"
"Villárdiga","Zamora","Castilla y León","-32.323232323232304","0"
"Anoeta","Gipuzkoa","País Vasco-Euskadi","10.670892762810398","0"
"Tordehumos","Valladolid","Castilla y León","-11.415525114155299","0"
"Morga","Bizkaia","País Vasco-Euskadi","-0.480769230769231","0"
"Rellinars","Barcelona","Cataluña-Catalunya","27.134986225895300","0"
"Frades de la Sierra","Salamanca","Castilla y León","-17.727272727272698","0"
"Valdevimbre","León","Castilla y León","-10.661401776900302","0"
"Sant Pere de Riudebitlles","Barcelona","Cataluña-Catalunya","4.145516074450081","0"
"Alpeñés","Teruel","Aragón","31.578947368421101","0"
"Maicas","Teruel","Aragón","-8.571428571428571","0"
"Aín","Castelló-Castellón","Comunitat Valenciana","0.775193798449612","0"
"La Línea de la Concepción","Cádiz","Andalucía","1.015332953177470","0"
"Urdazubi/Urdax","Navarra","Comunidad Foral de Navarra","-7.653061224489801","0"
"Monteagudo","Navarra","Comunidad Foral de Navarra","-0.271493212669683","0"
"Puebla de la Reina","Badajoz","Extremadura","-12.064676616915401","0"
"Alcalá de la Selva","Teruel","Aragón","-9.905660377358490","0"
"Algímia d'Alfara","València-Valencia","Comunitat Valenciana","6.327900287631829","0"
"Binaced","Huesca","Aragón","2.469135802469140","0"
"Berrocal de Salvatierra","Salamanca","Castilla y León","-14.285714285714301","0"
"Moraleja del Vino","Zamora","Castilla y León","5.154028436018961","0"
"Alberuela de Tubo","Huesca","Aragón","-5.810397553516819","0"
"Collado de la Vera","Cáceres","Extremadura","67.307692307692292","0"
"Cascante del Río","Teruel","Aragón","-14.634146341463401","0"
"La Zarza","Badajoz","Extremadura","-6.182121971595659","0"
"Hiendelaencina","Guadalajara","Castilla-La Mancha","-13.533834586466199","0"
"Piedralaves","Ávila","Castilla y León","-5.695364238410600","0"
"El Manzano","Salamanca","Castilla y León","-20.000000000000000","0"
"La Guingueta d'Àneu","Lleida","Cataluña-Catalunya","-10.094637223974798","0"
"La Almolda","Zaragoza","Aragón","-8.970099667774091","0"
"Barruelo del Valle","Valladolid","Castilla y León","-27.142857142857100","0"
"Casas de Don Gómez","Cáceres","Extremadura","4.220779220779220","0"
"la Torre d'en Besora","Castelló-Castellón","Comunitat Valenciana","-1.796407185628740","0"
"Molvízar","Granada","Andalucía","-5.201515673441270","0"
"Segura de Toro","Cáceres","Extremadura","-10.396039603960400","0"
"Olivella","Barcelona","Cataluña-Catalunya","22.305347741756698","0"
"Nonaspe","Zaragoza","Aragón","0.885826771653543","0"
"Santorcaz","Madrid","Comunidad de Madrid","13.085234093637499","0"
"Navalonguilla","Ávila","Castilla y León","-24.806201550387602","0"
"Sotorribas","Cuenca","Castilla-La Mancha","-15.802171290711698","0"
"l'Orxa/Lorcha","Alacant-Alicante","Comunitat Valenciana","-13.165680473372799","0"
"Sant Llorenç d'Hortons","Barcelona","Cataluña-Catalunya","2.185141040921730","0"
"Mesas de Ibor","Cáceres","Extremadura","-13.294797687861301","0"
"Villaseca de Arciel","Soria","Castilla y León","-39.473684210526294","0"
"Vega de Espinareda","León","Castilla y León","-13.140887548470500","0"
"Barbastro","Huesca","Aragón","1.087147115553220","0"
"Villamediana","Palencia","Castilla y León","-2.162162162162160","0"
"Val de San Vicente","Cantabria","Cantabria","-1.416932341480690","0"
"Villar del Campo","Soria","Castilla y León","-4.000000000000000","0"
"Valacloche","Teruel","Aragón","13.043478260869602","0"
"La Riba de Escalote","Soria","Castilla y León","-41.176470588235297","0"
"Villatorres","Jaén","Andalucía","-4.096331307674991","0"
"Puebla de Yeltes","Salamanca","Castilla y León","-4.697986577181209","0"
"Gargantilla","Cáceres","Extremadura","-12.293144208037800","0"
"Cubillo","Segovia","Castilla y León","4.347826086956520","0"
"El Pedroso","Sevilla","Andalucía","-5.039297272306980","0"
"Altzaga","Gipuzkoa","País Vasco-Euskadi","4.848484848484850","0"
"Almendral","Badajoz","Extremadura","-8.917682926829270","0"
"Riudellots de la Selva","Girona","Cataluña-Catalunya","3.257650542941760","0"
"Torrella","València-Valencia","Comunitat Valenciana","-9.493670886075952","0"
"Trespaderne","Burgos","Castilla y León","-19.361936193619400","0"
"Monasterio de la Sierra","Burgos","Castilla y León","-17.021276595744698","0"
"Sant Llorenç de Morunys","Lleida","Cataluña-Catalunya","0.906344410876133","0"
"La Selva de Mar","Girona","Cataluña-Catalunya","22.099447513812201","0"
"El Viso de San Juan","Toledo","Castilla-La Mancha","40.107955878901699","0"
"Villalobar de Rioja","La Rioja","La Rioja","4.347826086956520","0"
"Sartajada","Toledo","Castilla-La Mancha","4.807692307692310","0"
"Zas","A Coruña","Galicia","-12.117503059975499","0"
"Mantinos","Palencia","Castilla y León","-6.535947712418300","0"
"Barrios de Colina","Burgos","Castilla y León","16.326530612244898","0"
"Garaioa","Navarra","Comunidad Foral de Navarra","-11.578947368421101","0"
"Pineda de Gigüela","Cuenca","Castilla-La Mancha","-17.808219178082201","0"
"Bercianos del Real Camino","León","Castilla y León","-5.583756345177671","0"
"Terradillos","Salamanca","Castilla y León","-3.060587133041850","0"
"Artazu","Navarra","Comunidad Foral de Navarra","-1.694915254237290","0"
"Gavarda","València-Valencia","Comunitat Valenciana","-5.955555555555560","0"
"Colera","Girona","Cataluña-Catalunya","-9.962406015037590","0"
"Santo Tomé","Jaén","Andalucía","-10.686695278969999","0"
"Xaló","Alacant-Alicante","Comunitat Valenciana","6.122448979591840","0"
"Cofrentes","València-Valencia","Comunitat Valenciana","7.619047619047620","0"
"Rubí de Bracamonte","Valladolid","Castilla y León","-10.526315789473699","0"
"Migueláñez","Segovia","Castilla y León","-21.556886227544897","0"
"Burgohondo","Ávila","Castilla y León","-0.080580177276390","0"
"Sant Feliu Sasserra","Barcelona","Cataluña-Catalunya","-0.958466453674121","0"
"Beniatjar","València-Valencia","Comunitat Valenciana","-13.199999999999999","0"
"Sordillos","Burgos","Castilla y León","-16.000000000000000","0"
"Alocén","Guadalajara","Castilla-La Mancha","-13.483146067415701","0"
"Rojas","Burgos","Castilla y León","-15.714285714285701","0"
"Estivella","València-Valencia","Comunitat Valenciana","15.212689257390000","0"
"Zeberio","Bizkaia","País Vasco-Euskadi","-0.368663594470046","0"
"Valbuena de Pisuerga","Palencia","Castilla y León","1.886792452830190","0"
"Rábade","Lugo","Galicia","-6.296758104738161","0"
"Fuembellida","Guadalajara","Castilla-La Mancha","-15.384615384615401","0"
"Castroserracín","Segovia","Castilla y León","-20.454545454545499","0"
"Los Olmos","Teruel","Aragón","-8.461538461538462","0"
"Tijarafe","Santa Cruz de Tenerife","Canarias","-1.639344262295080","0"
"Turcia","León","Castilla y León","-10.815765352887301","0"
"Isla Mayor","Sevilla","Andalucía","-3.187183811129850","0"
"Aldeanueva de la Vera","Cáceres","Extremadura","-6.842348589921410","0"
"Tuéjar","València-Valencia","Comunitat Valenciana","3.802938634399310","0"
"Olaibar","Navarra","Comunidad Foral de Navarra","41.522491349480994","0"
"Echarri/Etxarri","Navarra","Comunidad Foral de Navarra","-3.846153846153850","0"
"Fuentelmonge","Soria","Castilla y León","-18.987341772151900","0"
"Santovenia","Zamora","Castilla y León","-14.436619718309901","0"
"Aguasal","Valladolid","Castilla y León","-26.923076923076902","0"
"Vitoria-Gasteiz","Araba-Álava","País Vasco-Euskadi","5.702200080964301","0"
"Barracas","Castelló-Castellón","Comunitat Valenciana","2.061855670103090","0"
"Samir de los Caños","Zamora","Castilla y León","-13.157894736842101","0"
"Canillas de Aceituno","Málaga","Andalucía","1.202749140893470","0"
"Gratallops","Tarragona","Cataluña-Catalunya","-2.469135802469140","0"
"Villanueva de la Condesa","Valladolid","Castilla y León","3.571428571428570","0"
"Alerre","Huesca","Aragón","3.755868544600940","0"
"Orpesa/Oropesa del Mar","Castelló-Castellón","Comunitat Valenciana","13.849350649350699","0"
"Leganiel","Cuenca","Castilla-La Mancha","13.989637305699500","0"
"Barro","Pontevedra","Galicia","-1.457489878542510","0"
"Calzadilla de Tera","Zamora","Castilla y León","-19.780219780219799","0"
"Marlín","Ávila","Castilla y León","-12.820512820512798","0"
"Vilafant","Girona","Cataluña-Catalunya","2.937420178799490","0"
"Almussafes","València-Valencia","Comunitat Valenciana","2.881976212259830","0"
"Pau","Girona","Cataluña-Catalunya","-2.460456942003510","0"
"Bárcena de Campos","Palencia","Castilla y León","-3.571428571428570","0"
"Visiedo","Teruel","Aragón","-5.109489051094889","0"
"Cumbres Mayores","Huelva","Andalucía","-7.532051282051280","0"
"Hinojosa del Valle","Badajoz","Extremadura","-8.092485549132951","0"
"Sant Pere Pescador","Girona","Cataluña-Catalunya","-0.748362956033676","0"
"Valencina de la Concepción","Sevilla","Andalucía","1.248423707440100","0"
"A Baña","A Coruña","Galicia","-11.241342567927500","0"
"Rapariegos","Segovia","Castilla y León","-5.288461538461540","0"
"Navalilla","Segovia","Castilla y León","-24.409448818897602","0"
"Orrios","Teruel","Aragón","-12.857142857142902","0"
"Benalup-Casas Viejas","Cádiz","Andalucía","2.827615903545290","0"
"San Pablo de los Montes","Toledo","Castilla-La Mancha","-14.336734693877601","0"
"Rota","Cádiz","Andalucía","1.699852633743450","0"
"Massalcoreig","Lleida","Cataluña-Catalunya","0.535714285714286","0"
"Caudete de las Fuentes","València-Valencia","Comunitat Valenciana","-4.807692307692310","0"
"Hortigüela","Burgos","Castilla y León","5.940594059405941","0"
"Don Benito","Badajoz","Extremadura","1.280700332333630","0"
"La Hoz de la Vieja","Teruel","Aragón","7.407407407407411","0"
"Cadalso de los Vidrios","Madrid","Comunidad de Madrid","14.963768115942001","0"
"Llocnou de la Corona","València-Valencia","Comunitat Valenciana","-6.766917293233079","0"
"Campillos","Málaga","Andalucía","-1.575262543757290","0"
"Sierro","Almería","Andalucía","-5.486284289276811","0"
"Valleseco","Las Palmas","Canarias","-3.937210499228000","0"
"Nazar","Navarra","Comunidad Foral de Navarra","2.222222222222220","0"
"Cantabrana","Burgos","Castilla y León","-31.250000000000000","0"
"Hornachuelos","Córdoba","Andalucía","-5.257510729613730","0"
"Torralba de Calatrava","Ciudad Real","Castilla-La Mancha","-1.577591757887960","0"
"Herrera","Sevilla","Andalucía","0.291187739463602","0"
"Rabanera","La Rioja","La Rioja","-5.714285714285709","0"
"Las Majadas","Cuenca","Castilla-La Mancha","-23.986486486486502","0"
"Aspariegos","Zamora","Castilla y León","-23.489932885905997","0"
"Porcuna","Jaén","Andalucía","-9.879336349924589","0"
"Touro","A Coruña","Galicia","-12.224240851284700","0"
"Roda de Ter","Barcelona","Cataluña-Catalunya","9.079033311561069","0"
"Villavicencio de los Caballeros","Valladolid","Castilla y León","-6.772908366533859","0"
"Cihuri","La Rioja","La Rioja","-10.000000000000000","0"
"Bellús","València-Valencia","Comunitat Valenciana","-5.846153846153849","0"
"Abanto","Zaragoza","Aragón","-23.893805309734500","0"
"Boadilla del Camino","Palencia","Castilla y León","13.592233009708700","0"
"Beranuy","Huesca","Aragón","-29.896907216494796","0"
"Juarros de Voltoya","Segovia","Castilla y León","-25.600000000000001","0"
"Bahabón de Esgueva","Burgos","Castilla y León","-17.021276595744698","0"
"El Toboso","Toledo","Castilla-La Mancha","-18.244237371260400","0"
"Mazuecos","Guadalajara","Castilla-La Mancha","1.628664495114010","0"
"Rocafort de Queralt","Tarragona","Cataluña-Catalunya","-5.078125000000000","0"
"Mengabril","Badajoz","Extremadura","1.878914405010440","0"
"La Aldea del Obispo","Cáceres","Extremadura","-8.895705521472390","0"
"Muñico","Ávila","Castilla y León","-24.271844660194198","0"
"Villanueva del Rey","Córdoba","Andalucía","-10.873440285205001","0"
"Cheles","Badajoz","Extremadura","-4.754098360655739","0"
"Viladecavalls","Barcelona","Cataluña-Catalunya","5.598377281947260","0"
"Balenyà","Barcelona","Cataluña-Catalunya","6.578947368421050","0"
"Oliva de Plasencia","Cáceres","Extremadura","13.257575757575800","0"
"Arantza","Navarra","Comunidad Foral de Navarra","-3.179650238473770","0"
"Pals","Girona","Cataluña-Catalunya","0.236873272799053","0"
"Villasdardo","Salamanca","Castilla y León","27.777777777777800","0"
"Viacamp y Litera","Huesca","Aragón","-6.976744186046510","0"
"Aguilar del Río Alhama","La Rioja","La Rioja","-16.242661448140897","0"
"Catí","Castelló-Castellón","Comunitat Valenciana","-8.005082592121981","0"
"Laguna Dalga","León","Castilla y León","-12.164073550212199","0"
"Tajueco","Soria","Castilla y León","-33.333333333333300","0"
"Massamagrell","València-Valencia","Comunitat Valenciana","7.722950398355181","0"
"Baix Pallars","Lleida","Cataluña-Catalunya","-3.324099722991690","0"
"Salvatierra de Santiago","Cáceres","Extremadura","2.390438247011950","0"
"Villar de Gallimazo","Salamanca","Castilla y León","5.405405405405411","0"
"Rocafort","València-Valencia","Comunitat Valenciana","11.013345065258799","0"
"El Montmell","Tarragona","Cataluña-Catalunya","33.074753173483806","0"
"Casasola","Ávila","Castilla y León","-18.518518518518501","0"
"Revenga de Campos","Palencia","Castilla y León","-18.562874251497000","0"
"Cebreros","Ávila","Castilla y León","-1.393095093882500","0"
"Cedillo de la Torre","Segovia","Castilla y León","-26.724137931034502","0"
"Hoyos de Miguel Muñoz","Ávila","Castilla y León","-25.000000000000000","0"
"Prades","Tarragona","Cataluña-Catalunya","4.792332268370610","0"
"Peñausende","Zamora","Castilla y León","-15.801354401805900","0"
"Palomeque","Toledo","Castilla-La Mancha","38.545454545454497","0"
"Almunia de San Juan","Huesca","Aragón","6.020558002936860","0"
"Noja","Cantabria","Cantabria","7.448059584476681","0"
"El Frago","Zaragoza","Aragón","21.153846153846199","0"
"Quintana del Marco","León","Castilla y León","-22.429906542056102","0"
"Sierra de Luna","Zaragoza","Aragón","-0.732600732600733","0"
"Albentosa","Teruel","Aragón","8.243727598566311","0"
"Castelflorite","Huesca","Aragón","-17.073170731707300","0"
"Posadas","Córdoba","Andalucía","-3.407880724174650","0"
"Venta de Baños","Palencia","Castilla y León","-2.573643410852710","0"
"Els Torms","Lleida","Cataluña-Catalunya","-4.054054054054061","0"
"Iznatoraf","Jaén","Andalucía","-13.102119460501001","0"
"Robledillo de la Jara","Madrid","Comunidad de Madrid","31.067961165048505","0"
"Soses","Lleida","Cataluña-Catalunya","5.758266818700110","0"
"Guadalmez","Ciudad Real","Castilla-La Mancha","-14.982164090368602","0"
"Gallinero de Cameros","La Rioja","La Rioja","-32.000000000000000","0"
"Valdeolivas","Cuenca","Castilla-La Mancha","-1.401869158878510","0"
"Castillo de Villamalefa","Castelló-Castellón","Comunitat Valenciana","3.809523809523810","0"
"Bétera","València-Valencia","Comunitat Valenciana","22.489242881992098","0"
"Berninches","Guadalajara","Castilla-La Mancha","-23.076923076923098","0"
"Montellano","Sevilla","Andalucía","-1.254935138183870","0"
"Canales de la Sierra","La Rioja","La Rioja","10.958904109589000","0"
"Aldehuela del Codonal","Segovia","Castilla y León","-25.806451612903199","0"
"La Bisbal del Penedès","Tarragona","Cataluña-Catalunya","18.683834048640900","0"
"Iznate","Málaga","Andalucía","0.993377483443709","0"
"Castellgalí","Barcelona","Cataluña-Catalunya","14.292779426310600","0"
"Tardienta","Huesca","Aragón","-7.562189054726370","0"
"La Alamedilla","Salamanca","Castilla y León","-28.000000000000000","0"
"Huelma","Jaén","Andalucía","-9.077526987242400","0"
"Monroy","Cáceres","Extremadura","-14.624881291548002","0"
"Las Herencias","Toledo","Castilla-La Mancha","-5.363528009535161","0"
"Villanueva de Huerva","Zaragoza","Aragón","-24.657534246575299","0"
"Lagunilla del Jubera","La Rioja","La Rioja","27.508090614886701","0"
"Santibáñez de Vidriales","Zamora","Castilla y León","-20.056232427366403","0"
"Valdepeñas de la Sierra","Guadalajara","Castilla-La Mancha","-24.352331606217600","0"
"Melgar de Arriba","Valladolid","Castilla y León","-8.695652173913041","0"
"Curiel de Duero","Valladolid","Castilla y León","0.000000000000000","0"
"Capdesaso","Huesca","Aragón","20.000000000000000","0"
"Albanchez","Almería","Andalucía","-11.658031088082900","0"
"Cerezo de Arriba","Segovia","Castilla y León","-16.770186335403697","0"
"Fresno de Torote","Madrid","Comunidad de Madrid","24.851485148514900","0"
"Hiriberri/Villanueva de Aezkoa","Navarra","Comunidad Foral de Navarra","-10.619469026548700","0"
"Mata de Cuéllar","Segovia","Castilla y León","-4.659498207885310","0"
"Sorlada","Navarra","Comunidad Foral de Navarra","-32.394366197183096","0"
"Torreorgaz","Cáceres","Extremadura","-1.637426900584800","0"
"Legarda","Navarra","Comunidad Foral de Navarra","18.421052631578899","0"
"Paradela","Lugo","Galicia","-16.725978647686802","0"
"Palo","Huesca","Aragón","45.454545454545503","0"
"Anquela del Pedregal","Guadalajara","Castilla-La Mancha","42.105263157894711","0"
"Sigeres","Ávila","Castilla y León","-18.000000000000000","0"
"Villamiel de la Sierra","Burgos","Castilla y León","5.000000000000000","0"
"Peramola","Lleida","Cataluña-Catalunya","-1.146131805157590","0"
"Villamoronta","Palencia","Castilla y León","-5.617977528089889","0"
"El Brull","Barcelona","Cataluña-Catalunya","9.125475285171101","0"
"Cilleruelo de Arriba","Burgos","Castilla y León","-22.580645161290299","0"
"Chilches/Xilxes","Castelló-Castellón","Comunitat Valenciana","4.486505432877670","0"
"Navasfrías","Salamanca","Castilla y León","-23.868312757201601","0"
"Velilla de Ebro","Zaragoza","Aragón","-16.182572614107901","0"
"Villabaruz de Campos","Valladolid","Castilla y León","-18.181818181818201","0"
"Villar del Arzobispo","València-Valencia","Comunitat Valenciana","0.954979536152797","0"
"Hornillos de Cameros","La Rioja","La Rioja","-16.666666666666700","0"
"Cardona","Barcelona","Cataluña-Catalunya","-7.153017679333470","0"
"Azuébar","Castelló-Castellón","Comunitat Valenciana","4.024767801857590","0"
"Monterde","Zaragoza","Aragón","-4.761904761904760","0"
"Castellar del Vallès","Barcelona","Cataluña-Catalunya","7.295221843003410","0"
"El Atazar","Madrid","Comunidad de Madrid","6.122448979591840","0"
"la Granja de la Costera","València-Valencia","Comunitat Valenciana","-14.540059347181000","0"
"Domingo García","Segovia","Castilla y León","0.000000000000000","0"
"Orpí","Barcelona","Cataluña-Catalunya","24.427480916030500","0"
"Albalate de Cinca","Huesca","Aragón","-5.245628642797669","0"
"La Vajol","Girona","Cataluña-Catalunya","13.953488372093000","0"
"Dios le Guarde","Salamanca","Castilla y León","-17.006802721088402","0"
"Baños de Valdearados","Burgos","Castilla y León","-14.745308310992000","0"
"Gurrea de Gállego","Huesca","Aragón","-7.936507936507939","0"
"Villarta","Cuenca","Castilla-La Mancha","-7.826086956521740","0"
"Mota del Cuervo","Cuenca","Castilla-La Mancha","-2.412525962613840","0"
"Alcollarín","Cáceres","Extremadura","-5.555555555555561","0"
"Cabrerizos","Salamanca","Castilla y León","1.807664497469270","0"
"Villanueva de la Sierra","Cáceres","Extremadura","6.209850107066381","0"
"Herrera de Soria","Soria","Castilla y León","-8.333333333333330","0"
"San Cristóbal de la Cuesta","Salamanca","Castilla y León","11.288711288711301","0"
"Cumbres de Enmedio","Huelva","Andalucía","31.250000000000000","0"
"Ribadavia","Ourense","Galicia","-4.125698862540970","0"
"Campillo de Ranas","Guadalajara","Castilla-La Mancha","-13.888888888888900","0"
"Cabezarrubias del Puerto","Ciudad Real","Castilla-La Mancha","-6.439393939393940","0"
"Atez/Atetz","Navarra","Comunidad Foral de Navarra","-1.834862385321100","0"
"Cerezal de Peñahorcada","Salamanca","Castilla y León","-12.048192771084301","0"
"Bueña","Teruel","Aragón","-12.903225806451600","0"
"Sukarrieta","Bizkaia","País Vasco-Euskadi","0.000000000000000","0"
"Fuente del Arco","Badajoz","Extremadura","-7.093184979137689","0"
"El Burgo","Málaga","Andalucía","-7.388137356919880","0"
"Villanueva del Campo","Zamora","Castilla y León","-16.073354908306399","0"
"Zorita","Cáceres","Extremadura","-16.754270696452004","0"
"Muros de Nalón","Asturias","Principado de Asturias","3.989361702127660","0"
"Lucena del Puerto","Huelva","Andalucía","8.723051409618572","0"
"Casa de Uceda","Guadalajara","Castilla-La Mancha","-14.529914529914500","0"
"Frumales","Segovia","Castilla y León","-8.823529411764710","0"
"Verges","Girona","Cataluña-Catalunya","-2.510460251046021","0"
"Mozota","Zaragoza","Aragón","6.611570247933881","0"
"El Vellón","Madrid","Comunidad de Madrid","21.278941565600899","0"
"Lomoviejo","Valladolid","Castilla y León","-12.698412698412699","0"
"Josa i Tuixén","Lleida","Cataluña-Catalunya","-2.343750000000000","0"
"Ripollet","Barcelona","Cataluña-Catalunya","5.468267397201410","0"
"Garganta la Olla","Cáceres","Extremadura","-9.657947686116700","0"
"Luesma","Zaragoza","Aragón","-17.021276595744698","0"
"Montserrat","València-Valencia","Comunitat Valenciana","29.297417384059997","0"
"Cabezas Rubias","Huelva","Andalucía","-7.368421052631581","0"
"Valtiendas","Segovia","Castilla y León","-22.000000000000000","0"
"Pozo Alcón","Jaén","Andalucía","-7.565392354124749","0"
"Malpica de Tajo","Toledo","Castilla-La Mancha","-13.710099424385101","0"
"Meñaka","Bizkaia","País Vasco-Euskadi","2.416107382550341","0"
"Aljucén","Badajoz","Extremadura","13.478260869565199","0"
"Porqueres","Girona","Cataluña-Catalunya","4.283506292779860","0"
"Moratinos","Palencia","Castilla y León","1.562500000000000","0"
"Merindad de Montija","Burgos","Castilla y León","-10.097323600973201","0"
"Pozuelo de Zarzón","Cáceres","Extremadura","-11.022044088176401","0"
"Belver de los Montes","Zamora","Castilla y León","-19.169329073482402","0"
"Collado del Mirón","Ávila","Castilla y León","-33.333333333333300","0"
"Jarandilla de la Vera","Cáceres","Extremadura","-4.976619906479629","0"
"Junciana","Ávila","Castilla y León","-21.818181818181802","0"
"Unciti","Navarra","Comunidad Foral de Navarra","-1.746724890829690","0"
"Eratsun","Navarra","Comunidad Foral de Navarra","-3.125000000000000","0"
"Castejón de las Armas","Zaragoza","Aragón","-18.095238095238098","0"
"Medellín","Badajoz","Extremadura","-3.619129685480400","0"
"Mesegar de Tajo","Toledo","Castilla-La Mancha","-8.888888888888889","0"
"Beas de Guadix","Granada","Andalucía","-13.461538461538501","0"
"Crespià","Girona","Cataluña-Catalunya","-1.224489795918370","0"
"Argés","Toledo","Castilla-La Mancha","17.983050847457601","0"
"Jerte","Cáceres","Extremadura","-3.956555469356090","0"
"Gaianes","Alacant-Alicante","Comunitat Valenciana","23.608017817371898","0"
"Trevélez","Granada","Andalucía","-11.363636363636399","0"
"Acebedo","León","Castilla y León","-18.018018018018001","0"
"Beneixida","València-Valencia","Comunitat Valenciana","-4.518950437317780","0"
"La Sierpe","Salamanca","Castilla y León","-18.000000000000000","0"
"Godall","Tarragona","Cataluña-Catalunya","-8.766716196136700","0"
"Santa Cruz de Boedo","Palencia","Castilla y León","-18.333333333333300","0"
"Palaciosrubios","Salamanca","Castilla y León","-24.691358024691400","0"
"Campo de San Pedro","Segovia","Castilla y León","-12.068965517241400","0"
"Pozuelo de la Orden","Valladolid","Castilla y León","-10.000000000000000","0"
"Yuncos","Toledo","Castilla-La Mancha","11.319326140450498","0"
"Ordis","Girona","Cataluña-Catalunya","3.421052631578950","0"
"Veguillas de la Sierra","Teruel","Aragón","-13.043478260869602","0"
"Viana de Cega","Valladolid","Castilla y León","11.029049729197400","0"
"Castilleja de la Cuesta","Sevilla","Andalucía","-2.104242700729930","0"
"Esgos","Ourense","Galicia","-9.621710526315791","0"
"Cabañas de Yepes","Toledo","Castilla-La Mancha","6.115107913669070","0"
"Alaró","Illes Balears","Illes Balears","13.047637268031398","0"
"Tolbaños","Ávila","Castilla y León","-18.811881188118800","0"
"Carboneros","Jaén","Andalucía","-5.460218408736351","0"
"Buenamadre","Salamanca","Castilla y León","-13.432835820895500","0"
"La Colilla","Ávila","Castilla y León","8.928571428571429","0"
"Vilanova de Arousa","Pontevedra","Galicia","-2.237307581986800","0"
"Almoharín","Cáceres","Extremadura","-7.411219763252699","0"
"Palma de Gandía","València-Valencia","Comunitat Valenciana","2.845287492590400","0"
"Tamariz de Campos","Valladolid","Castilla y León","24.637681159420296","0"
"Riudaura","Girona","Cataluña-Catalunya","13.606911447084199","0"
"Villaverde-Mogina","Burgos","Castilla y León","-10.843373493975900","0"
"Ameyugo","Burgos","Castilla y León","12.871287128712900","0"
"Algatocín","Málaga","Andalucía","-1.777251184834120","0"
"Pórtugos","Granada","Andalucía","1.570680628272250","0"
"Ontiñena","Huesca","Aragón","-8.947368421052630","0"
"Forcall","Castelló-Castellón","Comunitat Valenciana","-5.400000000000000","0"
"Biosca","Lleida","Cataluña-Catalunya","-6.598984771573611","0"
"Atienza","Guadalajara","Castilla-La Mancha","-9.394572025052190","0"
"Benabarre","Huesca","Aragón","1.300954032957500","0"
"Aulesti","Bizkaia","País Vasco-Euskadi","0.152905198776758","0"
"Vegalatrave","Zamora","Castilla y León","-22.222222222222200","0"
"Riotuerto","Cantabria","Cantabria","4.516938519447930","0"
"Villar del Olmo","Madrid","Comunidad de Madrid","8.297362110311749","0"
"Torrecuadrada de Molina","Guadalajara","Castilla-La Mancha","-9.523809523809520","0"
"Bercianos del Páramo","León","Castilla y León","-17.739403453689199","0"
"Puerto Serrano","Cádiz","Andalucía","-2.778167531920861","0"
"Grijalba","Burgos","Castilla y León","-2.727272727272730","0"
"El Berrueco","Madrid","Comunidad de Madrid","26.498422712933799","0"
"Adrada de Pirón","Segovia","Castilla y León","5.555555555555561","0"
"Palazuelos de la Sierra","Burgos","Castilla y León","25.000000000000000","0"
"Olula de Castro","Almería","Andalucía","11.834319526627201","0"
"Aldea Real","Segovia","Castilla y León","-17.595307917888604","0"
"San Lorenzo de El Escorial","Madrid","Comunidad de Madrid","1.359574584726710","0"
"Miramar","València-Valencia","Comunitat Valenciana","15.830416180474499","0"
"Guadiana","Badajoz","Extremadura","-4.088924176260419","0"
"Sant Climent Sescebes","Girona","Cataluña-Catalunya","15.084745762711901","0"
"Velascálvaro","Valladolid","Castilla y León","-8.426966292134829","0"
"Valdecarros","Salamanca","Castilla y León","-14.207650273223999","0"
"Lumpiaque","Zaragoza","Aragón","-7.423580786026200","0"
"Loscos","Teruel","Aragón","-24.675324675324699","0"
"Alamillo","Ciudad Real","Castilla-La Mancha","-11.676082862523499","0"
"Villaseco del Pan","Zamora","Castilla y León","-13.306451612903201","0"
"Villamartín","Cádiz","Andalucía","-1.121677639600100","0"
"Bercimuel","Segovia","Castilla y León","-2.857142857142860","0"
"L'Estany","Barcelona","Cataluña-Catalunya","-0.491400491400491","0"
"Villanueva de las Manzanas","León","Castilla y León","-1.976284584980240","0"
"Vinalesa","València-Valencia","Comunitat Valenciana","7.737361282367450","0"
"Benifallet","Tarragona","Cataluña-Catalunya","4.267425320056899","0"
"Sanlúcar de Guadiana","Huelva","Andalucía","-5.592841163310961","0"
"Mezalocha","Zaragoza","Aragón","-7.053941908713690","0"
"Montseny","Barcelona","Cataluña-Catalunya","14.156626506024100","0"
"Calzadilla de los Barros","Badajoz","Extremadura","-17.570754716981099","0"
"Villaminaya","Toledo","Castilla-La Mancha","-11.858407079646000","0"
"Gavilanes","Ávila","Castilla y León","-14.930015552099499","0"
"Villamalur","Castelló-Castellón","Comunitat Valenciana","26.666666666666700","0"
"La Pobla de Montornès","Tarragona","Cataluña-Catalunya","12.622377622377600","0"
"Villafufre","Cantabria","Cantabria","-5.932203389830510","0"
"Vinaceite","Teruel","Aragón","-27.007299270073002","0"
"Galapagar","Madrid","Comunidad de Madrid","8.934527486102530","0"
"Bea","Teruel","Aragón","0.000000000000000","0"
"Castillonuevo","Navarra","Comunidad Foral de Navarra","-16.666666666666700","0"
"Traspinedo","Valladolid","Castilla y León","10.301953818827700","0"
"Moyuela","Zaragoza","Aragón","-9.056603773584909","0"
"Orihuela del Tremedal","Teruel","Aragón","-15.955473098330202","0"
"Moià","Barcelona","Cataluña-Catalunya","16.145833333333300","0"
"Friera de Valverde","Zamora","Castilla y León","-31.578947368421101","0"
"Ribera del Fresno","Badajoz","Extremadura","-8.667048054919910","0"
"Abia de la Obispalía","Cuenca","Castilla-La Mancha","-23.750000000000000","0"
"Moratilla de los Meleros","Guadalajara","Castilla-La Mancha","0.943396226415094","0"
"Fresnedilla","Ávila","Castilla y León","-13.114754098360700","0"
"Castilblanco","Badajoz","Extremadura","-22.120658135283399","0"
"Subirats","Barcelona","Cataluña-Catalunya","7.065037966325520","0"
"Aisa","Huesca","Aragón","-10.743801652892600","0"
"Quemada","Burgos","Castilla y León","-8.455882352941179","0"
"Canillas de Esgueva","Valladolid","Castilla y León","-16.666666666666700","0"
"Cacabelos","León","Castilla y León","-10.192992317781499","0"
"Verdú","Lleida","Cataluña-Catalunya","-8.298755186721991","0"
"Roturas","Valladolid","Castilla y León","-21.212121212121197","0"
"Zazuar","Burgos","Castilla y León","-16.599190283400798","0"
"Pinillos","La Rioja","La Rioja","56.250000000000000","0"
"Mirandilla","Badajoz","Extremadura","-9.874723655121590","0"
"Yebra","Guadalajara","Castilla-La Mancha","-10.256410256410300","0"
"Valderrodilla","Soria","Castilla y León","-24.096385542168701","0"
"Alcoletge","Lleida","Cataluña-Catalunya","6.880733944954129","0"
"Tinajo","Las Palmas","Canarias","16.373966942148797","0"
"Villangómez","Burgos","Castilla y León","-6.250000000000000","0"
"Valdehúncar","Cáceres","Extremadura","-2.020202020202020","0"
"Sariñena","Huesca","Aragón","-3.773584905660381","0"
"Marbella","Málaga","Andalucía","12.702716344940500","0"
"Amurrio","Araba-Álava","País Vasco-Euskadi","0.722726828791874","0"
"Villaescusa de Roa","Burgos","Castilla y León","-16.101694915254203","0"
"Jerez de los Caballeros","Badajoz","Extremadura","-4.946482385950330","0"
"Estubeny","València-Valencia","Comunitat Valenciana","-8.064516129032260","0"
"Villanueva de San Juan","Sevilla","Andalucía","-20.922832140015895","0"
"Almogía","Málaga","Andalucía","1.561699948796720","0"
"Dos Aguas","València-Valencia","Comunitat Valenciana","-18.660287081339700","0"
"El Cubillo de Uceda","Guadalajara","Castilla-La Mancha","-23.870967741935498","0"
"Corte de Peleas","Badajoz","Extremadura","-10.607225211375901","0"
"Albatera","Alacant-Alicante","Comunitat Valenciana","11.260304240673101","0"
"Villardeciervos","Zamora","Castilla y León","-16.738197424892700","0"
"Valle de Oca","Burgos","Castilla y León","1.234567901234570","0"
"Torrelapaja","Zaragoza","Aragón","-8.571428571428571","0"
"Fuensalida","Toledo","Castilla-La Mancha","10.752784764642501","0"
"Belmonte de Campos","Palencia","Castilla y León","13.793103448275902","0"
"Algete","Madrid","Comunidad de Madrid","4.422445527808179","0"
"Castilfalé","León","Castilla y León","-15.584415584415600","0"
"Villasexmir","Valladolid","Castilla y León","-14.457831325301202","0"
"Gizaburuaga","Bizkaia","País Vasco-Euskadi","-7.075471698113210","0"
"Xunqueira de Ambía","Ourense","Galicia","-11.513583441138399","0"
"Bahabón","Valladolid","Castilla y León","-42.142857142857103","0"
"Las Valeras","Cuenca","Castilla-La Mancha","-1.976528721432980","0"
"Dúrcal","Granada","Andalucía","1.033663919541840","0"
"Antillón","Huesca","Aragón","-13.071895424836599","0"
"Santibáñez de la Peña","Palencia","Castilla y León","-14.183764495985699","0"
"Torresandino","Burgos","Castilla y León","-17.241379310344797","0"
"Ontur","Albacete","Castilla-La Mancha","-11.802674043337900","0"
"Luque","Córdoba","Andalucía","-10.006293266205200","0"
"Real","València-Valencia","Comunitat Valenciana","3.834554071520901","0"
"Aldealafuente","Soria","Castilla y León","-15.957446808510600","0"
"Palau de Santa Eulàlia","Girona","Cataluña-Catalunya","30.612244897959201","0"
"Valencia del Mombuey","Badajoz","Extremadura","-5.598958333333330","0"
"Numancia de la Sagra","Toledo","Castilla-La Mancha","13.622162049572999","0"
"Cerdà","València-Valencia","Comunitat Valenciana","-6.735751295336789","0"
"Penàguila","Alacant-Alicante","Comunitat Valenciana","-3.395061728395060","0"
"Santiponce","Sevilla","Andalucía","1.184974523047750","0"
"Remondo","Segovia","Castilla y León","-3.761755485893420","0"
"Bacares","Almería","Andalucía","-11.235955056179801","0"
"Jódar","Jaén","Andalucía","-5.239198808144350","0"
"Benitagla","Almería","Andalucía","-18.309859154929597","0"
"San Felices de los Gallegos","Salamanca","Castilla y León","-23.210412147505401","0"
"Rebollo","Segovia","Castilla y León","-19.354838709677402","0"
"Torrox","Málaga","Andalucía","34.949390754948098","0"
"Mesegar de Corneja","Ávila","Castilla y León","-1.298701298701300","0"
"Llagostera","Girona","Cataluña-Catalunya","12.320078067821401","0"
"Blanes","Girona","Cataluña-Catalunya","6.006158857811820","0"
"Torrellas","Zaragoza","Aragón","-13.818181818181799","0"
"Maside","Ourense","Galicia","-5.609084652443220","0"
"Jabalquinto","Jaén","Andalucía","-12.800000000000001","0"
"Torrijo del Campo","Teruel","Aragón","-1.375245579567780","0"
"Arapiles","Salamanca","Castilla y León","14.715189873417700","0"
"Colomers","Girona","Cataluña-Catalunya","6.153846153846151","0"
"Lloret de Vistalegre","Illes Balears","Illes Balears","27.018385291766602","0"
"Gobernador","Granada","Andalucía","-17.105263157894697","0"
"l'Alcúdia de Crespins","València-Valencia","Comunitat Valenciana","2.485184477155420","0"
"Sesa","Huesca","Aragón","-22.277227722772299","0"
"Villamejil","León","Castilla y León","-14.210526315789499","0"
"Pinilla del Valle","Madrid","Comunidad de Madrid","-0.487804878048780","0"
"Villafranca Montes de Oca","Burgos","Castilla y León","-12.686567164179101","0"
"Pardos","Guadalajara","Castilla-La Mancha","-17.777777777777800","0"
"Castilfrío de la Sierra","Soria","Castilla y León","26.666666666666700","0"
"Castelló","València-Valencia","Comunitat Valenciana","-5.873514547193009","0"
"Villel de Mesa","Guadalajara","Castilla-La Mancha","-19.607843137254900","0"
"Navalosa","Ávila","Castilla y León","-5.555555555555561","0"
"Matilla la Seca","Zamora","Castilla y León","-32.692307692307701","0"
"Rábano de Aliste","Zamora","Castilla y León","-19.395465994962198","0"
"Begíjar","Jaén","Andalucía","-5.298436003830200","0"
"Morales de Campos","Valladolid","Castilla y León","-19.631901840490801","0"
"Baldellou","Huesca","Aragón","-8.163265306122449","0"
"Garganta de los Montes","Madrid","Comunidad de Madrid","9.947643979057590","0"
"Manjabálago y Ortigosa de Rioalmar","Ávila","Castilla y León","0.000000000000000","0"
"Campillo de Dueñas","Guadalajara","Castilla-La Mancha","-10.588235294117601","0"
"Fonelas","Granada","Andalucía","-6.000000000000000","0"
"Santaella","Córdoba","Andalucía","-23.896998523864198","0"
"Ayódar","Castelló-Castellón","Comunitat Valenciana","-5.319148936170209","0"
"Laxe","A Coruña","Galicia","-8.356719675709391","0"
"La Unión de Campos","Valladolid","Castilla y León","-25.806451612903199","0"
"Salceda de Caselas","Pontevedra","Galicia","5.973003374578180","0"
"Almorox","Toledo","Castilla-La Mancha","3.857824013870830","0"
"Higuera de Calatrava","Jaén","Andalucía","-5.763239875389411","0"
"Sidamon","Lleida","Cataluña-Catalunya","8.498583569405099","0"
"Neda","A Coruña","Galicia","-7.828045804392720","0"
"Bernedo","Araba-Álava","País Vasco-Euskadi","-0.917431192660551","0"
"El Sotillo","Guadalajara","Castilla-La Mancha","-29.166666666666700","0"
"Fuente el Olmo de Fuentidueña","Segovia","Castilla y León","54.444444444444400","0"
"Osuna","Sevilla","Andalucía","-2.244920866539450","0"
"Calafell","Tarragona","Cataluña-Catalunya","25.882546336251199","0"
"El Bruc","Barcelona","Cataluña-Catalunya","13.912606730286301","0"
"Güéjar Sierra","Granada","Andalucía","-1.255940257976920","0"
"Prádena","Segovia","Castilla y León","-14.109347442680798","0"
"Alfés","Lleida","Cataluña-Catalunya","-9.206349206349209","0"
"Gimenells i el Pla de la Font","Lleida","Cataluña-Catalunya","-1.860053144375550","0"
"Aldealices","Soria","Castilla y León","-19.230769230769198","0"
"Pulgar","Toledo","Castilla-La Mancha","-6.772422208663820","0"
"Calera de León","Badajoz","Extremadura","-8.483033932135731","0"
"Cubo de Bureba","Burgos","Castilla y León","5.208333333333330","0"
"Ojén","Málaga","Andalucía","34.696331930246494","0"
"Belmez","Córdoba","Andalucía","-13.170127052990399","0"
"Galbarros","Burgos","Castilla y León","3.571428571428570","0"
"Valdelarco","Huelva","Andalucía","7.048458149779740","0"
"El Rubio","Sevilla","Andalucía","-6.107954545454549","0"
"Ayoó de Vidriales","Zamora","Castilla y León","-24.456521739130402","0"
"Gójar","Granada","Andalucía","15.083487940630798","0"
"Mélida","Navarra","Comunidad Foral de Navarra","-3.638814016172510","0"
"Cañizo","Zamora","Castilla y León","-21.235521235521198","0"
"Trigueros","Huelva","Andalucía","2.686375321336760","0"
"Palenzuela","Palencia","Castilla y León","0.000000000000000","0"
"Alpujarra de la Sierra","Granada","Andalucía","-11.737089201877900","0"
"Requena","València-Valencia","Comunitat Valenciana","-2.459212477871870","0"
"Zahara","Cádiz","Andalucía","-6.712328767123291","0"
"Binéfar","Huesca","Aragón","6.436951696438010","0"
"Bascuñana de San Pedro","Cuenca","Castilla-La Mancha","14.285714285714301","0"
"Llançà","Girona","Cataluña-Catalunya","-2.635814889336020","0"
"Chinchón","Madrid","Comunidad de Madrid","3.983844317973200","0"
"Villariezo","Burgos","Castilla y León","25.043478260869598","0"
"San Pedro Bercianos","León","Castilla y León","-13.358778625954201","0"
"Moncalvillo","Burgos","Castilla y León","-8.602150537634410","0"
"Carmona","Sevilla","Andalucía","2.904203085280500","0"
"Singra","Teruel","Aragón","5.263157894736840","0"
"Sabiote","Jaén","Andalucía","-6.778834430626681","0"
"Esparreguera","Barcelona","Cataluña-Catalunya","3.490892321881490","0"
"Hita","Guadalajara","Castilla-La Mancha","-14.705882352941201","0"
"La Hiruela","Madrid","Comunidad de Madrid","34.545454545454497","0"
"Hermigua","Santa Cruz de Tenerife","Canarias","-4.220948410630540","0"
"Ventalló","Girona","Cataluña-Catalunya","8.014354066985650","0"
"Leza de Río Leza","La Rioja","La Rioja","-2.439024390243900","0"
"Els Omells de na Gaia","Lleida","Cataluña-Catalunya","-14.893617021276599","0"
"Santo Domingo-Caudilla","Toledo","Castilla-La Mancha","10.952380952380999","0"
"Monzón","Huesca","Aragón","3.860037261294830","0"
"Castellar de la Ribera","Lleida","Cataluña-Catalunya","-4.697986577181209","0"
"Cantallops","Girona","Cataluña-Catalunya","0.308641975308642","0"
"Pampliega","Burgos","Castilla y León","-17.241379310344797","0"
"Zurgena","Almería","Andalucía","-5.017577500798979","0"
"Vinaixa","Lleida","Cataluña-Catalunya","-18.498168498168504","0"
"Santa Cruz de Moncayo","Zaragoza","Aragón","-8.029197080291969","0"
"Santa Marta del Cerro","Segovia","Castilla y León","47.368421052631597","0"
"San Cristóbal de la Polantera","León","Castilla y León","-20.544554455445500","0"
"Jaulín","Zaragoza","Aragón","8.582089552238811","0"
"Jaén","Jaén","Andalucía","-3.409100719113930","0"
"Preixens","Lleida","Cataluña-Catalunya","-8.666666666666670","0"
"Castejón de Valdejasa","Zaragoza","Aragón","-14.767932489451500","0"
"Ancín/Antzin","Navarra","Comunidad Foral de Navarra","-10.909090909090901","0"
"Quicena","Huesca","Aragón","9.666666666666670","0"
"San Cebrián de Campos","Palencia","Castilla y León","-9.586056644880172","0"
"Fuentecén","Burgos","Castilla y León","-2.928870292887030","0"
"Tiñosillos","Ávila","Castilla y León","-5.597014925373129","0"
"Almanza","León","Castilla y León","7.931034482758620","0"
"Estellencs","Illes Balears","Illes Balears","4.360465116279071","0"
"Vélez-Blanco","Almería","Andalucía","-7.267441860465119","0"
"Cañaveras","Cuenca","Castilla-La Mancha","-30.182926829268297","0"
"Pozuelo de Tábara","Zamora","Castilla y León","0.000000000000000","0"
"Huerto","Huesca","Aragón","-5.785123966942150","0"
"Portugalete","Bizkaia","País Vasco-Euskadi","-5.280472016469640","0"
"Fórnoles","Teruel","Aragón","7.692307692307691","0"
"Fuente Palmera","Córdoba","Andalucía","-11.004698229129000","0"
"Hostalric","Girona","Cataluña-Catalunya","9.975062344139650","0"
"Prádena de Atienza","Guadalajara","Castilla-La Mancha","21.739130434782599","0"
"Valencia de Don Juan","León","Castilla y León","-0.365103766333590","0"
"Anguix","Burgos","Castilla y León","34.188034188034202","0"
"Laroya","Almería","Andalucía","16.470588235294102","0"
"Forua","Bizkaia","País Vasco-Euskadi","-4.184100418410040","0"
"Carrizosa","Ciudad Real","Castilla-La Mancha","-16.946676406135900","0"
"Puértolas","Huesca","Aragón","2.304147465437790","0"
"Zuia","Araba-Álava","País Vasco-Euskadi","-3.461063040791100","0"
"Cañaveruelas","Cuenca","Castilla-La Mancha","-27.500000000000000","0"
"Casas de Reina","Badajoz","Extremadura","3.571428571428570","0"
"Campllong","Girona","Cataluña-Catalunya","3.883495145631070","0"
"El Ordial","Guadalajara","Castilla-La Mancha","6.060606060606060","0"
"Navalvillar de Pela","Badajoz","Extremadura","-7.424692405600339","0"
"Pesaguero","Cantabria","Cantabria","-13.496932515337400","0"
"Sant Martí Sarroca","Barcelona","Cataluña-Catalunya","7.987220447284340","0"
"Membibre de la Hoz","Segovia","Castilla y León","35.294117647058805","0"
"Estollo","La Rioja","La Rioja","-1.063829787234040","0"
"Mohedas de Granadilla","Cáceres","Extremadura","-3.806228373702420","0"
"Boadilla de Rioseco","Palencia","Castilla y León","-19.512195121951201","0"
"Hormilleja","La Rioja","La Rioja","-15.483870967741902","0"
"Onda","Castelló-Castellón","Comunitat Valenciana","1.264468051371490","0"
"Frías","Burgos","Castilla y León","-1.838235294117650","0"
"Cabeza la Vaca","Badajoz","Extremadura","-9.337134711332858","0"
"Huérmeces del Cerro","Guadalajara","Castilla-La Mancha","-8.888888888888889","0"
"Cortelazor","Huelva","Andalucía","3.460207612456750","0"
"Les Piles","Tarragona","Cataluña-Catalunya","7.009345794392519","0"
"San Martín de Oscos","Asturias","Principado de Asturias","-22.869955156950702","0"
"Almedíjar","Castelló-Castellón","Comunitat Valenciana","7.279693486590040","0"
"Cóbdar","Almería","Andalucía","31.168831168831201","0"
"Nuevo Baztán","Madrid","Comunidad de Madrid","18.308441013592898","0"
"La Luisiana","Sevilla","Andalucía","-1.369863013698630","0"
"Casasbuenas","Toledo","Castilla-La Mancha","-14.832535885167498","0"
"Albocàsser","Castelló-Castellón","Comunitat Valenciana","-3.626943005181350","0"
"Montejícar","Granada","Andalucía","-9.977924944812360","0"
"Alcàsser","València-Valencia","Comunitat Valenciana","11.000314894510298","0"
"Guisando","Ávila","Castilla y León","-11.913357400721999","0"
"l'Eliana","València-Valencia","Comunitat Valenciana","8.873778641220499","0"
"Castell de Mur","Lleida","Cataluña-Catalunya","9.815950920245399","0"
"Alameda","Málaga","Andalucía","0.573755321117898","0"
"Teresa","Castelló-Castellón","Comunitat Valenciana","-11.660777385159001","0"
"Litago","Zaragoza","Aragón","12.643678160919498","0"
"Bràfim","Tarragona","Cataluña-Catalunya","5.000000000000000","0"
"Tabera de Abajo","Salamanca","Castilla y León","-7.272727272727271","0"
"Sant Llorenç Savall","Barcelona","Cataluña-Catalunya","7.793307920372721","0"
"Vidrà","Girona","Cataluña-Catalunya","5.325443786982250","0"
"Hontoria de Valdearados","Burgos","Castilla y León","-23.004694835680798","0"
"Prats i Sansor","Lleida","Cataluña-Catalunya","2.419354838709680","0"
"Prádanos de Ojeda","Palencia","Castilla y León","-12.315270935960601","0"
"Santa Olalla","Toledo","Castilla-La Mancha","3.307276007215870","0"
"Valtorres","Zaragoza","Aragón","-17.241379310344797","0"
"Vega de Valdetronco","Valladolid","Castilla y León","-26.612903225806402","0"
"Guareña","Badajoz","Extremadura","-7.734883077348830","0"
"Fageca","Alacant-Alicante","Comunitat Valenciana","-2.884615384615389","0"
"Fuentes de Béjar","Salamanca","Castilla y León","-7.171314741035860","0"
"Navarredonda y San Mamés","Madrid","Comunidad de Madrid","16.279069767441896","0"
"Prádena del Rincón","Madrid","Comunidad de Madrid","13.636363636363601","0"
"El Real de la Jara","Sevilla","Andalucía","-5.696594427244580","0"
"Espiel","Córdoba","Andalucía","-2.132895816242820","0"
"Santa Cristina d'Aro","Girona","Cataluña-Catalunya","9.048902579899879","0"
"Ruanes","Cáceres","Extremadura","11.940298507462701","0"
"Piñel de Abajo","Valladolid","Castilla y León","-19.487179487179503","0"
"La Campana","Sevilla","Andalucía","-5.760410933773620","0"
"Fuenferrada","Teruel","Aragón","-40.322580645161295","0"
"Bayubas de Abajo","Soria","Castilla y León","-7.407407407407411","0"
"Saúca","Guadalajara","Castilla-La Mancha","-14.545454545454501","0"
"Galinduste","Salamanca","Castilla y León","-15.631691648822301","0"
"Marinaleda","Sevilla","Andalucía","-6.222707423580790","0"
"Used","Zaragoza","Aragón","-8.503401360544220","0"
"Santa Elena","Jaén","Andalucía","-13.486513486513498","0"
"Rasquera","Tarragona","Cataluña-Catalunya","-6.293706293706291","0"
"Seno","Teruel","Aragón","-2.380952380952380","0"
"Écija","Sevilla","Andalucía","-2.716936555593840","0"
"Moraña","Pontevedra","Galicia","-5.410362219165521","0"
"Montesclaros","Toledo","Castilla-La Mancha","-14.382022471910098","0"
"Bormujos","Sevilla","Andalucía","8.750656418580229","0"
"Algodonales","Cádiz","Andalucía","-3.153073806587990","0"
"Navatejares","Ávila","Castilla y León","12.244897959183699","0"
"Estadilla","Huesca","Aragón","2.189781021897810","0"
"Otos","València-Valencia","Comunitat Valenciana","-5.627705627705629","0"
"Picón","Ciudad Real","Castilla-La Mancha","-4.634831460674160","0"
"Mansilla Mayor","León","Castilla y León","-4.142011834319531","0"
"Berbinzana","Navarra","Comunidad Foral de Navarra","-0.148588410104012","0"
"Vilanova d'Escornalbou","Tarragona","Cataluña-Catalunya","10.000000000000000","0"
"Torrelavit","Barcelona","Cataluña-Catalunya","7.609475951184490","0"
"Noceda del Bierzo","León","Castilla y León","-16.027397260274000","0"
"Ohanes","Almería","Andalucía","-20.977011494252899","0"
"Castelló de Rugat","València-Valencia","Comunitat Valenciana","0.868809730668984","0"
"Ibrillos","Burgos","Castilla y León","-40.000000000000000","0"
"Villanueva de Cameros","La Rioja","La Rioja","-8.641975308641982","0"
"Agullent","València-Valencia","Comunitat Valenciana","-1.437371663244350","0"
"Villaverde de Guadalimar","Albacete","Castilla-La Mancha","-18.372703412073506","0"
"Benlloc","Castelló-Castellón","Comunitat Valenciana","-3.902862098872510","0"
"Arcos de la Polvorosa","Zamora","Castilla y León","-15.415019762845800","0"
"La Pesga","Cáceres","Extremadura","-14.235500878734600","0"
"Riells i Viabrea","Girona","Cataluña-Catalunya","10.650000000000000","0"
"Trabadelo","León","Castilla y León","-18.203883495145604","0"
"Sajazarra","La Rioja","La Rioja","-5.797101449275361","0"
"Valdeande","Burgos","Castilla y León","-3.883495145631070","0"
"Mirueña de los Infanzones","Ávila","Castilla y León","-11.111111111111100","0"
"Tolox","Málaga","Andalucía","5.105239587998209","0"
"Zúñiga","Navarra","Comunidad Foral de Navarra","-14.423076923076900","0"
"Santa Cruz del Retamar","Toledo","Castilla-La Mancha","30.120080053368902","0"
"Formentera del Segura","Alacant-Alicante","Comunitat Valenciana","9.665162669199711","0"
"Beariz","Ourense","Galicia","-14.928057553956799","0"
"Caudiel","Castelló-Castellón","Comunitat Valenciana","-3.112313937753720","0"
"Vélez de Benaudalla","Granada","Andalucía","4.763560500695410","0"
"Monturque","Córdoba","Andalucía","-3.308270676691730","0"
"As Nogais","Lugo","Galicia","-21.986970684039097","0"
"Morales de Rey","Zamora","Castilla y León","-17.452830188679197","0"
"Arbancón","Guadalajara","Castilla-La Mancha","-8.227848101265822","0"
"Monsagro","Salamanca","Castilla y León","-15.286624203821701","0"
"Bohoyo","Ávila","Castilla y León","-31.089743589743602","0"
"Cañete de las Torres","Córdoba","Andalucía","-6.726013847675571","0"
"Herrera de Alcántara","Cáceres","Extremadura","-17.090909090909101","0"
"Albares","Guadalajara","Castilla-La Mancha","-3.505535055350550","0"
"Fernán-Núñez","Córdoba","Andalucía","-1.938577696153450","0"
"Los Cortijos","Ciudad Real","Castilla-La Mancha","-9.884332281808620","0"
"Mazarete","Guadalajara","Castilla-La Mancha","-40.000000000000000","0"
"Castilruiz","Soria","Castilla y León","-22.388059701492505","0"
"Ituero de Azaba","Salamanca","Castilla y León","-8.482142857142861","0"
"Torredembarra","Tarragona","Cataluña-Catalunya","14.184168012924101","0"
"Hontoba","Guadalajara","Castilla-La Mancha","35.962145110410098","0"
"Cañada de Calatrava","Ciudad Real","Castilla-La Mancha","-8.181818181818180","0"
"Muro de Alcoy","Alacant-Alicante","Comunitat Valenciana","1.525126179504060","0"
"Peñarroya-Pueblonuevo","Córdoba","Andalucía","-9.737532808398951","0"
"Mesones de Isuela","Zaragoza","Aragón","-11.864406779661001","0"
"Esparza de Salazar/Espartza Zaraitzu","Navarra","Comunidad Foral de Navarra","-9.756097560975610","0"
"Martín Miguel","Segovia","Castilla y León","10.714285714285701","0"
"Monteagudo de las Vicarías","Soria","Castilla y León","-24.454148471615699","0"
"Ruesga","Cantabria","Cantabria","-13.197424892703902","0"
"Marchena","Sevilla","Andalucía","-3.355065195586760","0"
"Puendeluna","Zaragoza","Aragón","-13.725490196078400","0"
"Valdepiélago","León","Castilla y León","-16.034985422740501","0"
"La Parra","Badajoz","Extremadura","-7.096307023895730","0"
"La Riera de Gaià","Tarragona","Cataluña-Catalunya","5.959475566150180","0"
"Cárcheles","Jaén","Andalucía","-10.836762688614499","0"
"San Miguel de Abona","Santa Cruz de Tenerife","Canarias","39.362554713026299","0"
"Alcabón","Toledo","Castilla-La Mancha","7.323943661971830","0"
"Relleu","Alacant-Alicante","Comunitat Valenciana","-0.794912559618442","0"
"Santa Cristina de la Polvorosa","Zamora","Castilla y León","-7.644444444444439","0"
"Algeciras","Cádiz","Andalucía","4.801905504602709","0"
"Lascellas-Ponzano","Huesca","Aragón","-7.534246575342470","0"
"Cabezón de Valderaduey","Valladolid","Castilla y León","-2.702702702702700","0"
"Castel de Cabra","Teruel","Aragón","-30.468750000000000","0"
"Pazuengos","La Rioja","La Rioja","-18.181818181818201","0"
"La Puebla de Híjar","Teruel","Aragón","-4.974093264248710","0"
"Iturmendi","Navarra","Comunidad Foral de Navarra","6.632653061224490","0"
"Burgui/Burgi","Navarra","Comunidad Foral de Navarra","-14.847161572052398","0"
"Camarma de Esteruelas","Madrid","Comunidad de Madrid","10.556186152099901","0"
"Murillo de Río Leza","La Rioja","La Rioja","-3.861907548273840","0"
"Los Balbases","Burgos","Castilla y León","-8.206686930091189","0"
"Cereceda de la Sierra","Salamanca","Castilla y León","-24.137931034482797","0"
"Candasnos","Huesca","Aragón","23.303834808259602","0"
"San Millán de Yécora","La Rioja","La Rioja","2.941176470588240","0"
"Torre Alháquime","Cádiz","Andalucía","2.963917525773200","0"
"Lakuntza","Navarra","Comunidad Foral de Navarra","2.773375594294770","0"
"Hondón de los Frailes","Alacant-Alicante","Comunitat Valenciana","19.726027397260296","0"
"La Febró","Tarragona","Cataluña-Catalunya","-5.000000000000000","0"
"Castrillo de Riopisuerga","Burgos","Castilla y León","-13.636363636363601","0"
"San Miguel de Bernuy","Segovia","Castilla y León","-9.333333333333330","0"
"Ontinyent","València-Valencia","Comunitat Valenciana","0.038695411829740","0"
"Paiporta","València-Valencia","Comunitat Valenciana","9.568722289399441","0"
"Golmés","Lleida","Cataluña-Catalunya","9.688581314878890","0"
"Gombrèn","Girona","Cataluña-Catalunya","2.564102564102560","0"
"Sada","Navarra","Comunidad Foral de Navarra","-24.418604651162802","0"
"Dehesas de Guadix","Granada","Andalucía","-12.803532008829999","0"
"Torrelodones","Madrid","Comunidad de Madrid","9.970225063490670","0"
"Valdemorillo de la Sierra","Cuenca","Castilla-La Mancha","-33.750000000000000","0"
"Santa Inés","Burgos","Castilla y León","-2.515723270440250","0"
"El Viso","Córdoba","Andalucía","-6.559821095788300","0"
"Lantz","Navarra","Comunidad Foral de Navarra","0.671140939597315","0"
"Cristina","Badajoz","Extremadura","-2.123893805309730","0"
"Jubrique","Málaga","Andalucía","-12.752721617418400","0"
"Castellar de Santiago","Ciudad Real","Castilla-La Mancha","-15.073009891662700","0"
"Santa Coloma de Cervelló","Barcelona","Cataluña-Catalunya","4.416521522766859","0"
"La Cañada de Verich","Teruel","Aragón","-13.725490196078400","0"
"Puebla de Valles","Guadalajara","Castilla-La Mancha","-18.292682926829301","0"
"Castellote","Teruel","Aragón","-10.079575596817000","0"
"Robledo de Corpes","Guadalajara","Castilla-La Mancha","-11.764705882352899","0"
"Válor","Granada","Andalucía","8.507223113964690","0"
"Cabredo","Navarra","Comunidad Foral de Navarra","-26.470588235294102","0"
"Fuensaldaña","Valladolid","Castilla y León","41.416893732970003","0"
"Castiliscar","Zaragoza","Aragón","-25.684931506849296","0"
"La Iruela","Jaén","Andalucía","-8.019559902200491","0"
"Aldehorno","Segovia","Castilla y León","3.773584905660381","0"
"Moros","Zaragoza","Aragón","-29.802955665024601","0"
"Vallfogona de Ripollès","Girona","Cataluña-Catalunya","3.255813953488370","0"
"Fresno Alhándiga","Salamanca","Castilla y León","-27.376425855513300","0"
"Valdunciel","Salamanca","Castilla y León","12.222222222222202","0"
"Tordellego","Guadalajara","Castilla-La Mancha","-24.561403508771896","0"
"Valdeavellano de Tera","Soria","Castilla y León","3.465346534653470","0"
"Pozuelo de Aragón","Zaragoza","Aragón","-14.046822742474900","0"
"Almadenejos","Ciudad Real","Castilla-La Mancha","-14.623655913978499","0"
"Valdepolo","León","Castilla y León","-7.710100231303010","0"
"Torrecampo","Córdoba","Andalucía","-16.555740432612300","0"
"Sant Julià de Vilatorta","Barcelona","Cataluña-Catalunya","3.426192763368560","0"
"Torremocha de Jarama","Madrid","Comunidad de Madrid","23.542116630669504","0"
"Játar","Granada","Andalucía","0.000000000000000","0"
"Arén","Huesca","Aragón","-1.910828025477710","0"
"Sant Joan les Fonts","Girona","Cataluña-Catalunya","5.721137375813640","0"
"Vilaverd","Tarragona","Cataluña-Catalunya","-2.053388090349080","0"
"Cantaracillo","Salamanca","Castilla y León","-7.389162561576359","0"
"Leintz-Gatzaga","Gipuzkoa","País Vasco-Euskadi","-20.491803278688504","0"
"El Frasno","Zaragoza","Aragón","-17.312072892938499","0"
"Cardeñosa de Volpejera","Palencia","Castilla y León","20.408163265306101","0"
"San Miguel de Corneja","Ávila","Castilla y León","9.375000000000000","0"
"Luzaga","Guadalajara","Castilla-La Mancha","-9.333333333333330","0"
"Jorcas","Teruel","Aragón","16.216216216216196","0"
"Okondo","Araba-Álava","País Vasco-Euskadi","3.454231433506040","0"
"Quintanilla San García","Burgos","Castilla y León","-27.083333333333300","0"
"Daya Vieja","Alacant-Alicante","Comunitat Valenciana","-2.055800293685760","0"
"Vilafranca/Villafranca del Cid","Castelló-Castellón","Comunitat Valenciana","-8.673469387755100","0"
"Dévanos","Soria","Castilla y León","-17.204301075268798","0"
"Villatoro","Ávila","Castilla y León","-20.418848167539299","0"
"Alfara del Patriarca","València-Valencia","Comunitat Valenciana","7.331469400434921","0"
"Colungo","Huesca","Aragón","3.225806451612900","0"
"Ibieca","Huesca","Aragón","-9.243697478991601","0"
"Encinillas","Segovia","Castilla y León","40.495867768595005","0"
"Figaró-Montmany","Barcelona","Cataluña-Catalunya","5.656934306569340","0"
"Pajaroncillo","Cuenca","Castilla-La Mancha","-14.705882352941201","0"
"Les Planes d'Hostoles","Girona","Cataluña-Catalunya","3.659976387249110","0"
"Jayena","Granada","Andalucía","-18.069306930693099","0"
"Embid de Ariza","Zaragoza","Aragón","-36.734693877551003","0"
"Escarabajosa de Cabezas","Segovia","Castilla y León","-15.105740181268901","0"
"Dodro","A Coruña","Galicia","-8.719533127360110","0"
"Xàtiva","València-Valencia","Comunitat Valenciana","2.484408547183310","0"
"Noreña","Asturias","Principado de Asturias","-6.713389893028400","0"
"Vellisca","Cuenca","Castilla-La Mancha","0.000000000000000","0"
"Nogal de las Huertas","Palencia","Castilla y León","-6.382978723404261","0"
"Arenillas de Riopisuerga","Burgos","Castilla y León","-2.793296089385470","0"
"Sot de Ferrer","Castelló-Castellón","Comunitat Valenciana","8.466819221967960","0"
"La Orotava","Santa Cruz de Tenerife","Canarias","3.096238373928460","0"
"Setcases","Girona","Cataluña-Catalunya","-5.128205128205130","0"
"Ablanque","Guadalajara","Castilla-La Mancha","-17.500000000000000","0"
"Argelaguer","Girona","Cataluña-Catalunya","0.705882352941177","0"
"Anglesola","Lleida","Cataluña-Catalunya","0.073529411764706","0"
"Pastores","Salamanca","Castilla y León","-12.903225806451600","0"
"Villa del Campo","Cáceres","Extremadura","-15.930902111324400","0"
"Turón","Granada","Andalucía","-24.221453287197196","0"
"Miranda del Castañar","Salamanca","Castilla y León","-16.059957173447501","0"
"Cardeñadijo","Burgos","Castilla y León","14.420803782505901","0"
"Cerezo de Abajo","Segovia","Castilla y León","-13.103448275862101","0"
"Aguilar del Alfambra","Teruel","Aragón","7.792207792207789","0"
"Cogollos de la Vega","Granada","Andalucía","1.027900146842880","0"
"Alborache","València-Valencia","Comunitat Valenciana","17.215189873417700","0"
"Fontanarejo","Ciudad Real","Castilla-La Mancha","-15.957446808510600","0"
"Villalube","Zamora","Castilla y León","-15.934065934065901","0"
"Canet de Mar","Barcelona","Cataluña-Catalunya","6.280535297033209","0"
"Vila-real","Castelló-Castellón","Comunitat Valenciana","2.161363412471680","0"
"Salvatierra de Tormes","Salamanca","Castilla y León","25.806451612903199","0"
"Torreiglesias","Segovia","Castilla y León","-25.797101449275399","0"
"Abizanda","Huesca","Aragón","15.714285714285701","0"
"Escobosa de Almazán","Soria","Castilla y León","-32.142857142857103","0"
"Cordobilla de Lácara","Badajoz","Extremadura","-13.963039014373701","0"
"Casas del Castañar","Cáceres","Extremadura","-4.139072847682120","0"
"Villaprovedo","Palencia","Castilla y León","-24.637681159420296","0"
"Altorricón","Huesca","Aragón","-3.249830737982400","0"
"Pedrosillo de Alba","Salamanca","Castilla y León","-18.421052631578899","0"
"Alesón","La Rioja","La Rioja","-16.239316239316199","0"
"Taboadela","Ourense","Galicia","-4.740550928891739","0"
"Fresno de Sayago","Zamora","Castilla y León","-26.341463414634099","0"
"Gádor","Almería","Andalucía","-2.164082687338500","0"
"Escariche","Guadalajara","Castilla-La Mancha","-1.052631578947370","0"
"Rupià","Girona","Cataluña-Catalunya","28.455284552845502","0"
"Iruraiz-Gauna","Araba-Álava","País Vasco-Euskadi","5.870841487279840","0"
"Riudecols","Tarragona","Cataluña-Catalunya","-3.429027113237640","0"
"Almáchar","Málaga","Andalucía","-2.222222222222220","0"
"Sant Martí de Riucorb","Lleida","Cataluña-Catalunya","-4.379562043795620","0"
"Boimorto","A Coruña","Galicia","-12.576832151300200","0"
"Palomares del Campo","Cuenca","Castilla-La Mancha","-20.200573065902599","0"
"Tresviso","Cantabria","Cantabria","-15.942028985507200","0"
"El Acebrón","Cuenca","Castilla-La Mancha","-5.042016806722690","0"
"Herramélluri","La Rioja","La Rioja","-0.909090909090909","0"
"Paracuellos de Jarama","Madrid","Comunidad de Madrid","24.320839856340399","0"
"Quer","Guadalajara","Castilla-La Mancha","39.512855209742902","0"
"Valle de Zamanzas","Burgos","Castilla y León","-28.985507246376798","0"
"Valles de Palenzuela","Burgos","Castilla y León","-10.227272727272700","0"
"Cabrero","Cáceres","Extremadura","-5.013927576601669","0"
"Tiana","Barcelona","Cataluña-Catalunya","10.632667789271100","0"
"Alàs i Cerc","Lleida","Cataluña-Catalunya","-9.550561797752810","0"
"Alique","Guadalajara","Castilla-La Mancha","-30.000000000000000","0"
"Villaralto","Córdoba","Andalucía","-13.924050632911399","0"
"Hormilla","La Rioja","La Rioja","-4.130434782608700","0"
"Torre de Don Miguel","Cáceres","Extremadura","-6.395348837209299","0"
"Algora","Guadalajara","Castilla-La Mancha","22.500000000000000","0"
"Ruente","Cantabria","Cantabria","1.740812379110250","0"
"Regueras de Arriba","León","Castilla y León","-20.241691842900295","0"
"Cosuenda","Zaragoza","Aragón","-11.140583554376699","0"
"Bisaurri","Huesca","Aragón","2.234636871508380","0"
"Ventrosa","La Rioja","La Rioja","-21.538461538461501","0"
"Pelayos de la Presa","Madrid","Comunidad de Madrid","19.184652278177502","0"
"Pradoluengo","Burgos","Castilla y León","-18.174904942965799","0"
"Torrecilla del Pinar","Segovia","Castilla y León","-16.666666666666700","0"
"Benaoján","Málaga","Andalucía","-5.646749835850300","0"
"Picanya","València-Valencia","Comunitat Valenciana","5.860113421550101","0"
"Alcalá la Real","Jaén","Andalucía","-3.301379681060740","0"
"Burbáguena","Teruel","Aragón","33.807829181494704","0"
"Pedrera","Sevilla","Andalucía","-4.847129008202829","0"
"Hortezuela de Océn","Guadalajara","Castilla-La Mancha","-31.481481481481499","0"
"Canyelles","Barcelona","Cataluña-Catalunya","20.092059838895299","0"
"Albendiego","Guadalajara","Castilla-La Mancha","15.384615384615401","0"
"Puebla de San Miguel","València-Valencia","Comunitat Valenciana","-25.352112676056297","0"
"Torres de Albánchez","Jaén","Andalucía","-17.931793179317896","0"
"Punxín","Ourense","Galicia","0.267022696929239","0"
"Fuentearmegil","Soria","Castilla y León","-24.630541871921199","0"
"Poveda de las Cintas","Salamanca","Castilla y León","-20.564516129032299","0"
"Villalobón","Palencia","Castilla y León","21.335927367055799","0"
"Valdemeca","Cuenca","Castilla-La Mancha","-6.818181818181820","0"
"Casas Altas","València-Valencia","Comunitat Valenciana","-2.013422818791950","0"
"Etxarri Aranatz","Navarra","Comunidad Foral de Navarra","1.204335608189480","0"
"Oza-Cesuras","A Coruña","Galicia","-1.364928909952610","0"
"Sinarcas","València-Valencia","Comunitat Valenciana","-3.217391304347830","0"
"Fuentesoto","Segovia","Castilla y León","-20.000000000000000","0"
"Sant Vicenç de Torelló","Barcelona","Cataluña-Catalunya","5.468354430379749","0"
"Villaseca de Henares","Guadalajara","Castilla-La Mancha","-27.272727272727298","0"
"Torralba de los Frailes","Zaragoza","Aragón","-18.181818181818201","0"
"Barbadillo","Salamanca","Castilla y León","-3.658536585365850","0"
"Gilena","Sevilla","Andalucía","-4.680630980087920","0"
"Castillejo de Martín Viejo","Salamanca","Castilla y León","-9.128630705394190","0"
"Utrillas","Teruel","Aragón","-3.318722604884160","0"
"Trujillanos","Badajoz","Extremadura","-2.027972027972030","0"
"Gaucín","Málaga","Andalucía","-4.787552363853979","0"
"Benamejí","Córdoba","Andalucía","-2.810853015811050","0"
"Godojos","Zaragoza","Aragón","69.444444444444400","0"
"Riaño","León","Castilla y León","-6.692913385826770","0"
"Quintana del Pidio","Burgos","Castilla y León","-9.638554216867471","0"
"Torrijo de la Cañada","Zaragoza","Aragón","-19.920318725099602","0"
"Armilla","Granada","Andalucía","8.129449838187700","0"
"Lozoyuela-Navas-Sieteiglesias","Madrid","Comunidad de Madrid","23.996655518394700","0"
"Vallfogona de Balaguer","Lleida","Cataluña-Catalunya","5.402542372881360","0"
"Alarba","Zaragoza","Aragón","-38.562091503268000","0"
"Valle de Tobalina","Burgos","Castilla y León","-12.624254473161001","0"
"Villafranca de Ebro","Zaragoza","Aragón","2.439024390243900","0"
"Atarfe","Granada","Andalucía","13.966989186112700","0"
"Solana de los Barros","Badajoz","Extremadura","-6.588148693411850","0"
"Cabezarados","Ciudad Real","Castilla-La Mancha","-6.481481481481480","0"
"Pueyo de Santa Cruz","Huesca","Aragón","-2.662721893491120","0"
"Torrico","Toledo","Castilla-La Mancha","-13.563501849568398","0"
"Canalejas de Peñafiel","Valladolid","Castilla y León","-21.812080536912802","0"
"Getaria","Gipuzkoa","País Vasco-Euskadi","5.209097578870140","0"
"Calonge i Sant Antoni","Girona","Cataluña-Catalunya","14.249122474148599","0"
"Higuera de la Sierra","Huelva","Andalucía","-3.402366863905320","0"
"Zigoitia","Araba-Álava","País Vasco-Euskadi","4.475043029259899","0"
"Aguilar de Bureba","Burgos","Castilla y León","-21.739130434782599","0"
"Salvatierra de Esca","Zaragoza","Aragón","-3.317535545023699","0"
"Undués de Lerda","Zaragoza","Aragón","-7.142857142857141","0"
"Los Blázquez","Córdoba","Andalucía","-8.273894436519260","0"
"Orio","Gipuzkoa","País Vasco-Euskadi","7.569371268001411","0"
"Mairena del Alcor","Sevilla","Andalucía","7.475386465897451","0"
"Fuente-Tójar","Córdoba","Andalucía","-4.022191400832180","0"
"Villavieja de Yeltes","Salamanca","Castilla y León","-20.728929384965799","0"
"Brime de Sog","Zamora","Castilla y León","-26.666666666666700","0"
"Cuacos de Yuste","Cáceres","Extremadura","-5.017103762827820","0"
"Nerpio","Albacete","Castilla-La Mancha","-15.173410404624303","0"
"Villatuerta","Navarra","Comunidad Foral de Navarra","12.234042553191498","0"
"La Frontera","Cuenca","Castilla-La Mancha","-18.888888888888900","0"
"Torrecilla de la Jara","Toledo","Castilla-La Mancha","-18.846153846153801","0"
"la Vall d'Alcalà","Alacant-Alicante","Comunitat Valenciana","-0.571428571428571","0"
"Cañas","La Rioja","La Rioja","4.545454545454549","0"
"Torrecilla sobre Alesanco","La Rioja","La Rioja","54.285714285714299","0"
"Benagéber","València-Valencia","Comunitat Valenciana","-20.754716981132102","0"
"Fuentelisendo","Burgos","Castilla y León","1.960784313725490","0"
"Aldeonte","Segovia","Castilla y León","-11.290322580645201","0"
"Nerja","Málaga","Andalucía","6.121361809288589","0"
"Atzeneta d'Albaida","València-Valencia","Comunitat Valenciana","-1.191489361702130","0"
"Malpartida de Cáceres","Cáceres","Extremadura","-6.219876061510210","0"
"Valdecaballeros","Badajoz","Extremadura","-7.785467128027681","0"
"Font-rubí","Barcelona","Cataluña-Catalunya","7.612712490761270","0"
"Moraleja de Sayago","Zamora","Castilla y León","14.671814671814699","0"
"Villadoz","Zaragoza","Aragón","-12.765957446808500","0"
"l'Alcora","Castelló-Castellón","Comunitat Valenciana","-1.368065967016490","0"
"Santa Eufemia","Córdoba","Andalucía","-20.492721164613698","0"
"San Rafael del Río","Castelló-Castellón","Comunitat Valenciana","-3.515625000000000","0"
"Tapioles","Zamora","Castilla y León","-22.674418604651198","0"
"Valverde de Leganés","Badajoz","Extremadura","0.381588361554973","0"
"Nulles","Tarragona","Cataluña-Catalunya","20.088300220750600","0"
"Melgar de Tera","Zamora","Castilla y León","-18.706697459584298","0"
"Vilanova del Vallès","Barcelona","Cataluña-Catalunya","6.666666666666670","0"
"La Alberca","Salamanca","Castilla y León","-5.772646536412079","0"
"Guadalcanal","Sevilla","Andalucía","-9.269162210338679","0"
"Ledanca","Guadalajara","Castilla-La Mancha","-1.869158878504670","0"
"Artesa de Lleida","Lleida","Cataluña-Catalunya","0.265251989389920","0"
"Tariego de Cerrato","Palencia","Castilla y León","-8.522727272727272","0"
"Cuevas de San Clemente","Burgos","Castilla y León","-16.981132075471702","0"
"Herce","La Rioja","La Rioja","-4.411764705882350","0"
"Nàquera/Náquera","València-Valencia","Comunitat Valenciana","32.191222059063499","0"
"Les Valls d'Aguilar","Lleida","Cataluña-Catalunya","-9.395973154362419","0"
"Purullena","Granada","Andalucía","-4.775627830382870","0"
"Villagonzalo","Badajoz","Extremadura","-6.046511627906980","0"
"Valdelacasa de Tajo","Cáceres","Extremadura","-20.047169811320799","0"
"Santa Cecilia del Alcor","Palencia","Castilla y León","-24.409448818897602","0"
"El Boalo","Madrid","Comunidad de Madrid","20.653107991979400","0"
"Riogordo","Málaga","Andalucía","-3.487569060773480","0"
"Massoteres","Lleida","Cataluña-Catalunya","9.693877551020410","0"
"Reina","Badajoz","Extremadura","-20.555555555555596","0"
"Quintanilla de Trigueros","Valladolid","Castilla y León","-7.476635514018691","0"
"Gargüera","Cáceres","Extremadura","66.037735849056588","0"
"Santiago del Collado","Ávila","Castilla y León","-8.695652173913041","0"
"Lobera de Onsella","Zaragoza","Aragón","-38.095238095238095","0"
"Marmolejo","Jaén","Andalucía","-8.311290547125159","0"
"Villalba de Rioja","La Rioja","La Rioja","35.200000000000003","0"
"Cogollor","Guadalajara","Castilla-La Mancha","-32.258064516129004","0"
"Chapinería","Madrid","Comunidad de Madrid","21.682242990654203","0"
"Tejeda y Segoyuela","Salamanca","Castilla y León","-11.320754716981101","0"
"Cascajares de Bureba","Burgos","Castilla y León","-15.151515151515200","0"
"Valdaracete","Madrid","Comunidad de Madrid","-2.012383900928790","0"
"Navascués/Nabaskoze","Navarra","Comunidad Foral de Navarra","-23.417721518987300","0"
"Puebla de Don Rodrigo","Ciudad Real","Castilla-La Mancha","-10.355987055016200","0"
"Bretocino","Zamora","Castilla y León","-15.725806451612900","0"
"Carranque","Toledo","Castilla-La Mancha","14.180558562459399","0"
"Aguilar de la Frontera","Córdoba","Andalucía","-2.560340400557549","0"
"Cerralbo","Salamanca","Castilla y León","-32.000000000000000","0"
"El Puerto de Santa María","Cádiz","Andalucía","1.254791431792560","0"
"Esparragalejo","Badajoz","Extremadura","0.801068090787717","0"
"Leciñena","Zaragoza","Aragón","-10.615883306320901","0"
"Campaspero","Valladolid","Castilla y León","-11.839863713799000","0"
"Baélls","Huesca","Aragón","-19.469026548672602","0"
"Espejón","Soria","Castilla y León","-28.421052631578899","0"
"Irueste","Guadalajara","Castilla-La Mancha","11.475409836065600","0"
"la Pobla de Farnals","València-Valencia","Comunitat Valenciana","11.668806161745801","0"
"Villanueva de Bogas","Toledo","Castilla-La Mancha","-11.689961880559100","0"
"Capçanes","Tarragona","Cataluña-Catalunya","3.163017031630170","0"
"Capileira","Granada","Andalucía","17.338709677419402","0"
"Armiñón","Araba-Álava","País Vasco-Euskadi","-7.200000000000000","0"
"Fresnedoso","Salamanca","Castilla y León","-12.068965517241400","0"
"Almeida de Sayago","Zamora","Castilla y León","-22.641509433962298","0"
"Pozán de Vero","Huesca","Aragón","4.444444444444439","0"
"Barriopedro","Guadalajara","Castilla-La Mancha","0.000000000000000","0"
"Maraña","León","Castilla y León","-17.241379310344797","0"
"Manzanares el Real","Madrid","Comunidad de Madrid","14.715228550476699","0"
"Cañada Rosal","Sevilla","Andalucía","3.132603406326040","0"
"Pedraza de Alba","Salamanca","Castilla y León","-12.252964426877499","0"
"Monda","Málaga","Andalucía","23.663157894736798","0"
"San Esteban del Valle","Ávila","Castilla y León","-8.700980392156861","0"
"Cortes de Baza","Granada","Andalucía","-13.727359389895099","0"
"Navahondilla","Ávila","Castilla y León","9.480122324159019","0"
"Allepuz","Teruel","Aragón","3.418803418803420","0"
"Obejo","Córdoba","Andalucía","3.180914512922460","0"
"Huerta de Arriba","Burgos","Castilla y León","-1.574803149606300","0"
"Quesada","Jaén","Andalucía","-10.653839301621201","0"
"Santa Cruz de Paniagua","Cáceres","Extremadura","-17.888563049853403","0"
"Benicolet","València-Valencia","Comunitat Valenciana","-4.617834394904460","0"
"Herguijuela de la Sierra","Salamanca","Castilla y León","-22.033898305084701","0"
"Ráfales","Teruel","Aragón","5.633802816901410","0"
"Teià","Barcelona","Cataluña-Catalunya","9.037616023448949","0"
"Arbeteta","Guadalajara","Castilla-La Mancha","-38.709677419354804","0"
"Asteasu","Gipuzkoa","País Vasco-Euskadi","1.510177281680890","0"
"Domeño","València-Valencia","Comunitat Valenciana","-2.005730659025790","0"
"Bufali","València-Valencia","Comunitat Valenciana","-10.857142857142902","0"
"Peñarroya de Tastavins","Teruel","Aragón","-9.034907597535931","0"
"Garciotum","Toledo","Castilla-La Mancha","20.786516853932604","0"
"Villaturde","Palencia","Castilla y León","-24.175824175824197","0"
"Carme","Barcelona","Cataluña-Catalunya","-4.161566707466340","0"
"Oliete","Teruel","Aragón","-17.298578199052098","0"
"Montánchez","Cáceres","Extremadura","-13.104948341489900","0"
"Arrabalde","Zamora","Castilla y León","-18.702290076335899","0"
"Puebla de Don Fadrique","Granada","Andalucía","-5.034423407917380","0"
"Rabanales","Zamora","Castilla y León","-19.016393442622899","0"
"Quintanilla de la Mata","Burgos","Castilla y León","-18.248175182481798","0"
"Bernuy-Zapardiel","Ávila","Castilla y León","-35.294117647058805","0"
"Frías de Albarracín","Teruel","Aragón","-22.916666666666700","0"
"Villaluenga del Rosario","Cádiz","Andalucía","5.263157894736840","0"
"Villar del Pedroso","Cáceres","Extremadura","-14.241001564945201","0"
"Sangarrén","Huesca","Aragón","-0.471698113207547","0"
"Villanueva de la Cañada","Madrid","Comunidad de Madrid","25.314707600786097","0"
"Valdetorres","Badajoz","Extremadura","-7.968127490039840","0"
"Valle de Valdelaguna","Burgos","Castilla y León","-2.000000000000000","0"
"Zalamea de la Serena","Badajoz","Extremadura","-9.718198577824600","0"
"Faura","València-Valencia","Comunitat Valenciana","1.771653543307090","0"
"Villaveza de Valverde","Zamora","Castilla y León","-28.421052631578899","0"
"Orejana","Segovia","Castilla y León","-13.888888888888900","0"
"Gargallo","Teruel","Aragón","-17.272727272727298","0"
"Rosal de la Frontera","Huelva","Andalucía","-6.197183098591550","0"
"Torvizcón","Granada","Andalucía","-12.957746478873199","0"
"Zuñeda","Burgos","Castilla y León","-1.724137931034480","0"
"Soto en Cameros","La Rioja","La Rioja","-27.118644067796602","0"
"Santa Eulàlia de Riuprimer","Barcelona","Cataluña-Catalunya","15.170770452740301","0"
"Vilallonga del Camp","Tarragona","Cataluña-Catalunya","8.703454463885150","0"
"Vallclara","Tarragona","Cataluña-Catalunya","-18.103448275862100","0"
"Salmeroncillos","Cuenca","Castilla-La Mancha","-20.769230769230802","0"
"Cosa","Teruel","Aragón","8.928571428571429","0"
"Quatretonda","València-Valencia","Comunitat Valenciana","-8.825978351373861","0"
"Polentinos","Palencia","Castilla y León","-24.137931034482797","0"
"Zarza de Tajo","Cuenca","Castilla-La Mancha","-7.770270270270270","0"
"Collbató","Barcelona","Cataluña-Catalunya","9.058052857465549","0"
"Sellent","València-Valencia","Comunitat Valenciana","-4.030226700251890","0"
"Beamud","Cuenca","Castilla-La Mancha","8.333333333333330","0"
"Fuentelcésped","Burgos","Castilla y León","21.461187214611897","0"
"Ansó","Huesca","Aragón","-4.128440366972479","0"
"Villasandino","Burgos","Castilla y León","-11.055276381909497","0"
"Corcos","Valladolid","Castilla y León","3.317535545023699","0"
"Alcalá del Obispo","Huesca","Aragón","6.017191977077360","0"
"Aielo de Rugat","València-Valencia","Comunitat Valenciana","-1.807228915662650","0"
"San Adrián de Juarros","Burgos","Castilla y León","9.411764705882350","0"
"Betelu","Navarra","Comunidad Foral de Navarra","12.349397590361399","0"
"Mengamuñoz","Ávila","Castilla y León","-11.111111111111100","0"
"El Campo de Peñaranda","Salamanca","Castilla y León","-7.394366197183101","0"
"Serra de Daró","Girona","Cataluña-Catalunya","12.322274881516600","0"
"Torregamones","Zamora","Castilla y León","-25.324675324675301","0"
"El Gordo","Cáceres","Extremadura","-3.703703703703700","0"
"Navatalgordo","Ávila","Castilla y León","2.145922746781120","0"
"Torrefarrera","Lleida","Cataluña-Catalunya","7.535460992907800","0"
"Lagunaseca","Cuenca","Castilla-La Mancha","-36.363636363636402","0"
"Riba-roja de Túria","València-Valencia","Comunitat Valenciana","9.563235499325550","0"
"Villasur de Herreros","Burgos","Castilla y León","0.735294117647059","0"
"Gil García","Ávila","Castilla y León","7.317073170731710","0"
"Cavia","Burgos","Castilla y León","-5.405405405405411","0"
"Estopiñán del Castillo","Huesca","Aragón","-14.705882352941201","0"
"Sotés","La Rioja","La Rioja","-10.344827586206899","0"
"Frades","A Coruña","Galicia","-9.617706237424549","0"
"Igualeja","Málaga","Andalucía","-4.562268803945750","0"
"Castroverde de Campos","Zamora","Castilla y León","-28.055555555555596","0"
"Monasterio de Rodilla","Burgos","Castilla y León","-14.594594594594600","0"
"Almiserà","València-Valencia","Comunitat Valenciana","-3.460207612456750","0"
"Almohaja","Teruel","Aragón","-19.047619047619001","0"
"Alcaine","Teruel","Aragón","-33.333333333333300","0"
"Calzada de Valdunciel","Salamanca","Castilla y León","6.363636363636360","0"
"Lidón","Teruel","Aragón","-5.555555555555561","0"
"San Pelayo de Guareña","Salamanca","Castilla y León","4.545454545454549","0"
"Sant Quirze del Vallès","Barcelona","Cataluña-Catalunya","3.539823008849560","0"
"Rozalén del Monte","Cuenca","Castilla-La Mancha","-27.160493827160501","0"
"Camarenilla","Toledo","Castilla-La Mancha","13.743218806509899","0"
"Malla","Barcelona","Cataluña-Catalunya","0.000000000000000","0"
"Cordovilla","Salamanca","Castilla y León","-10.483870967741902","0"
"Selva","Illes Balears","Illes Balears","11.171591498185601","0"
"Valdeaveruelo","Guadalajara","Castilla-La Mancha","13.773584905660400","0"
"Mamolar","Burgos","Castilla y León","-12.121212121212098","0"
"Chillarón del Rey","Guadalajara","Castilla-La Mancha","-21.296296296296294","0"
"Olmedo de Camaces","Salamanca","Castilla y León","-20.634920634920604","0"
"Lagueruela","Teruel","Aragón","-7.692307692307691","0"
"Obanos","Navarra","Comunidad Foral de Navarra","0.108813928182807","0"
"Cabanabona","Lleida","Cataluña-Catalunya","-30.681818181818201","0"
"Sant Martí Sesgueioles","Barcelona","Cataluña-Catalunya","-9.113924050632908","0"
"Chalamera","Huesca","Aragón","26.213592233009699","0"
"Aldeasoña","Segovia","Castilla y León","-4.477611940298510","0"
"Valdearenas","Guadalajara","Castilla-La Mancha","-2.247191011235960","0"
"Vilamòs","Lleida","Cataluña-Catalunya","-2.339181286549710","0"
"Griegos","Teruel","Aragón","-1.408450704225350","0"
"El Pont d'Armentera","Tarragona","Cataluña-Catalunya","-12.655971479500902","0"
"Montaverner","València-Valencia","Comunitat Valenciana","-5.327868852459020","0"
"Cabreros del Río","León","Castilla y León","-8.237986270022880","0"
"Blesa","Teruel","Aragón","-28.440366972477101","0"
"Fontanilles","Girona","Cataluña-Catalunya","6.250000000000000","0"
"Murtas","Granada","Andalucía","-15.341959334565601","0"
"San Emiliano","León","Castilla y León","-12.879884225759799","0"
"Ochagavía/Otsagabia","Navarra","Comunidad Foral de Navarra","-16.095890410958898","0"
"Cubillos","Zamora","Castilla y León","-8.734939759036148","0"
"Petrés","València-Valencia","Comunitat Valenciana","11.608961303462301","0"
"La Guancha","Santa Cruz de Tenerife","Canarias","1.459321415541770","0"
"Benamaurel","Granada","Andalucía","-6.793703396851700","0"
"Marcilla de Campos","Palencia","Castilla y León","25.641025641025600","0"
"Castiello de Jaca","Huesca","Aragón","-0.411522633744856","0"
"Villares de Jadraque","Guadalajara","Castilla-La Mancha","-16.363636363636402","0"
"Etxebarria","Bizkaia","País Vasco-Euskadi","-1.012658227848100","0"
"Sandiás","Ourense","Galicia","-12.567463377023900","0"
"Osor","Girona","Cataluña-Catalunya","-7.079646017699120","0"
"Cervillego de la Cruz","Valladolid","Castilla y León","0.000000000000000","0"
"Alcaracejos","Córdoba","Andalucía","-2.226588081204980","0"
"Jafre","Girona","Cataluña-Catalunya","-2.020202020202020","0"
"Villahermosa del Río","Castelló-Castellón","Comunitat Valenciana","-2.400000000000000","0"
"Pallejà","Barcelona","Cataluña-Catalunya","4.292188749666759","0"
"Vertavillo","Palencia","Castilla y León","-18.905472636815897","0"
"La Nava","Huelva","Andalucía","-12.500000000000000","0"
"Sequeros","Salamanca","Castilla y León","-6.113537117903930","0"
"Languilla","Segovia","Castilla y León","-4.597701149425291","0"
"Calvarrasa de Arriba","Salamanca","Castilla y León","-2.926829268292680","0"
"Ciruelos del Pinar","Guadalajara","Castilla-La Mancha","-6.451612903225810","0"
"Valdelacalzada","Badajoz","Extremadura","0.363372093023256","0"
"Mazaleón","Teruel","Aragón","-9.814814814814810","0"
"Santa Maria d'Oló","Barcelona","Cataluña-Catalunya","1.971830985915490","0"
"Alcoba","Ciudad Real","Castilla-La Mancha","-13.771517996870099","0"
"Les Cabanyes","Barcelona","Cataluña-Catalunya","3.850156087408950","0"
"Lantarón","Araba-Álava","País Vasco-Euskadi","0.751879699248120","0"
"Calabazas de Fuentidueña","Segovia","Castilla y León","-35.897435897435898","0"
"El Pla de Santa Maria","Tarragona","Cataluña-Catalunya","2.175767918088740","0"
"La Bastida","Salamanca","Castilla y León","3.703703703703700","0"
"Salobral","Ávila","Castilla y León","-9.756097560975610","0"
"Lugros","Granada","Andalucía","-7.012195121951221","0"
"Belver de Cinca","Huesca","Aragón","-2.971768202080240","0"
"Padules","Almería","Andalucía","-9.710743801652889","0"
"Barañáin/Barañain","Navarra","Comunidad Foral de Navarra","-4.316159937432789","0"
"Espera","Cádiz","Andalucía","-2.811860940695300","0"
"Fariza","Zamora","Castilla y León","-14.974182444062000","0"
"Las Casas del Conde","Salamanca","Castilla y León","7.017543859649120","0"
"Tegueste","Santa Cruz de Tenerife","Canarias","2.225826800036050","0"
"Viladamat","Girona","Cataluña-Catalunya","10.909090909090901","0"
"Aldehuela de Jerte","Cáceres","Extremadura","-3.466666666666670","0"
"Montilla","Córdoba","Andalucía","-5.604944543222420","0"
"Parcent","Alacant-Alicante","Comunitat Valenciana","-1.666666666666670","0"
"Santiago-Pontones","Jaén","Andalucía","-20.251315020455898","0"
"Valleruela de Sepúlveda","Segovia","Castilla y León","-5.263157894736840","0"
"Foncea","La Rioja","La Rioja","-5.050505050505050","0"
"Ribadedeva","Asturias","Principado de Asturias","-7.035445757250270","0"
"Palau-sator","Girona","Cataluña-Catalunya","2.950819672131150","0"
"Fresno de la Polvorosa","Zamora","Castilla y León","-27.044025157232699","0"
"Piña de Campos","Palencia","Castilla y León","-17.991631799163198","0"
"Muro en Cameros","La Rioja","La Rioja","-11.111111111111100","0"
"Viladasens","Girona","Cataluña-Catalunya","2.777777777777780","0"
"Velamazán","Soria","Castilla y León","-25.555555555555596","0"
"Prado de la Guzpeña","León","Castilla y León","-23.776223776223798","0"
"Erla","Zaragoza","Aragón","-3.200000000000000","0"
"Valluércanes","Burgos","Castilla y León","-15.000000000000000","0"
"Longás","Zaragoza","Aragón","25.714285714285701","0"
"Benilloba","Alacant-Alicante","Comunitat Valenciana","-6.590621039290240","0"
"Santa Cilia","Huesca","Aragón","11.555555555555602","0"
"Alfafar","València-Valencia","Comunitat Valenciana","2.694203238676370","0"
"Bueu","Pontevedra","Galicia","-3.481217616580310","0"
"Benasque","Huesca","Aragón","7.305723592368540","0"
"Labuerda","Huesca","Aragón","4.516129032258061","0"
"Benigembla","Alacant-Alicante","Comunitat Valenciana","5.708661417322840","0"
"Hurones","Burgos","Castilla y León","-20.588235294117599","0"
"Fuente el Saz de Jarama","Madrid","Comunidad de Madrid","12.061163988141701","0"
"Barbuñales","Huesca","Aragón","-4.000000000000000","0"
"Amer","Girona","Cataluña-Catalunya","6.225339763261730","0"
"Vicién","Huesca","Aragón","13.934426229508201","0"
"San Torcuato","La Rioja","La Rioja","-13.698630136986301","0"
"Massalfassar","València-Valencia","Comunitat Valenciana","5.414141414141411","0"
"Horcajo de la Sierra-Aoslos","Madrid","Comunidad de Madrid","30.726256983240198","0"
"Sierra de Fuentes","Cáceres","Extremadura","-1.125795398923150","0"
"Montillana","Granada","Andalucía","-19.259818731117800","0"
"Montalbo","Cuenca","Castilla-La Mancha","1.603498542274050","0"
"Castejón de Tornos","Teruel","Aragón","7.936507936507939","0"
"Fuentes de Ayódar","Castelló-Castellón","Comunitat Valenciana","-27.407407407407401","0"
"Rafal","Alacant-Alicante","Comunitat Valenciana","15.998066698888399","0"
"Villalba de la Lampreana","Zamora","Castilla y León","-17.307692307692299","0"
"Bentarique","Almería","Andalucía","-5.490196078431370","0"
"Morales de Valverde","Zamora","Castilla y León","-25.120772946859898","0"
"Cepeda","Salamanca","Castilla y León","-19.667590027700797","0"
"Domingo Pérez de Granada","Granada","Andalucía","0.000000000000000","0"
"Sant Esteve Sesrovires","Barcelona","Cataluña-Catalunya","4.826306019623440","0"
"Torremocha del Campo","Guadalajara","Castilla-La Mancha","-12.785388127853899","0"
"Cádiz","Cádiz","Andalucía","-8.155151594805282","0"
"Malpartida de la Serena","Badajoz","Extremadura","-14.098360655737700","0"
"Fuentelviejo","Guadalajara","Castilla-La Mancha","0.000000000000000","0"
"Carabaña","Madrid","Comunidad de Madrid","14.914054600606701","0"
"Valdelagua del Cerro","Soria","Castilla y León","-31.578947368421101","0"
"Gerena","Sevilla","Andalucía","7.169243398549730","0"
"El Rourell","Tarragona","Cataluña-Catalunya","-2.284263959390860","0"
"Cardeñosa","Ávila","Castilla y León","-11.416490486257901","0"
"Villagonzalo Pedernales","Burgos","Castilla y León","6.766055045871560","0"
"Pedrajas de San Esteban","Valladolid","Castilla y León","-3.454182129603200","0"
"Ondara","Alacant-Alicante","Comunitat Valenciana","10.193003618817901","0"
"La Yesa","València-Valencia","Comunitat Valenciana","-9.266409266409271","0"
"Saldías","Navarra","Comunidad Foral de Navarra","5.084745762711870","0"
"L'Ametlla de Mar","Tarragona","Cataluña-Catalunya","0.301246063261673","0"
"Vedra","A Coruña","Galicia","-1.064458900059140","0"
"Talamanca de Jarama","Madrid","Comunidad de Madrid","33.302724211815104","0"
"Sant Miquel de Campmajor","Girona","Cataluña-Catalunya","6.465517241379310","0"
"Esguevillas de Esgueva","Valladolid","Castilla y León","-5.673758865248231","0"
"Poveda de la Sierra","Guadalajara","Castilla-La Mancha","-16.296296296296294","0"
"Villabasta de Valdavia","Palencia","Castilla y León","3.125000000000000","0"
"Boceguillas","Segovia","Castilla y León","-15.783132530120499","0"
"Santa María de la Alameda","Madrid","Comunidad de Madrid","25.165016501650200","0"
"Valdetórtola","Cuenca","Castilla-La Mancha","-19.607843137254900","0"
"Arantzazu","Bizkaia","País Vasco-Euskadi","2.368421052631580","0"
"Cabrera de Mar","Barcelona","Cataluña-Catalunya","9.281767955801111","0"
"Huélamo","Cuenca","Castilla-La Mancha","-26.923076923076902","0"
"Puigverd de Lleida","Lleida","Cataluña-Catalunya","-0.992204110559887","0"
"San Lorenzo de Tormes","Ávila","Castilla y León","-28.888888888888900","0"
"Valga","Pontevedra","Galicia","-5.719008264462810","0"
"Pajares de la Laguna","Salamanca","Castilla y León","-8.403361344537821","0"
"Gumiel de Mercado","Burgos","Castilla y León","21.835443037974699","0"
"Ariany","Illes Balears","Illes Balears","6.644518272425249","0"
"Sacedón","Guadalajara","Castilla-La Mancha","-8.741258741258740","0"
"Olivenza","Badajoz","Extremadura","-2.709847984137470","0"
"Castillejo de Iniesta","Cuenca","Castilla-La Mancha","-43.386243386243400","0"
"Peralta de Alcofea","Huesca","Aragón","5.498281786941580","0"
"Les Llosses","Girona","Cataluña-Catalunya","-3.791469194312800","0"
"Santa Cruz de Marchena","Almería","Andalucía","9.722222222222221","0"
"Munébrega","Zaragoza","Aragón","-12.142857142857098","0"
"Sant Quirze Safaja","Barcelona","Cataluña-Catalunya","5.124223602484469","0"
"Los Navalucillos","Toledo","Castilla-La Mancha","-19.373454245671901","0"
"Garganta del Villar","Ávila","Castilla y León","2.500000000000000","0"
"Jamilena","Jaén","Andalucía","-4.241200230813621","0"
"Algimia de Almonacid","Castelló-Castellón","Comunitat Valenciana","-14.726027397260301","0"
"Cuadros","León","Castilla y León","4.504504504504510","0"
"Cordovín","La Rioja","La Rioja","-12.068965517241400","0"
"Soliedra","Soria","Castilla y León","-11.111111111111100","0"
"Saldaña de Burgos","Burgos","Castilla y León","14.044943820224701","0"
"Guimerà","Lleida","Cataluña-Catalunya","-13.559322033898301","0"
"Castro del Río","Córdoba","Andalucía","-4.806259314456041","0"
"San Esteban del Molar","Zamora","Castilla y León","-27.007299270073002","0"
"Villalengua","Zaragoza","Aragón","-19.722222222222200","0"
"Vega de Santa María","Ávila","Castilla y León","-20.833333333333300","0"
"Andorra","Teruel","Aragón","-11.462935689739799","0"
"Bailo","Huesca","Aragón","-9.655172413793100","0"
"Fogars de la Selva","Barcelona","Cataluña-Catalunya","7.936507936507939","0"
"Castellfollit de Riubregós","Barcelona","Cataluña-Catalunya","-8.474576271186441","0"
"Villapalacios","Albacete","Castilla-La Mancha","-11.378205128205099","0"
"Pozondón","Teruel","Aragón","-14.285714285714301","0"
"Torre-Cardela","Granada","Andalucía","-14.418604651162799","0"
"La Carlota","Córdoba","Andalucía","2.782583621683970","0"
"San Mamés de Campos","Palencia","Castilla y León","-20.689655172413797","0"
"Llívia","Girona","Cataluña-Catalunya","-1.953125000000000","0"
"Tordómar","Burgos","Castilla y León","-11.898016997167099","0"
"Horta de Sant Joan","Tarragona","Cataluña-Catalunya","-4.101722723543889","0"
"Arganza","León","Castilla y León","-9.421112372304201","0"
"Buciegas","Cuenca","Castilla-La Mancha","-19.148936170212803","0"
"Villamol","León","Castilla y León","-23.428571428571402","0"
"Benissanet","Tarragona","Cataluña-Catalunya","-7.056936647955090","0"
"Monistrol de Calders","Barcelona","Cataluña-Catalunya","8.057553956834528","0"
"Masegosa","Cuenca","Castilla-La Mancha","-18.750000000000000","0"
"La Mata de los Olmos","Teruel","Aragón","4.850746268656721","0"
"Vall de Cardós","Lleida","Cataluña-Catalunya","-1.302083333333330","0"
"Ladrillar","Cáceres","Extremadura","-3.045685279187820","0"
"Almoster","Tarragona","Cataluña-Catalunya","-6.160458452722061","0"
"Encina de San Silvestre","Salamanca","Castilla y León","-2.631578947368420","0"
"Castillonroy","Huesca","Aragón","-3.571428571428570","0"
"Sant Martí de Centelles","Barcelona","Cataluña-Catalunya","14.089661482159201","0"
"Cornellà de Llobregat","Barcelona","Cataluña-Catalunya","4.718556485840849","0"
"Zarzuela del Monte","Segovia","Castilla y León","-10.669077757685400","0"
"Sotillo del Rincón","Soria","Castilla y León","0.543478260869565","0"
"Alcampell","Huesca","Aragón","-11.739745403111698","0"
"Santa Brígida","Las Palmas","Canarias","-1.411451398135820","0"
"Sediles","Zaragoza","Aragón","-1.818181818181820","0"
"Cardiel de los Montes","Toledo","Castilla-La Mancha","2.577319587628870","0"
"Aldealpozo","Soria","Castilla y León","-13.043478260869602","0"
"Cabanes","Castelló-Castellón","Comunitat Valenciana","7.939698492462311","0"
"Belvís de la Jara","Toledo","Castilla-La Mancha","-12.131919905771499","0"
"Leza","Araba-Álava","País Vasco-Euskadi","6.280193236714980","0"
"La Puebla de Arganzón","Burgos","Castilla y León","3.954802259887011","0"
"Masquefa","Barcelona","Cataluña-Catalunya","17.047347133000198","0"
"Gestalgar","València-Valencia","Comunitat Valenciana","-11.093750000000000","0"
"Penelles","Lleida","Cataluña-Catalunya","-15.079365079365099","0"
"La Ginebrosa","Teruel","Aragón","-6.796116504854370","0"
"Cevico Navero","Palencia","Castilla y León","-9.183673469387760","0"
"Regumiel de la Sierra","Burgos","Castilla y León","-14.555256064689999","0"
"Huéneja","Granada","Andalucía","-0.083822296730930","0"
"Tornavacas","Cáceres","Extremadura","-15.378006872852200","0"
"Peñaranda de Duero","Burgos","Castilla y León","-17.832167832167798","0"
"Zerain","Gipuzkoa","País Vasco-Euskadi","6.463878326996200","0"
"La Canonja","Tarragona","Cataluña-Catalunya","1.980368520750820","0"
"Belmonte","Cuenca","Castilla-La Mancha","-12.346286276438800","0"
"Arcos","Burgos","Castilla y León","19.737704918032801","0"
"Torreblanca","Castelló-Castellón","Comunitat Valenciana","1.992753623188410","0"
"Riofrío del Llano","Guadalajara","Castilla-La Mancha","48.837209302325604","0"
"Alconchel de Ariza","Zaragoza","Aragón","-7.317073170731710","0"
"Los Santos de la Humosa","Madrid","Comunidad de Madrid","13.374233128834399","0"
"Gallegos de Solmirón","Salamanca","Castilla y León","-22.142857142857100","0"
"Alhaurín de la Torre","Málaga","Andalucía","14.031331592689300","0"
"Alburquerque","Badajoz","Extremadura","-8.345401882693698","0"
"Fuentes de León","Badajoz","Extremadura","-9.547325102880661","0"
"Cedrillas","Teruel","Aragón","5.492730210016160","0"
"El Ronquillo","Sevilla","Andalucía","0.981079187105816","0"
"Piracés","Huesca","Aragón","-9.433962264150939","0"
"Vidángoz/Bidankoze","Navarra","Comunidad Foral de Navarra","-21.875000000000000","0"
"Espartinas","Sevilla","Andalucía","12.103511512599301","0"
"Deltebre","Tarragona","Cataluña-Catalunya","-0.109880821570451","0"
"Calles","València-Valencia","Comunitat Valenciana","3.357314148681060","0"
"Santa Marta","Badajoz","Extremadura","-4.281416338810460","0"
"Marzales","Valladolid","Castilla y León","-15.094339622641501","0"
"Gorga","Alacant-Alicante","Comunitat Valenciana","3.649635036496350","0"
"Vilvestre","Salamanca","Castilla y León","-13.215859030836999","0"
"Vega de Ruiponce","Valladolid","Castilla y León","-32.203389830508499","0"
"Gema","Zamora","Castilla y León","-13.716814159291999","0"
"Santo Domingo de Pirón","Segovia","Castilla y León","-18.644067796610198","0"
"Cuevas Labradas","Teruel","Aragón","6.299212598425200","0"
"Toques","A Coruña","Galicia","-13.942307692307701","0"
"Margalef","Tarragona","Cataluña-Catalunya","-1.851851851851850","0"
"Vita","Ávila","Castilla y León","-12.222222222222202","0"
"Cabrillanes","León","Castilla y León","-15.906432748538000","0"
"Grisén","Zaragoza","Aragón","1.572327044025160","0"
"Casas de Miravete","Cáceres","Extremadura","-22.972972972973000","0"
"Castro de Filabres","Almería","Andalucía","-18.656716417910403","0"
"Firgas","Las Palmas","Canarias","0.669467051719612","0"
"Elx/Elche","Alacant-Alicante","Comunitat Valenciana","4.218730182333470","0"
"Hontoria del Pinar","Burgos","Castilla y León","-11.477761836441902","0"
"Laspuña","Huesca","Aragón","-6.375838926174500","0"
"Narros","Soria","Castilla y León","51.111111111111100","0"
"Albuñol","Granada","Andalucía","7.850576389902231","0"
"Casas de Guijarro","Cuenca","Castilla-La Mancha","-18.518518518518501","0"
"Fuentes de Andalucía","Sevilla","Andalucía","0.403450194769060","0"
"Lobras","Granada","Andalucía","-9.696969696969699","0"
"Ítrabo","Granada","Andalucía","-5.325443786982250","0"
"Millena","Alacant-Alicante","Comunitat Valenciana","20.952380952381002","0"
"Laperdiguera","Huesca","Aragón","-3.191489361702130","0"
"Gelida","Barcelona","Cataluña-Catalunya","10.550458715596299","0"
"Fuentes de Jiloca","Zaragoza","Aragón","-9.876543209876541","0"
"Cepeda la Mora","Ávila","Castilla y León","-22.988505747126400","0"
"Bonrepòs i Mirambell","València-Valencia","Comunitat Valenciana","11.405759908753900","0"
"Carrión de Calatrava","Ciudad Real","Castilla-La Mancha","3.376623376623380","0"
"Gallegos de Sobrinos","Ávila","Castilla y León","-25.806451612903199","0"
"Hinojosas de Calatrava","Ciudad Real","Castilla-La Mancha","-0.200803212851406","0"
"Albons","Girona","Cataluña-Catalunya","12.654745529573601","0"
"Vilamacolum","Girona","Cataluña-Catalunya","23.452768729641701","0"
"Valdemaqueda","Madrid","Comunidad de Madrid","1.990049751243780","0"
"El Busto","Navarra","Comunidad Foral de Navarra","-25.714285714285701","0"
"San Román de Hornija","Valladolid","Castilla y León","-19.944598337950101","0"
"Seva","Barcelona","Cataluña-Catalunya","8.084862385321099","0"
"Torralba de Ribota","Zaragoza","Aragón","-6.878306878306881","0"
"San Llorente","Valladolid","Castilla y León","-29.078014184397198","0"
"Bergasa","La Rioja","La Rioja","3.821656050955410","0"
"Solana de Rioalmar","Ávila","Castilla y León","-21.989528795811498","0"
"Igúzquiza","Navarra","Comunidad Foral de Navarra","-9.609609609609610","0"
"Bezas","Teruel","Aragón","-16.883116883116898","0"
"Los Huertos","Segovia","Castilla y León","-9.042553191489359","0"
"Olmos de Peñafiel","Valladolid","Castilla y León","-35.937500000000000","0"
"Campofrío","Huelva","Andalucía","10.698365527488900","0"
"Tamajón","Guadalajara","Castilla-La Mancha","-6.918238993710690","0"
"Zapardiel de la Ribera","Ávila","Castilla y León","-26.315789473684198","0"
"Bellprat","Barcelona","Cataluña-Catalunya","-7.692307692307691","0"
"Arguis","Huesca","Aragón","28.000000000000000","0"
"Toses","Girona","Cataluña-Catalunya","26.000000000000000","0"
"Betancuria","Las Palmas","Canarias","11.323328785811698","0"
"Alanís","Sevilla","Andalucía","-8.569868995633191","0"
"Nestares","La Rioja","La Rioja","6.410256410256410","0"
"Pajares de Adaja","Ávila","Castilla y León","-25.824175824175800","0"
"Laguna de Cameros","La Rioja","La Rioja","-4.166666666666670","0"
"Arellano","Navarra","Comunidad Foral de Navarra","-13.586956521739099","0"
"Higueras","Castelló-Castellón","Comunitat Valenciana","-15.254237288135602","0"
"Puigcerdà","Girona","Cataluña-Catalunya","11.448464787124799","0"
"San Pedro del Arroyo","Ávila","Castilla y León","8.695652173913041","0"
"Umbrete","Sevilla","Andalucía","8.921933085501861","0"
"Aguarón","Zaragoza","Aragón","-27.135678391959797","0"
"la Vall de Gallinera","Alacant-Alicante","Comunitat Valenciana","-2.352941176470590","0"
"Lupiñén-Ortilla","Huesca","Aragón","-8.310991957104559","0"
"Valle de Egüés/Eguesibar","Navarra","Comunidad Foral de Navarra","16.340591143367998","0"
"La Acebeda","Madrid","Comunidad de Madrid","0.000000000000000","0"
"Negueira de Muñiz","Lugo","Galicia","13.744075829383899","0"
"Villamanrique de la Condesa","Sevilla","Andalucía","5.310939627780300","0"
"Jalón de Cameros","La Rioja","La Rioja","27.777777777777800","0"
"Pontons","Barcelona","Cataluña-Catalunya","9.643605870020959","0"
"Moclinejo","Málaga","Andalucía","-2.866242038216560","0"
"Cañizar","Guadalajara","Castilla-La Mancha","-2.739726027397260","0"
"Vegacervera","León","Castilla y León","-19.877675840978604","0"
"La Puebla de los Infantes","Sevilla","Andalucía","-4.783306581059390","0"
"Mislata","València-Valencia","Comunitat Valenciana","5.459670525172710","0"
"Pajares de los Oteros","León","Castilla y León","-23.734177215189902","0"
"Cebrecos","Burgos","Castilla y León","24.444444444444404","0"
"Sobradiel","Zaragoza","Aragón","3.047091412742380","0"
"Buenache de Alarcón","Cuenca","Castilla-La Mancha","-14.528301886792498","0"
"Casasola de Arión","Valladolid","Castilla y León","-23.529411764705898","0"
"Vilamarín","Ourense","Galicia","-9.241245136186768","0"
"Centenera de Andaluz","Soria","Castilla y León","9.090909090909092","0"
"Espirdo","Segovia","Castilla y León","41.819852941176499","0"
"Burlada/Burlata","Navarra","Comunidad Foral de Navarra","14.410264846191799","0"
"Nepas","Soria","Castilla y León","-20.000000000000000","0"
"Crevillent","Alacant-Alicante","Comunitat Valenciana","6.576532053092350","0"
"Monflorite-Lascasas","Huesca","Aragón","58.644067796610202","0"
"Bergasillas Bajera","La Rioja","La Rioja","0.000000000000000","0"
"Almaraz de Duero","Zamora","Castilla y León","-2.481389578163770","0"
"Palazuelos de Muñó","Burgos","Castilla y León","-8.333333333333330","0"
"Urduliz","Bizkaia","País Vasco-Euskadi","39.160305343511396","0"
"Sariego","Asturias","Principado de Asturias","-1.853281853281850","0"
"Ajalvir","Madrid","Comunidad de Madrid","10.140585388338300","0"
"Villanueva Mesía","Granada","Andalucía","-1.760391198044010","0"
"Navalmoralejo","Toledo","Castilla-La Mancha","-28.571428571428601","0"
"Niharra","Ávila","Castilla y León","14.935064935064903","0"
"Ojacastro","La Rioja","La Rioja","-9.473684210526320","0"
"Sardón de los Frailes","Salamanca","Castilla y León","15.294117647058799","0"
"Nueva Villa de las Torres","Valladolid","Castilla y León","-11.320754716981101","0"
"Sanchón de la Sagrada","Salamanca","Castilla y León","-12.195121951219500","0"
"Salàs de Pallars","Lleida","Cataluña-Catalunya","-4.657534246575340","0"
"Gallegos del Río","Zamora","Castilla y León","-17.452006980802800","0"
"Ardales","Málaga","Andalucía","-1.291585127201570","0"
"El Losar del Barco","Ávila","Castilla y León","1.754385964912280","0"
"Miravete de la Sierra","Teruel","Aragón","-17.647058823529399","0"
"Los Corrales","Sevilla","Andalucía","-0.819061801935964","0"
"Castigaleu","Huesca","Aragón","1.052631578947370","0"
"Arroyo de la Encomienda","Valladolid","Castilla y León","24.891873435010201","0"
"Ibarra","Gipuzkoa","País Vasco-Euskadi","-2.960526315789470","0"
"Benissoda","València-Valencia","Comunitat Valenciana","5.990783410138250","0"
"Maldà","Lleida","Cataluña-Catalunya","5.726872246696040","0"
"Barbolla","Segovia","Castilla y León","-29.556650246305402","0"
"La Alberguería de Argañán","Salamanca","Castilla y León","-26.428571428571402","0"
"Valdehorna","Zaragoza","Aragón","18.518518518518501","0"
"Valle de Ancares","León","Castilla y León","-6.600660066006601","0"
"Pedroche","Córdoba","Andalucía","-9.229828850855741","0"
"Corbera","València-Valencia","Comunitat Valenciana","-3.497369235530800","0"
"Polaciones","Cantabria","Cantabria","-11.016949152542400","0"
"Nívar","Granada","Andalucía","18.804347826087000","0"
"Robledillo de Mohernando","Guadalajara","Castilla-La Mancha","47.107438016528896","0"
"Campo Real","Madrid","Comunidad de Madrid","17.419913419913399","0"
"Torremocha de Jiloca","Teruel","Aragón","-12.698412698412699","0"
"Urrea de Gaén","Teruel","Aragón","-9.514170040485830","0"
"Fuente el Saúz","Ávila","Castilla y León","-16.402116402116402","0"
"Tobar","Burgos","Castilla y León","-13.793103448275902","0"
"Junta de Villalba de Losa","Burgos","Castilla y León","-17.525773195876297","0"
"Kripan","Araba-Álava","País Vasco-Euskadi","-7.446808510638300","0"
"Javier","Navarra","Comunidad Foral de Navarra","5.172413793103449","0"
"Monterrubio de Armuña","Salamanca","Castilla y León","-0.303260045489007","0"
"Castellar de la Frontera","Cádiz","Andalucía","-2.075226977950710","0"
"Támara de Campos","Palencia","Castilla y León","1.351351351351350","0"
"Chella","València-Valencia","Comunitat Valenciana","-8.870667163622810","0"
"Escalonilla","Toledo","Castilla-La Mancha","-0.608930987821380","0"
"Ledesma de la Cogolla","La Rioja","La Rioja","-15.789473684210499","0"
"Foradada del Toscar","Huesca","Aragón","-17.708333333333300","0"
"Pego","Alacant-Alicante","Comunitat Valenciana","3.361593059936910","0"
"Garralda","Navarra","Comunidad Foral de Navarra","0.000000000000000","0"
"Álora","Málaga","Andalucía","3.571976084623640","0"
"Vilardevós","Ourense","Galicia","-15.909090909090901","0"
"Zuheros","Córdoba","Andalucía","-10.775862068965498","0"
"Castrobol","Valladolid","Castilla y León","-24.637681159420296","0"
"Hornos de Moncalvillo","La Rioja","La Rioja","11.627906976744200","0"
"Gomecello","Salamanca","Castilla y León","-14.435146443514601","0"
"Árchez","Málaga","Andalucía","-11.936936936936901","0"
"La Pera","Girona","Cataluña-Catalunya","-3.640256959314780","0"
"Santa Eugènia de Berga","Barcelona","Cataluña-Catalunya","3.134796238244510","0"
"Beniparrell","València-Valencia","Comunitat Valenciana","6.032719836400820","0"
"Santoyo","Palencia","Castilla y León","-18.260869565217401","0"
"Sanchón de la Ribera","Salamanca","Castilla y León","-6.666666666666670","0"
"Vilaflor de Chasna","Santa Cruz de Tenerife","Canarias","6.297376093294460","0"
"Morata de Jiloca","Zaragoza","Aragón","6.355932203389830","0"
"Puentedura","Burgos","Castilla y León","-12.686567164179101","0"
"Castellserà","Lleida","Cataluña-Catalunya","-8.679593721144972","0"
"Mohernando","Guadalajara","Castilla-La Mancha","-7.027027027027031","0"
"Elda","Alacant-Alicante","Comunitat Valenciana","-0.945087784833769","0"
"Plentzia","Bizkaia","País Vasco-Euskadi","0.391344383057090","0"
"Bolulla","Alacant-Alicante","Comunitat Valenciana","4.513064133016630","0"
"Paterna del Madera","Albacete","Castilla-La Mancha","-8.831168831168830","0"
"Gascueña de Bornova","Guadalajara","Castilla-La Mancha","-26.190476190476200","0"
"Cambre","A Coruña","Galicia","2.954762994714720","0"
"Rascafría","Madrid","Comunidad de Madrid","-3.448275862068960","0"
"Pinós","Lleida","Cataluña-Catalunya","-7.284768211920531","0"
"Leaburu","Gipuzkoa","País Vasco-Euskadi","5.630026809651479","0"
"Manganeses de la Polvorosa","Zamora","Castilla y León","-14.207650273223999","0"
"Villaverde de Medina","Valladolid","Castilla y León","4.397705544933080","0"
"Castell de l'Areny","Barcelona","Cataluña-Catalunya","-8.000000000000000","0"
"Mediana de Aragón","Zaragoza","Aragón","-6.765327695560249","0"
"Zael","Burgos","Castilla y León","-0.854700854700855","0"
"Driebes","Guadalajara","Castilla-La Mancha","-5.929919137466310","0"
"Villoruebo","Burgos","Castilla y León","16.949152542372900","0"
"Montornès de Segarra","Lleida","Cataluña-Catalunya","-13.333333333333300","0"
"Valverdejo","Cuenca","Castilla-La Mancha","-11.650485436893200","0"
"Onís","Asturias","Principado de Asturias","-2.356020942408380","0"
"Las Cuerlas","Zaragoza","Aragón","-19.607843137254900","0"
"Mérida","Badajoz","Extremadura","0.806984826650843","0"
"Carratraca","Málaga","Andalucía","-5.422446406052959","0"
"Somolinos","Guadalajara","Castilla-La Mancha","-18.181818181818201","0"
"La Fueva","Huesca","Aragón","-3.536977491961410","0"
"Talarrubias","Badajoz","Extremadura","-8.979705309980540","0"
"Pobladura de Valderaduey","Zamora","Castilla y León","-11.904761904761902","0"
"Alpicat","Lleida","Cataluña-Catalunya","1.540416071144990","0"
"La Lastrilla","Segovia","Castilla y León","26.463245492371701","0"
"Zahínos","Badajoz","Extremadura","-3.421787709497210","0"
"Anna","València-Valencia","Comunitat Valenciana","-2.335216572504710","0"
"Santa Maria de Besora","Barcelona","Cataluña-Catalunya","1.851851851851850","0"
"Ezcároz/Ezkaroze","Navarra","Comunidad Foral de Navarra","-9.118541033434649","0"
"Benafer","Castelló-Castellón","Comunitat Valenciana","-4.093567251461990","0"
"Vistabella","Zaragoza","Aragón","8.510638297872340","0"
"Valdemora","León","Castilla y León","-18.518518518518501","0"
"Otero","Toledo","Castilla-La Mancha","7.989690721649480","0"
"Xodos/Chodos","Castelló-Castellón","Comunitat Valenciana","-7.142857142857141","0"
"Segura de la Sierra","Jaén","Andalucía","-11.076443057722301","0"
"El Tornadizo","Salamanca","Castilla y León","-11.224489795918400","0"
"Altura","Castelló-Castellón","Comunitat Valenciana","0.681198910081744","0"
"Santovenia de Pisuerga","Valladolid","Castilla y León","11.576413959085398","0"
"Labajos","Segovia","Castilla y León","-24.657534246575299","0"
"Benidorm","Alacant-Alicante","Comunitat Valenciana","4.828285755687580","0"
"Valdenuño Fernández","Guadalajara","Castilla-La Mancha","24.074074074074101","0"
"Odèn","Lleida","Cataluña-Catalunya","-7.116104868913860","0"
"Pinofranqueado","Cáceres","Extremadura","-0.625000000000000","0"
"es Castell","Illes Balears","Illes Balears","0.117478136013575","0"
"Mendaza","Navarra","Comunidad Foral de Navarra","-9.119496855345911","0"
"El Sahugo","Salamanca","Castilla y León","-9.693877551020410","0"
"Mata de Alcántara","Cáceres","Extremadura","-9.554140127388539","0"
"Villegas","Burgos","Castilla y León","-5.617977528089889","0"
"Estercuel","Teruel","Aragón","-14.782608695652200","0"
"Villar de Fallaves","Zamora","Castilla y León","-14.285714285714301","0"
"La Vid de Bureba","Burgos","Castilla y León","26.315789473684198","0"
"Valdemierque","Salamanca","Castilla y León","5.454545454545451","0"
"Cubla","Teruel","Aragón","29.090909090909101","0"
"Pelabravo","Salamanca","Castilla y León","20.054446460980000","0"
"Villalaco","Palencia","Castilla y León","-9.523809523809520","0"
"Peñacerrada-Urizaharra","Araba-Álava","País Vasco-Euskadi","12.267657992565100","0"
"Sant Mateu de Bages","Barcelona","Cataluña-Catalunya","-1.708074534161490","0"
"Monforte del Cid","Alacant-Alicante","Comunitat Valenciana","14.612170279446300","0"
"Villarejo-Periesteban","Cuenca","Castilla-La Mancha","9.631728045325781","0"
"Armuña de Almanzora","Almería","Andalucía","0.903614457831325","0"
"Valverde de Campos","Valladolid","Castilla y León","-5.504587155963300","0"
"El Catllar","Tarragona","Cataluña-Catalunya","21.151113216485097","0"
"Maceda","Ourense","Galicia","-3.357958361316320","0"
"Almuniente","Huesca","Aragón","-16.666666666666700","0"
"Vega de Tirados","Salamanca","Castilla y León","-14.516129032258100","0"
"Oristà","Barcelona","Cataluña-Catalunya","5.385996409335731","0"
"Puigpunyent","Illes Balears","Illes Balears","1.934523809523810","0"
"Ikaztegieta","Gipuzkoa","País Vasco-Euskadi","4.956896551724141","0"
"Kuartango","Araba-Álava","País Vasco-Euskadi","12.640449438202202","0"
"Justel","Zamora","Castilla y León","-3.571428571428570","0"
"Villahán","Palencia","Castilla y León","-4.807692307692310","0"
"Bollullos Par del Condado","Huelva","Andalucía","-0.903216841520183","0"
"la Torre de les Maçanes/Torremanzanas","Alacant-Alicante","Comunitat Valenciana","-3.903095558546430","0"
"Pitarque","Teruel","Aragón","-30.107526881720403","0"
"Oliva de la Frontera","Badajoz","Extremadura","-9.045962277971070","0"
"Argavieso","Huesca","Aragón","11.214953271028001","0"
"Arlanzón","Burgos","Castilla y León","-2.488687782805429","0"
"Domingo Pérez","Toledo","Castilla-La Mancha","-18.354430379746798","0"
"Cubillas de Cerrato","Palencia","Castilla y León","-4.615384615384620","0"
"Alar del Rey","Palencia","Castilla y León","-6.774519716885740","0"
"Robledillo de Gata","Cáceres","Extremadura","-14.000000000000000","0"
"Vilanova de Meià","Lleida","Cataluña-Catalunya","4.739336492891001","0"
"Bonares","Huelva","Andalucía","-2.290198590647019","0"
"Llombai","València-Valencia","Comunitat Valenciana","-3.588087549336200","0"
"Torrelles de Foix","Barcelona","Cataluña-Catalunya","12.998266897747000","0"
"Valdeavero","Madrid","Comunidad de Madrid","20.813559322033900","0"
"Borau","Huesca","Aragón","-4.395604395604400","0"
"Santa Eulalia de Oscos","Asturias","Principado de Asturias","-11.680327868852499","0"
"Pomar de Valdivia","Palencia","Castilla y León","1.043841336116910","0"
"Horche","Guadalajara","Castilla-La Mancha","12.333198544278201","0"
"Cobeta","Guadalajara","Castilla-La Mancha","-15.833333333333300","0"
"Castrillo de Duero","Valladolid","Castilla y León","0.775193798449612","0"
"Aldealseñor","Soria","Castilla y León","-43.181818181818201","0"
"Zarza de Montánchez","Cáceres","Extremadura","-10.122164048865599","0"
"Villamor de los Escuderos","Zamora","Castilla y León","-11.428571428571399","0"
"Huélaga","Cáceres","Extremadura","-4.545454545454549","0"
"Clavijo","La Rioja","La Rioja","4.964539007092200","0"
"Torremenga","Cáceres","Extremadura","-4.680187207488301","0"
"San García de Ingelmos","Ávila","Castilla y León","-18.604651162790702","0"
"Pantón","Lugo","Galicia","-10.524372230428401","0"
"Caballar","Segovia","Castilla y León","-24.489795918367296","0"
"Sant Pol de Mar","Barcelona","Cataluña-Catalunya","15.889533720232098","0"
"Rodonyà","Tarragona","Cataluña-Catalunya","2.534113060428850","0"
"Ababuj","Teruel","Aragón","7.692307692307691","0"
"la Pobla Tornesa","Castelló-Castellón","Comunitat Valenciana","11.689419795221799","0"
"El Papiol","Barcelona","Cataluña-Catalunya","7.506835694755160","0"
"Pizarra","Málaga","Andalucía","7.444842951853061","0"
"Lanjarón","Granada","Andalucía","-1.425881086898040","0"
"Montemayor del Río","Salamanca","Castilla y León","-11.036789297658901","0"
"Montbrió del Camp","Tarragona","Cataluña-Catalunya","16.452830188679197","0"
"Corral de Ayllón","Segovia","Castilla y León","-20.212765957446802","0"
"Hornos","Jaén","Andalucía","-12.765957446808500","0"
"Quart de les Valls","València-Valencia","Comunitat Valenciana","-3.047091412742380","0"
"les Useres/Useras","Castelló-Castellón","Comunitat Valenciana","-0.705645161290323","0"
"Ciruelas","Guadalajara","Castilla-La Mancha","34.285714285714299","0"
"Ginestar","Tarragona","Cataluña-Catalunya","-3.052503052503051","0"
"Olejua","Navarra","Comunidad Foral de Navarra","-5.769230769230769","0"
"Avinyó","Barcelona","Cataluña-Catalunya","0.615384615384615","0"
"Valle de la Serena","Badajoz","Extremadura","-16.591591591591602","0"
"Barx","València-Valencia","Comunitat Valenciana","12.072892938496601","0"
"Aiguamúrcia","Tarragona","Cataluña-Catalunya","7.150715071507149","0"
"Sant Vicenç de Montalt","Barcelona","Cataluña-Catalunya","11.553187947394701","0"
"Jorba","Barcelona","Cataluña-Catalunya","-1.193317422434370","0"
"Arbolí","Tarragona","Cataluña-Catalunya","22.857142857142897","0"
"Sant Andreu de Llavaneres","Barcelona","Cataluña-Catalunya","11.718602455146399","0"
"Tornos","Teruel","Aragón","-17.316017316017298","0"
"Miralcamp","Lleida","Cataluña-Catalunya","-1.300578034682080","0"
"Hontanas","Burgos","Castilla y León","0.000000000000000","0"
"Nules","Castelló-Castellón","Comunitat Valenciana","2.757134363852560","0"
"Matet","Castelló-Castellón","Comunitat Valenciana","-9.677419354838712","0"
"San Morales","Salamanca","Castilla y León","25.978647686832701","0"
"Marazoleja","Segovia","Castilla y León","-17.094017094017101","0"
"Villacarralón","Valladolid","Castilla y León","-16.883116883116898","0"
"Sallent de Gállego","Huesca","Aragón","4.716981132075469","0"
"Corteconcepción","Huelva","Andalucía","1.258992805755400","0"
"San Millán de la Cogolla","La Rioja","La Rioja","-13.709677419354799","0"
"Sisamón","Zaragoza","Aragón","15.789473684210499","0"
"Gerindote","Toledo","Castilla-La Mancha","11.789833404527998","0"
"Casarabonela","Málaga","Andalucía","-2.700617283950620","0"
"Garcibuey","Salamanca","Castilla y León","9.890109890109891","0"
"Constantina","Sevilla","Andalucía","-8.333333333333330","0"
"Escamilla","Guadalajara","Castilla-La Mancha","-12.328767123287699","0"
"Ibi","Alacant-Alicante","Comunitat Valenciana","1.978171896316510","0"
"Urdiain","Navarra","Comunidad Foral de Navarra","-5.760709010339730","0"
"Ardisa","Zaragoza","Aragón","8.571428571428571","0"
"Órgiva","Granada","Andalucía","5.859447431856110","0"
"Tírig","Castelló-Castellón","Comunitat Valenciana","-13.480885311871200","0"
"Zucaina","Castelló-Castellón","Comunitat Valenciana","-4.347826086956520","0"
"Pelahustán","Toledo","Castilla-La Mancha","-3.438395415472780","0"
"Hinojares","Jaén","Andalucía","-5.945945945945950","0"
"Hoyocasero","Ávila","Castilla y León","15.901060070671399","0"
"Cañada de Benatanduz","Teruel","Aragón","-17.073170731707300","0"
"Busturia","Bizkaia","País Vasco-Euskadi","-2.894270525694030","0"
"Los Barrios","Cádiz","Andalucía","5.341220477578180","0"
"Cabuérniga","Cantabria","Cantabria","-2.066929133858270","0"
"Bonansa","Huesca","Aragón","9.523809523809520","0"
"Prado del Rey","Cádiz","Andalucía","-4.265080713678850","0"
"Las Labores","Ciudad Real","Castilla-La Mancha","-14.420062695924800","0"
"Sancti-Spíritus","Badajoz","Extremadura","-30.630630630630602","0"
"Talveila","Soria","Castilla y León","-28.671328671328698","0"
"Roperuelos del Páramo","León","Castilla y León","-18.019480519480503","0"
"Vierlas","Zaragoza","Aragón","-19.047619047619001","0"
"Nabarniz","Bizkaia","País Vasco-Euskadi","12.552301255230100","0"
"Bascuñana","Burgos","Castilla y León","-44.444444444444400","0"
"Llobera","Lleida","Cataluña-Catalunya","5.472636815920399","0"
"Oímbra","Ourense","Galicia","-14.356435643564401","0"
"Vilallonga/Villalonga","València-Valencia","Comunitat Valenciana","7.287356321839080","0"
"Cirat","Castelló-Castellón","Comunitat Valenciana","-0.888888888888889","0"
"Villazopeque","Burgos","Castilla y León","-11.864406779661001","0"
"Lezaun","Navarra","Comunidad Foral de Navarra","-7.224334600760461","0"
"Villafrades de Campos","Valladolid","Castilla y León","-18.181818181818201","0"
"Bolvir","Girona","Cataluña-Catalunya","35.656836461125991","0"
"Valdegeña","Soria","Castilla y León","-11.904761904761902","0"
"Villalbilla de Gumiel","Burgos","Castilla y León","-12.745098039215700","0"
"Mendata","Bizkaia","País Vasco-Euskadi","1.583113456464380","0"
"Madarcos","Madrid","Comunidad de Madrid","53.191489361702097","0"
"Torralba del Río","Navarra","Comunidad Foral de Navarra","-18.333333333333300","0"
"Las Inviernas","Guadalajara","Castilla-La Mancha","-17.142857142857100","0"
"Novés","Toledo","Castilla-La Mancha","23.379461034231603","0"
"Quiñonería","Soria","Castilla y León","12.500000000000000","0"
"Valgañón","La Rioja","La Rioja","0.000000000000000","0"
"Sollana","València-Valencia","Comunitat Valenciana","0.547445255474453","0"
"Villar de Ciervo","Salamanca","Castilla y León","-9.830508474576270","0"
"San Roque de Riomiera","Cantabria","Cantabria","-10.687022900763399","0"
"Sora","Barcelona","Cataluña-Catalunya","24.000000000000000","0"
"Busquístar","Granada","Andalucía","7.770270270270270","0"
"Zaldibia","Gipuzkoa","País Vasco-Euskadi","11.360718870346600","0"
"Valencia del Ventoso","Badajoz","Extremadura","-10.165484633569699","0"
"Solanillos del Extremo","Guadalajara","Castilla-La Mancha","-10.416666666666700","0"
"A Illa de Arousa","Pontevedra","Galicia","-2.596883739512580","0"
"Ambel","Zaragoza","Aragón","-3.875968992248060","0"
"Sóller","Illes Balears","Illes Balears","-1.676058373067480","0"
"Benacazón","Sevilla","Andalucía","1.524812863875800","0"
"Urrácal","Almería","Andalucía","21.153846153846199","0"
"Daya Nueva","Alacant-Alicante","Comunitat Valenciana","0.113314447592068","0"
"Berrocal","Huelva","Andalucía","-10.030395136778100","0"
"Malcocinado","Badajoz","Extremadura","-12.098765432098800","0"
"Palanques","Castelló-Castellón","Comunitat Valenciana","20.000000000000000","0"
"Sarral","Tarragona","Cataluña-Catalunya","0.689655172413793","0"
"Sunyer","Lleida","Cataluña-Catalunya","7.817589576547230","0"
"San Andrés del Rey","Guadalajara","Castilla-La Mancha","8.333333333333330","0"
"Villaviudas","Palencia","Castilla y León","-5.263157894736840","0"
"Villa del Prado","Madrid","Comunidad de Madrid","11.789117737473099","0"
"Valde-Ucieza","Palencia","Castilla y León","-18.000000000000000","0"
"Villanueva de Viver","Castelló-Castellón","Comunitat Valenciana","61.764705882352906","0"
"Segurilla","Toledo","Castilla-La Mancha","6.298003072196620","0"
"Villagómez la Nueva","Valladolid","Castilla y León","-20.588235294117599","0"
"Montornès del Vallès","Barcelona","Cataluña-Catalunya","3.594992908676080","0"
"Robleda","Salamanca","Castilla y León","-11.153846153846201","0"
"Mohedas de la Jara","Toledo","Castilla-La Mancha","-13.785557986870900","0"
"Beneixama","Alacant-Alicante","Comunitat Valenciana","-2.359033371691600","0"
"Villaconejos","Madrid","Comunidad de Madrid","1.508558166521610","0"
"San Martín del Castañar","Salamanca","Castilla y León","-6.614785992217899","0"
"Laguna de Negrillos","León","Castilla y León","-7.651715039577840","0"
"Berrioplano/Berriobeiti","Navarra","Comunidad Foral de Navarra","17.023587833643695","0"
"Canovelles","Barcelona","Cataluña-Catalunya","6.876018553340860","0"
"Alguaire","Lleida","Cataluña-Catalunya","-2.618816682832200","0"
"Aladrén","Zaragoza","Aragón","18.518518518518501","0"
"Cadaqués","Girona","Cataluña-Catalunya","3.262411347517730","0"
"Villafranca del Campo","Teruel","Aragón","-3.821656050955410","0"
"Torlengua","Soria","Castilla y León","-33.333333333333300","0"
"Vilches","Jaén","Andalucía","-10.287891617273500","0"
"Casserres","Barcelona","Cataluña-Catalunya","3.887826641172720","0"
"Castillejo de Robledo","Soria","Castilla y León","-15.126050420168101","0"
"Foixà","Girona","Cataluña-Catalunya","-8.750000000000000","0"
"Castraz","Salamanca","Castilla y León","-7.500000000000000","0"
"Zaorejas","Guadalajara","Castilla-La Mancha","-17.647058823529399","0"
"El Molar","Madrid","Comunidad de Madrid","22.247275460353301","0"
"Peñacaballera","Salamanca","Castilla y León","6.896551724137930","0"
"Pioz","Guadalajara","Castilla-La Mancha","43.364068175467999","0"
"Los Palacios y Villafranca","Sevilla","Andalucía","1.582884893030580","0"
"Quintanavides","Burgos","Castilla y León","-32.352941176470601","0"
"Poio","Pontevedra","Galicia","2.995117303798980","0"
"Villar de Corneja","Ávila","Castilla y León","-17.777777777777800","0"
"Belauntza","Gipuzkoa","País Vasco-Euskadi","10.000000000000000","0"
"Villavellid","Valladolid","Castilla y León","-11.290322580645201","0"
"Chamartín","Ávila","Castilla y León","-18.666666666666700","0"
"Higuera de las Dueñas","Ávila","Castilla y León","-10.130718954248398","0"
"La Peraleja","Cuenca","Castilla-La Mancha","-24.324324324324301","0"
"Bubión","Granada","Andalucía","-1.904761904761910","0"
"Puebla de la Sierra","Madrid","Comunidad de Madrid","19.277108433734902","0"
"Vilada","Barcelona","Cataluña-Catalunya","-2.031602708803610","0"
"Velefique","Almería","Andalucía","-7.194244604316550","0"
"Osso de Cinca","Huesca","Aragón","-17.250324254215297","0"
"Montagut i Oix","Girona","Cataluña-Catalunya","0.927835051546392","0"
"La Portella","Lleida","Cataluña-Catalunya","0.400000000000000","0"
"Aldeanueva de Ebro","La Rioja","La Rioja","-2.747056724937570","0"
"Zaidín","Huesca","Aragón","-2.885138813282530","0"
"Pineda de Mar","Barcelona","Cataluña-Catalunya","10.802373978726701","0"
"Xirivella","València-Valencia","Comunitat Valenciana","4.913166604114780","0"
"Salomó","Tarragona","Cataluña-Catalunya","0.556586270871985","0"
"Roda de Berà","Tarragona","Cataluña-Catalunya","23.837393229990500","0"
"Santa Gadea del Cid","Burgos","Castilla y León","1.898734177215190","0"
"Muriel","Valladolid","Castilla y León","-30.120481927710799","0"
"Gallegos de Hornija","Valladolid","Castilla y León","-22.857142857142897","0"
"Mijares","Ávila","Castilla y León","-3.947368421052630","0"
"Roa","Burgos","Castilla y León","-9.128121162505121","0"
"Caldes de Malavella","Girona","Cataluña-Catalunya","18.064516129032299","0"
"Humada","Burgos","Castilla y León","-12.213740458015300","0"
"Piedrahita de Castro","Zamora","Castilla y León","3.773584905660381","0"
"Bercial de Zapardiel","Ávila","Castilla y León","-22.608695652173896","0"
"Camporredondo","Valladolid","Castilla y León","-7.831325301204819","0"
"Villamanta","Madrid","Comunidad de Madrid","10.650179497407299","0"
"Canillas de Abajo","Salamanca","Castilla y León","4.166666666666670","0"
"Castillo de Bayuela","Toledo","Castilla-La Mancha","-5.433646812957160","0"
"Saceda-Trasierra","Cuenca","Castilla-La Mancha","-25.000000000000000","0"
"Alcocero de Mola","Burgos","Castilla y León","24.242424242424196","0"
"El Castillo de las Guardas","Sevilla","Andalucía","-2.534113060428850","0"
"Cotes","València-Valencia","Comunitat Valenciana","-13.972602739726000","0"
"La Masó","Tarragona","Cataluña-Catalunya","2.777777777777780","0"
"Valverde de Burguillos","Badajoz","Extremadura","-7.284768211920531","0"
"Escopete","Guadalajara","Castilla-La Mancha","19.298245614035103","0"
"Izagre","León","Castilla y León","-25.906735751295297","0"
"Cervià de Ter","Girona","Cataluña-Catalunya","7.815845824411130","0"
"Agullana","Girona","Cataluña-Catalunya","11.743341404358400","0"
"Humanes","Guadalajara","Castilla-La Mancha","12.020792722547100","0"
"Navacepedilla de Corneja","Ávila","Castilla y León","-17.543859649122801","0"
"Fuencemillán","Guadalajara","Castilla-La Mancha","-17.647058823529399","0"
"La Torre de Fontaubella","Tarragona","Cataluña-Catalunya","-4.761904761904760","0"
"El Soleràs","Lleida","Cataluña-Catalunya","-10.584958217270200","0"
"Olmedilla de Eliz","Cuenca","Castilla-La Mancha","4.761904761904760","0"
"Narrillos del Rebollar","Ávila","Castilla y León","-27.450980392156900","0"
"Navarredondilla","Ávila","Castilla y León","-22.510822510822500","0"
"Navas del Madroño","Cáceres","Extremadura","-9.731299927378361","0"
"Santa Perpètua de Mogoda","Barcelona","Cataluña-Catalunya","2.042583336613010","0"
"Almarza de Cameros","La Rioja","La Rioja","77.272727272727309","0"
"San Martín de Rubiales","Burgos","Castilla y León","0.000000000000000","0"
"Arjona","Jaén","Andalucía","-6.681786461967900","0"
"Lizartza","Gipuzkoa","País Vasco-Euskadi","-0.468750000000000","0"
"la Pobla de Benifassà","Castelló-Castellón","Comunitat Valenciana","3.982300884955750","0"
"Pascualcobo","Ávila","Castilla y León","-7.317073170731710","0"
"Castro Caldelas","Ourense","Galicia","-11.191860465116301","0"
"Villademor de la Vega","León","Castilla y León","-23.243243243243199","0"
"Juarros de Riomoros","Segovia","Castilla y León","-26.229508196721298","0"
"la Nucia","Alacant-Alicante","Comunitat Valenciana","-5.287333366618400","0"
"Tabanera la Luenga","Segovia","Castilla y León","-14.285714285714301","0"
"Villaverde de Íscar","Segovia","Castilla y León","-8.307210031347960","0"
"Muriel de la Fuente","Soria","Castilla y León","-20.289855072463798","0"
"Rello","Soria","Castilla y León","5.263157894736840","0"
"Lentegí","Granada","Andalucía","-5.307262569832400","0"
"Villar de Torre","La Rioja","La Rioja","-27.142857142857100","0"
"Tavertet","Barcelona","Cataluña-Catalunya","0.800000000000000","0"
"Anchuras","Ciudad Real","Castilla-La Mancha","-21.637426900584799","0"
"Casla","Segovia","Castilla y León","-7.185628742514970","0"
"Navalmoral","Ávila","Castilla y León","-6.666666666666670","0"
"Vilobí del Penedès","Barcelona","Cataluña-Catalunya","4.678899082568810","0"
"Baños de Ebro/Mañueta","Araba-Álava","País Vasco-Euskadi","-9.230769230769230","0"
"Cendejas de Enmedio","Guadalajara","Castilla-La Mancha","-18.823529411764699","0"
"Callús","Barcelona","Cataluña-Catalunya","5.743073047858940","0"
"Alfarnate","Málaga","Andalucía","-11.602671118530901","0"
"Rada de Haro","Cuenca","Castilla-La Mancha","-20.312500000000000","0"
"Chodes","Zaragoza","Aragón","-30.370370370370402","0"
"Parlavà","Girona","Cataluña-Catalunya","0.731707317073171","0"
"Villanueva de Carazo","Burgos","Castilla y León","-15.625000000000000","0"
"Centenera","Guadalajara","Castilla-La Mancha","44.117647058823501","0"
"Villafruela","Burgos","Castilla y León","-31.132075471698101","0"
"Castelló de la Plana","Castelló-Castellón","Comunitat Valenciana","1.378846187032980","0"
"Arratzua-Ubarrundia","Araba-Álava","País Vasco-Euskadi","4.929577464788730","0"
"Aldeanueva del Camino","Cáceres","Extremadura","-8.919597989949748","0"
"La Pobla de Claramunt","Barcelona","Cataluña-Catalunya","5.626715462031110","0"
"Tollos","Alacant-Alicante","Comunitat Valenciana","-32.203389830508499","0"
"Setiles","Guadalajara","Castilla-La Mancha","-5.813953488372090","0"
"Balaguer","Lleida","Cataluña-Catalunya","7.060964513193809","0"
"Jimera de Líbar","Málaga","Andalucía","-3.381642512077300","0"
"Elciego","Araba-Álava","País Vasco-Euskadi","-8.538899430740042","0"
"Torrebaja","València-Valencia","Comunitat Valenciana","-5.827505827505830","0"
"Calicasas","Granada","Andalucía","11.492281303602100","0"
"Desojo","Navarra","Comunidad Foral de Navarra","-13.253012048192799","0"
"Rebollosa de Jadraque","Guadalajara","Castilla-La Mancha","-28.571428571428601","0"
"Fresneda de la Sierra","Cuenca","Castilla-La Mancha","-27.272727272727298","0"
"Coll de Nargó","Lleida","Cataluña-Catalunya","-3.236797274275980","0"
"Lanteira","Granada","Andalucía","5.513307984790881","0"
"Don Álvaro","Badajoz","Extremadura","5.577172503242539","0"
"El Piñero","Zamora","Castilla y León","-8.906882591093121","0"
"Martín de la Jara","Sevilla","Andalucía","-5.507868383404859","0"
"Fuente la Lancha","Córdoba","Andalucía","-3.013698630136990","0"
"La Vellés","Salamanca","Castilla y León","-8.170515097690940","0"
"Cadrete","Zaragoza","Aragón","26.794799321650601","0"
"Albarracín","Teruel","Aragón","-4.154863078375830","0"
"Cardedeu","Barcelona","Cataluña-Catalunya","7.486721663464800","0"
"Barbadillo de Herreros","Burgos","Castilla y León","-1.851851851851850","0"
"Sorihuela del Guadalimar","Jaén","Andalucía","-19.645608628659502","0"
"Torremejía","Badajoz","Extremadura","-0.751215201060539","0"
"Chauchina","Granada","Andalucía","3.273322422258590","0"
"El Port de la Selva","Girona","Cataluña-Catalunya","6.632653061224490","0"
"Lagartera","Toledo","Castilla-La Mancha","-13.222591362126202","0"
"Abáigar","Navarra","Comunidad Foral de Navarra","-16.326530612244898","0"
"Güesa/Gorza","Navarra","Comunidad Foral de Navarra","-17.777777777777800","0"
"Gatón de Campos","Valladolid","Castilla y León","6.451612903225810","0"
"Vallada","València-Valencia","Comunitat Valenciana","-2.296650717703350","0"
"San Mamés de Burgos","Burgos","Castilla y León","13.937282229965200","0"
"Casinos","València-Valencia","Comunitat Valenciana","9.261223047013081","0"
"Ulldemolins","Tarragona","Cataluña-Catalunya","1.456310679611650","0"
"Estepona","Málaga","Andalucía","15.637112039179202","0"
"Escorca","Illes Balears","Illes Balears","-19.502074688796700","0"
"Madrigal del Monte","Burgos","Castilla y León","-12.426035502958600","0"
"Baiona","Pontevedra","Galicia","1.422382081255620","0"
"Villar del Ala","Soria","Castilla y León","0.000000000000000","0"
"Castejón de Sos","Huesca","Aragón","13.642564802182800","0"
"Ceutí","Murcia","Región de Murcia","14.798368826461299","0"
"Cantalapiedra","Salamanca","Castilla y León","-12.512030798845000","0"
"Iznalloz","Granada","Andalucía","-24.843454201252403","0"
"Gaià","Barcelona","Cataluña-Catalunya","8.588957055214721","0"
"Burguillos","Sevilla","Andalucía","9.621621621621621","0"
"Taberno","Almería","Andalucía","-6.899902818270169","0"
"Sant Sadurní d'Osormort","Barcelona","Cataluña-Catalunya","3.488372093023260","0"
"Riofrío","Ávila","Castilla y León","-19.087136929460598","0"
"Navès","Lleida","Cataluña-Catalunya","12.500000000000000","0"
"Sant Jaume d'Enveja","Tarragona","Cataluña-Catalunya","2.981715893108300","0"
"Arañuel","Castelló-Castellón","Comunitat Valenciana","-8.839779005524861","0"
"Aspe","Alacant-Alicante","Comunitat Valenciana","6.049980244962470","0"
"Abaurrepea/Abaurrea Baja","Navarra","Comunidad Foral de Navarra","-23.684210526315798","0"
"Mandayona","Guadalajara","Castilla-La Mancha","-10.447761194029798","0"
"Pujerra","Málaga","Andalucía","-5.102040816326531","0"
"Castrillo del Val","Burgos","Castilla y León","-1.300236406619380","0"
"Torremayor","Badajoz","Extremadura","-2.977905859750240","0"
"Moríñigo","Salamanca","Castilla y León","-17.924528301886802","0"
"Olocau del Rey","Castelló-Castellón","Comunitat Valenciana","6.779661016949150","0"
"Guadamur","Toledo","Castilla-La Mancha","-2.383531960996750","0"
"Gátova","València-Valencia","Comunitat Valenciana","6.770833333333330","0"
"Vila-seca","Tarragona","Cataluña-Catalunya","5.715458650732110","0"
"Maella","Zaragoza","Aragón","7.252298263534220","0"
"Puiggròs","Lleida","Cataluña-Catalunya","-13.175675675675699","0"
"Villabrágima","Valladolid","Castilla y León","-1.897533206831120","0"
"Terrades","Girona","Cataluña-Catalunya","20.138888888888900","0"
"Peal de Becerro","Jaén","Andalucía","-1.625715869203770","0"
"Felix","Almería","Andalucía","17.818740399385600","0"
"Sotodosos","Guadalajara","Castilla-La Mancha","-28.571428571428601","0"
"Villar de la Yegua","Salamanca","Castilla y León","-18.877551020408202","0"
"Sant Mori","Girona","Cataluña-Catalunya","-2.259887005649720","0"
"Itero del Castillo","Burgos","Castilla y León","-7.142857142857141","0"
"Monteagudo de las Salinas","Cuenca","Castilla-La Mancha","4.687500000000000","0"
"Agres","Alacant-Alicante","Comunitat Valenciana","6.174957118353350","0"
"La Losilla","Soria","Castilla y León","-18.750000000000000","0"
"Villanúa","Huesca","Aragón","16.421052631578899","0"
"Montejo","Salamanca","Castilla y León","0.956937799043062","0"
"Santa Cristina de Valmadrigal","León","Castilla y León","-1.056338028169010","0"
"Lloseta","Illes Balears","Illes Balears","12.170242701371798","0"
"Torrevelilla","Teruel","Aragón","-18.750000000000000","0"
"Bohonal de Ibor","Cáceres","Extremadura","-3.937007874015750","0"
"Rabós","Girona","Cataluña-Catalunya","11.538461538461499","0"
"Coria del Río","Sevilla","Andalucía","2.247748940677970","0"
"Pálmaces de Jadraque","Guadalajara","Castilla-La Mancha","-2.127659574468090","0"
"Sabero","León","Castilla y León","-17.960784313725497","0"
"Quijorna","Madrid","Comunidad de Madrid","19.931698230363196","0"
"Cirujales del Río","Soria","Castilla y León","-20.000000000000000","0"
"Olivares","Sevilla","Andalucía","-1.432455039732330","0"
"Coirós","A Coruña","Galicia","10.074413279908400","0"
"Mues","Navarra","Comunidad Foral de Navarra","-2.469135802469140","0"
"Caminomorisco","Cáceres","Extremadura","-10.655090765588000","0"
"Mazuecos de Valdeginate","Palencia","Castilla y León","-15.686274509803900","0"
"Formiche Alto","Teruel","Aragón","-5.357142857142859","0"
"Brunete","Madrid","Comunidad de Madrid","8.107577542206521","0"
"Urueñas","Segovia","Castilla y León","0.000000000000000","0"
"La Mata de Ledesma","Salamanca","Castilla y León","-5.454545454545451","0"
"Torelló","Barcelona","Cataluña-Catalunya","6.832030969962000","0"
"Valdefinjas","Zamora","Castilla y León","5.454545454545451","0"
"Ziortza-Bolibar","Bizkaia","País Vasco-Euskadi","-8.294930875576041","0"
"Riaguas de San Bartolomé","Segovia","Castilla y León","-29.268292682926802","0"
"Tormos","Alacant-Alicante","Comunitat Valenciana","6.940063091482651","0"
"Santurdejo","La Rioja","La Rioja","-19.841269841269799","0"
"Campoo de Yuso","Cantabria","Cantabria","1.796407185628740","0"
"Villamalea","Albacete","Castilla-La Mancha","-5.279652844744461","0"
"Mojácar","Almería","Andalucía","8.014039192746420","0"
"Renedo de Esgueva","Valladolid","Castilla y León","12.232677502138600","0"
"Cevico de la Torre","Palencia","Castilla y León","-8.627450980392158","0"
"Alberic","València-Valencia","Comunitat Valenciana","-0.101607241825236","0"
"Revellinos","Zamora","Castilla y León","-6.415094339622640","0"
"Xert","Castelló-Castellón","Comunitat Valenciana","-16.239316239316199","0"
"Olvera","Cádiz","Andalucía","-5.556220811878820","0"
"Pancorbo","Burgos","Castilla y León","-9.791666666666670","0"
"Castrillo de la Guareña","Zamora","Castilla y León","-1.626016260162600","0"
"El Campillo de la Jara","Toledo","Castilla-La Mancha","-19.512195121951201","0"
"Arévalo de la Sierra","Soria","Castilla y León","-6.756756756756761","0"
"San Pedro de Gaíllos","Segovia","Castilla y León","10.469314079422400","0"
"Morasverdes","Salamanca","Castilla y León","-15.224913494809700","0"
"La Horra","Burgos","Castilla y León","-19.047619047619001","0"
"Avinyonet del Penedès","Barcelona","Cataluña-Catalunya","3.402985074626870","0"
"Valtajeros","Soria","Castilla y León","-13.636363636363601","0"
"La Puebla del Río","Sevilla","Andalucía","-2.690730106644790","0"
"Les Masies de Voltregà","Barcelona","Cataluña-Catalunya","1.129943502824860","0"
"Monterde de Albarracín","Teruel","Aragón","-23.287671232876701","0"
"San Millán de los Caballeros","León","Castilla y León","-4.324324324324319","0"
"Peralejos","Teruel","Aragón","1.176470588235290","0"
"Herreruela","Cáceres","Extremadura","-14.627659574468098","0"
"Fuentesaúco de Fuentidueña","Segovia","Castilla y León","-6.513409961685819","0"
"Berzosa de Bureba","Burgos","Castilla y León","-23.529411764705898","0"
"Nogueruelas","Teruel","Aragón","-10.280373831775700","0"
"Granera","Barcelona","Cataluña-Catalunya","16.250000000000000","0"
"El Milà","Tarragona","Cataluña-Catalunya","4.022988505747130","0"
"Alcubilla de Avellaneda","Soria","Castilla y León","-21.917808219178099","0"
"Cillorigo de Liébana","Cantabria","Cantabria","-0.074349442379182","0"
"Tàrbena","Alacant-Alicante","Comunitat Valenciana","-8.163265306122449","0"
"Figueruela de Arriba","Zamora","Castilla y León","-20.873786407767000","0"
"Villayerno Morquillas","Burgos","Castilla y León","0.000000000000000","0"
"Alacant/Alicante","Alacant-Alicante","Comunitat Valenciana","5.184194755877580","0"
"Cabañas del Castillo","Cáceres","Extremadura","-12.663755458515300","0"
"Reíllo","Cuenca","Castilla-La Mancha","4.672897196261681","0"
"Carboneras de Guadazaón","Cuenca","Castilla-La Mancha","1.574803149606300","0"
"Durango","Bizkaia","País Vasco-Euskadi","3.336110532527950","0"
"La Palma de Cervelló","Barcelona","Cataluña-Catalunya","1.265822784810130","0"
"Azlor","Huesca","Aragón","12.408759124087599","0"
"Torralba de los Sisones","Teruel","Aragón","-12.941176470588202","0"
"Quintanilla de Urz","Zamora","Castilla y León","-8.849557522123892","0"
"Canicosa de la Sierra","Burgos","Castilla y León","-22.283609576427299","0"
"Valero","Salamanca","Castilla y León","-2.588996763754050","0"
"Moeche","A Coruña","Galicia","-7.444359171143520","0"
"El Casar de Escalona","Toledo","Castilla-La Mancha","-1.276386843397150","0"
"Puente de Génave","Jaén","Andalucía","-3.515798842901650","0"
"Tramacastilla","Teruel","Aragón","-9.166666666666670","0"
"Alcalá del Río","Sevilla","Andalucía","5.115483319076130","0"
"La Granada","Barcelona","Cataluña-Catalunya","6.994693680656050","0"
"Cobeja","Toledo","Castilla-La Mancha","15.813321250566400","0"
"Valderrobres","Teruel","Aragón","7.702182284980750","0"
"Candilichera","Soria","Castilla y León","-24.444444444444404","0"
"Alcolea del Río","Sevilla","Andalucía","-2.792475014697240","0"
"Atalaya","Badajoz","Extremadura","-9.740259740259740","0"
"Poyales del Hoyo","Ávila","Castilla y León","-6.981132075471699","0"
"Alguazas","Murcia","Región de Murcia","6.515167309496511","0"
"Esterri de Cardós","Lleida","Cataluña-Catalunya","-15.277777777777800","0"
"Venturada","Madrid","Comunidad de Madrid","29.776422764227600","0"
"Ordes","A Coruña","Galicia","-1.362503892868260","0"
"Rubite","Granada","Andalucía","-10.769230769230798","0"
"Calonge de Segarra","Barcelona","Cataluña-Catalunya","-6.930693069306931","0"
"Aldeavieja de Tormes","Salamanca","Castilla y León","-0.990099009900990","0"
"Abarca de Campos","Palencia","Castilla y León","0.000000000000000","0"
"Talavera la Real","Badajoz","Extremadura","-4.570912375790420","0"
"Riocabado","Ávila","Castilla y León","-16.560509554140101","0"
"Aguilar de Campos","Valladolid","Castilla y León","-9.830508474576270","0"
"Fregenal de la Sierra","Badajoz","Extremadura","-4.959008198360330","0"
"Narboneta","Cuenca","Castilla-La Mancha","20.454545454545499","0"
"Terradillos de Esgueva","Burgos","Castilla y León","-27.173913043478297","0"
"Luena","Cantabria","Cantabria","-4.307692307692310","0"
"Blecua y Torres","Huesca","Aragón","-7.920792079207920","0"
"Alcosser","Alacant-Alicante","Comunitat Valenciana","8.823529411764710","0"
"Campillo de Aragón","Zaragoza","Aragón","-22.222222222222200","0"
"Purchena","Almería","Andalucía","-6.678700361010829","0"
"Teba","Málaga","Andalucía","-8.072981754561361","0"
"Bocigas","Valladolid","Castilla y León","-16.483516483516500","0"
"Brunyola i Sant Martí Sapresa","Girona","Cataluña-Catalunya","1.790281329923270","0"
"Aldehuela de Periáñez","Soria","Castilla y León","-12.820512820512798","0"
"Ventosa","La Rioja","La Rioja","14.792899408283999","0"
"San Cristovo de Cea","Ourense","Galicia","-17.162944582299403","0"
"Palafolls","Barcelona","Cataluña-Catalunya","8.317705460562602","0"
"Collado de Contreras","Ávila","Castilla y León","-29.556650246305402","0"
"Vallcebre","Barcelona","Cataluña-Catalunya","5.813953488372090","0"
"Alginet","València-Valencia","Comunitat Valenciana","10.581929555895901","0"
"Tierzo","Guadalajara","Castilla-La Mancha","2.777777777777780","0"
"Villanueva de la Concepción","Málaga","Andalucía","-3.703703703703700","0"
"Quatretondeta","Alacant-Alicante","Comunitat Valenciana","18.260869565217401","0"
"Deza","Soria","Castilla y León","-26.422764227642297","0"
"Luesia","Zaragoza","Aragón","9.120521172638441","0"
"Marañón","Navarra","Comunidad Foral de Navarra","1.960784313725490","0"
"Torrejoncillo","Cáceres","Extremadura","-11.851156973108200","0"
"Escurial de la Sierra","Salamanca","Castilla y León","-12.075471698113201","0"
"Ibias","Asturias","Principado de Asturias","-26.055408970976298","0"
"Escañuela","Jaén","Andalucía","-1.684210526315790","0"
"Traiguera","Castelló-Castellón","Comunitat Valenciana","-12.736773350751099","0"
"Casillas de Flores","Salamanca","Castilla y León","-4.278074866310160","0"
"Castell de Cabres","Castelló-Castellón","Comunitat Valenciana","18.750000000000000","0"
"Fompedraza","Valladolid","Castilla y León","-16.535433070866098","0"
"Larraona","Navarra","Comunidad Foral de Navarra","-13.793103448275902","0"
"Hoz y Costean","Huesca","Aragón","1.265822784810130","0"
"Moraleja de las Panaderas","Valladolid","Castilla y León","-2.439024390243900","0"
"Zújar","Granada","Andalucía","-9.097345132743362","0"
"Baza","Granada","Andalucía","-0.314861460957179","0"
"Millares","València-Valencia","Comunitat Valenciana","-16.455696202531602","0"
"Riaza","Segovia","Castilla y León","-9.739714525608729","0"
"Paterna del Campo","Huelva","Andalucía","-2.777777777777780","0"
"La Ràpita","Tarragona","Cataluña-Catalunya","0.286609344797707","0"
"Peñamellera Baja","Asturias","Principado de Asturias","-6.076923076923080","0"
"Cogollos de Guadix","Granada","Andalucía","-0.903614457831325","0"
"Collado Villalba","Madrid","Comunidad de Madrid","4.905172000575200","0"
"Gamones","Zamora","Castilla y León","-8.571428571428571","0"
"Suances","Cantabria","Cantabria","5.955710955710960","0"
"Carcedo de Bureba","Burgos","Castilla y León","2.040816326530610","0"
"Yernes y Tameza","Asturias","Principado de Asturias","-19.879518072289198","0"
"Vegaviana","Cáceres","Extremadura","-1.738122827346470","0"
"Puente de Montañana","Huesca","Aragón","-15.966386554621801","0"
"Pezuela de las Torres","Madrid","Comunidad de Madrid","22.893081761006300","0"
"Tavernes de la Valldigna","València-Valencia","Comunitat Valenciana","-2.126585119515210","0"
"San Miguel de Valero","Salamanca","Castilla y León","-13.661202185792400","0"
"Famorca","Alacant-Alicante","Comunitat Valenciana","-13.461538461538501","0"
"Mirafuentes","Navarra","Comunidad Foral de Navarra","7.407407407407411","0"
"Villanueva de Guadamejud","Cuenca","Castilla-La Mancha","-24.390243902439000","0"
"Pinilla del Campo","Soria","Castilla y León","-21.739130434782599","0"
"Puebla del Salvador","Cuenca","Castilla-La Mancha","-9.954751131221720","0"
"Tamames","Salamanca","Castilla y León","-7.476635514018691","0"
"Chipiona","Cádiz","Andalucía","3.394022311092400","0"
"Gilet","València-Valencia","Comunitat Valenciana","14.758040276525398","0"
"Aldehuela de la Bóveda","Salamanca","Castilla y León","-10.561056105610600","0"
"Plan","Huesca","Aragón","-10.509554140127399","0"
"Xixona/Jijona","Alacant-Alicante","Comunitat Valenciana","-2.684749515637971","0"
"Benavites","València-Valencia","Comunitat Valenciana","6.645569620253160","0"
"Arres","Lleida","Cataluña-Catalunya","-2.739726027397260","0"
"Matute","La Rioja","La Rioja","-30.645161290322601","0"
"Cañizar del Olivar","Teruel","Aragón","4.040404040404041","0"
"Málaga","Málaga","Andalucía","3.434565797573880","0"
"Alcalá de Ebro","Zaragoza","Aragón","-14.590747330960900","0"
"Lúcar","Almería","Andalucía","3.366583541147130","0"
"Benissuera","València-Valencia","Comunitat Valenciana","-5.128205128205130","0"
"Motilla del Palancar","Cuenca","Castilla-La Mancha","3.448858833474220","0"
"Maleján","Zaragoza","Aragón","-10.666666666666700","0"
"Finestrat","Alacant-Alicante","Comunitat Valenciana","41.037509976057500","0"
"Villafáfila","Zamora","Castilla y León","-14.476190476190499","0"
"Gimileo","La Rioja","La Rioja","-5.084745762711870","0"
"Benifato","Alacant-Alicante","Comunitat Valenciana","-16.666666666666700","0"
"Mairena del Aljarafe","Sevilla","Andalucía","8.732246186217781","0"
"Gallegos de Argañán","Salamanca","Castilla y León","-11.221122112211200","0"
"Santa María de Valverde","Zamora","Castilla y León","-24.637681159420296","0"
"Viñegra de Moraña","Ávila","Castilla y León","-11.320754716981101","0"
"Cabezas del Pozo","Ávila","Castilla y León","5.952380952380951","0"
"Sant Ferriol","Girona","Cataluña-Catalunya","3.333333333333330","0"
"Pedralba","València-Valencia","Comunitat Valenciana","3.956343792633020","0"
"Peníscola/Peñíscola","Castelló-Castellón","Comunitat Valenciana","13.302936837870499","0"
"Ullastret","Girona","Cataluña-Catalunya","-9.688581314878890","0"
"Ahigal de los Aceiteros","Salamanca","Castilla y León","-34.265734265734302","0"
"Humilladero","Málaga","Andalucía","-1.362155759549900","0"
"Llutxent","València-Valencia","Comunitat Valenciana","-5.220228384991840","0"
"Santervás de la Vega","Palencia","Castilla y León","-17.453798767967101","0"
"Navas de San Juan","Jaén","Andalucía","-7.578288100208770","0"
"Galaroza","Huelva","Andalucía","-8.117099135063212","0"
"Castejón de Henares","Guadalajara","Castilla-La Mancha","-20.779220779220797","0"
"Cabañas Raras","León","Castilla y León","-0.754147812971342","0"
"Bustarviejo","Madrid","Comunidad de Madrid","16.822827938671203","0"
"Torralba de Aragón","Huesca","Aragón","-3.539823008849560","0"
"El Puente del Arzobispo","Toledo","Castilla-La Mancha","-12.611940298507498","0"
"Cellorigo","La Rioja","La Rioja","-16.666666666666700","0"
"Alfarrasí","València-Valencia","Comunitat Valenciana","-5.511182108626200","0"
"Tejada","Burgos","Castilla y León","0.000000000000000","0"
"Solarana","Burgos","Castilla y León","-16.853932584269700","0"
"Cacín","Granada","Andalucía","-11.279461279461302","0"
"Venialbo","Zamora","Castilla y León","-9.725158562367859","0"
"La Taha","Granada","Andalucía","15.987933634992499","0"
"Mocejón","Toledo","Castilla-La Mancha","4.688145394465101","0"
"Camañas","Teruel","Aragón","3.125000000000000","0"
"Alfoz de Bricia","Burgos","Castilla y León","-6.578947368421050","0"
"Peñaflor","Sevilla","Andalucía","-2.902796271637820","0"
"Laudio/Llodio","Araba-Álava","País Vasco-Euskadi","-2.772954200130240","0"
"Las Navas de la Concepción","Sevilla","Andalucía","-9.560570071258908","0"
"Gumiel de Izán","Burgos","Castilla y León","0.848896434634975","0"
"Areso","Navarra","Comunidad Foral de Navarra","0.375939849624060","0"
"Linares","Jaén","Andalucía","-8.615027367722671","0"
"Las Quintanillas","Burgos","Castilla y León","-1.285347043701800","0"
"Montferri","Tarragona","Cataluña-Catalunya","17.886178861788597","0"
"Salinas","Alacant-Alicante","Comunitat Valenciana","9.475679090334809","0"
"San Adrián del Valle","León","Castilla y León","-14.018691588784998","0"
"Marugán","Segovia","Castilla y León","19.400630914826500","0"
"Rabé de las Calzadas","Burgos","Castilla y León","18.691588785046701","0"
"Zarza de Granadilla","Cáceres","Extremadura","-3.538873994638071","0"
"Torrent","Girona","Cataluña-Catalunya","0.000000000000000","0"
"Mancera de Arriba","Ávila","Castilla y León","-28.282828282828298","0"
"Rillo de Gallo","Guadalajara","Castilla-La Mancha","-20.000000000000000","0"
"Santa Cruz de Yanguas","Soria","Castilla y León","-20.833333333333300","0"
"Los Realejos","Santa Cruz de Tenerife","Canarias","0.941399891481281","0"
"Santa María Ribarredonda","Burgos","Castilla y León","-7.142857142857141","0"
"Monreal de Ariza","Zaragoza","Aragón","-24.892703862660898","0"
"Manzanares de Rioja","La Rioja","La Rioja","-31.764705882352899","0"
"Garcirrey","Salamanca","Castilla y León","-24.000000000000000","0"
"Santa María del Mercadillo","Burgos","Castilla y León","-16.528925619834702","0"
"Santa Fe","Granada","Andalucía","-0.415348101265823","0"
"Ubrique","Cádiz","Andalucía","-3.085761667851220","0"
"Lomas","Palencia","Castilla y León","-22.641509433962298","0"
"Ogassa","Girona","Cataluña-Catalunya","-6.938775510204080","0"
"Quintanilla del Monte","Zamora","Castilla y León","-5.660377358490570","0"
"Ibarrangelu","Bizkaia","País Vasco-Euskadi","8.763693270735530","0"
"Àger","Lleida","Cataluña-Catalunya","-2.020202020202020","0"
"Tella-Sin","Huesca","Aragón","-12.692307692307701","0"
"Montferrer i Castellbò","Lleida","Cataluña-Catalunya","6.426484907497571","0"
"Ventosilla y Tejadilla","Segovia","Castilla y León","-44.444444444444400","0"
"Flores de Ávila","Ávila","Castilla y León","-16.871165644171796","0"
"Valdemanco del Esteras","Ciudad Real","Castilla-La Mancha","-22.222222222222200","0"
"Sant Feliu de Guíxols","Girona","Cataluña-Catalunya","4.314534617148101","0"
"Pedret i Marzà","Girona","Cataluña-Catalunya","-3.703703703703700","0"
"Villaeles de Valdavia","Palencia","Castilla y León","-23.437500000000000","0"
"Manciles","Burgos","Castilla y León","9.523809523809520","0"
"Rojales","Alacant-Alicante","Comunitat Valenciana","-7.293880152996180","0"
"Cotanes del Monte","Zamora","Castilla y León","-30.508474576271201","0"
"Pina de Montalgrao","Castelló-Castellón","Comunitat Valenciana","-11.194029850746302","0"
"Santibáñez de la Sierra","Salamanca","Castilla y León","-20.304568527918800","0"
"Castelló d'Empúries","Girona","Cataluña-Catalunya","2.248757953455940","0"
"Lújar","Granada","Andalucía","-4.761904761904760","0"
"Alfambra","Teruel","Aragón","-17.887563884156698","0"
"Entrala","Zamora","Castilla y León","-15.853658536585399","0"
"Espeja de San Marcelino","Soria","Castilla y León","-15.028901734104000","0"
"Bolbaite","València-Valencia","Comunitat Valenciana","-2.556610664718770","0"
"Los Villares de Soria","Soria","Castilla y León","-10.869565217391301","0"
"Rollamienta","Soria","Castilla y León","25.000000000000000","0"
"Monasterio","Guadalajara","Castilla-La Mancha","-6.250000000000000","0"
"Marín","Pontevedra","Galicia","-4.469185518575550","0"
"Navajas","Castelló-Castellón","Comunitat Valenciana","10.381077529566399","0"
"Barrado","Cáceres","Extremadura","-14.449541284403701","0"
"Obón","Teruel","Aragón","-16.666666666666700","0"
"Miera","Cantabria","Cantabria","-5.755395683453240","0"
"Lalueza","Huesca","Aragón","-13.867187500000000","0"
"Uterga","Navarra","Comunidad Foral de Navarra","-1.744186046511630","0"
"Pozanco","Ávila","Castilla y León","-1.754385964912280","0"
"Tornadizos de Ávila","Ávila","Castilla y León","14.285714285714301","0"
"La Carolina","Jaén","Andalucía","-6.370192307692310","0"
"Fresneda de Cuéllar","Segovia","Castilla y León","0.000000000000000","0"
"El Cubo de Tierra del Vino","Zamora","Castilla y León","-15.094339622641501","0"
"San Bartolomé de Corneja","Ávila","Castilla y León","-37.288135593220304","0"
"Bustillo del Páramo de Carrión","Palencia","Castilla y León","-18.750000000000000","0"
"Villamantilla","Madrid","Comunidad de Madrid","26.994359387590698","0"
"Palomares del Río","Sevilla","Andalucía","14.198454250810299","0"
"Puntallana","Santa Cruz de Tenerife","Canarias","10.945485519591099","0"
"Encinas","Segovia","Castilla y León","-28.846153846153801","0"
"Canet d'Adri","Girona","Cataluña-Catalunya","16.304347826087000","0"
"Paterna del Río","Almería","Andalucía","-5.839416058394161","0"
"Selas","Guadalajara","Castilla-La Mancha","-43.750000000000000","0"
"Adrada de Haza","Burgos","Castilla y León","-12.173913043478301","0"
"Garde","Navarra","Comunidad Foral de Navarra","-13.664596273291901","0"
"Torrelacárcel","Teruel","Aragón","-31.472081218274102","0"
"Campo Lugar","Cáceres","Extremadura","-11.477151965993601","0"
"Albolote","Granada","Andalucía","6.380421719654761","0"
"Sedaví","València-Valencia","Comunitat Valenciana","4.458411077285670","0"
"Onil","Alacant-Alicante","Comunitat Valenciana","2.617316589557170","0"
"Marrupe","Toledo","Castilla-La Mancha","-2.484472049689440","0"
"Estaràs","Lleida","Cataluña-Catalunya","-6.818181818181820","0"
"Els Guiamets","Tarragona","Cataluña-Catalunya","-8.561643835616440","0"
"Pozuelo del Rey","Madrid","Comunidad de Madrid","14.835164835164800","0"
"Siruela","Badajoz","Extremadura","-12.481787275376400","0"
"Arevalillo de Cega","Segovia","Castilla y León","-37.931034482758591","0"
"Poyatos","Cuenca","Castilla-La Mancha","7.246376811594200","0"
"Bell-lloc d'Urgell","Lleida","Cataluña-Catalunya","1.148447469162060","0"
"Chiclana de Segura","Jaén","Andalucía","-14.747859181731698","0"
"Sanlúcar de Barrameda","Cádiz","Andalucía","3.591303702604440","0"
"Villaverde del Río","Sevilla","Andalucía","-0.990099009900990","0"
"Presencio","Burgos","Castilla y León","-2.941176470588240","0"
"Gallués/Galoze","Navarra","Comunidad Foral de Navarra","-4.123711340206190","0"
"Toén","Ourense","Galicia","-5.296694544006370","0"
"Etayo","Navarra","Comunidad Foral de Navarra","-13.924050632911399","0"
"Aguaviva","Teruel","Aragón","-6.611570247933881","0"
"Molinicos","Albacete","Castilla-La Mancha","-11.493018259935601","0"
"La Vídola","Salamanca","Castilla y León","-11.811023622047202","0"
"Laguna de Duero","Valladolid","Castilla y León","0.518731988472622","0"
"Cox","Alacant-Alicante","Comunitat Valenciana","4.521424596549809","0"
"El Coronil","Sevilla","Andalucía","-6.124899919935951","0"
"La Coma i la Pedra","Lleida","Cataluña-Catalunya","2.230483271375470","0"
"La Calzada de Béjar","Salamanca","Castilla y León","1.149425287356320","0"
"Betxí","Castelló-Castellón","Comunitat Valenciana","-3.292894280762570","0"
"Liceras","Soria","Castilla y León","-19.672131147541002","0"
"Alija del Infantado","León","Castilla y León","-21.767810026385202","0"
"San Cristóbal de la Vega","Segovia","Castilla y León","-33.064516129032299","0"
"Arroyomolinos de la Vera","Cáceres","Extremadura","-10.337552742615999","0"
"Alhóndiga","Guadalajara","Castilla-La Mancha","-13.775510204081602","0"
"Vallbona d'Anoia","Barcelona","Cataluña-Catalunya","0.280898876404494","0"
"Piérnigas","Burgos","Castilla y León","-2.631578947368420","0"
"Simat de la Valldigna","València-Valencia","Comunitat Valenciana","-7.458013094221461","0"
"Monforte de la Sierra","Salamanca","Castilla y León","-29.761904761904798","0"
"Salares","Málaga","Andalucía","-15.384615384615401","0"
"Gaibiel","Castelló-Castellón","Comunitat Valenciana","-0.505050505050505","0"
"Méntrida","Toledo","Castilla-La Mancha","20.960610932475898","0"
"Meis","Pontevedra","Galicia","-6.497119014504269","0"
"Cubillas de Santa Marta","Valladolid","Castilla y León","33.219178082191803","0"
"Santa Margarida i els Monjos","Barcelona","Cataluña-Catalunya","4.266048793784930","0"
"Pinos Puente","Granada","Andalucía","-24.547158026233603","0"
"Bocairent","València-Valencia","Comunitat Valenciana","-5.074971164936561","0"
"L'Espluga Calba","Lleida","Cataluña-Catalunya","-17.974683544303797","0"
"Valdecuenca","Teruel","Aragón","-22.500000000000000","0"
"Vilaplana","Tarragona","Cataluña-Catalunya","-12.380952380952399","0"
"Fresno de Rodilla","Burgos","Castilla y León","-4.081632653061220","0"
"Pizarral","Salamanca","Castilla y León","5.263157894736840","0"
"Pegalajar","Jaén","Andalucía","-7.626841243862519","0"
"Carrión de los Céspedes","Sevilla","Andalucía","1.803214425715410","0"
"San Esteban de los Patos","Ávila","Castilla y León","-39.393939393939398","0"
"Nava del Barco","Ávila","Castilla y León","-16.666666666666700","0"
"Piedras Albas","Cáceres","Extremadura","-16.666666666666700","0"
"Jarque de Moncayo","Zaragoza","Aragón","-20.359281437125702","0"
"Bierge","Huesca","Aragón","4.545454545454549","0"
"Polopos","Granada","Andalucía","-10.990795885219301","0"
"Gamiz-Fika","Bizkaia","País Vasco-Euskadi","3.949329359165430","0"
"Atzeneta del Maestrat","Castelló-Castellón","Comunitat Valenciana","-0.151400454201363","0"
"El Cuervo","Teruel","Aragón","15.294117647058799","0"
"Gordoncillo","León","Castilla y León","-32.008368200836806","0"
"Albudeite","Murcia","Región de Murcia","0.506146059291396","0"
"La Jonquera","Girona","Cataluña-Catalunya","8.731942215088280","0"
"Montecorto","Málaga","Andalucía","0.000000000000000","0"
"Monterroso","Lugo","Galicia","-4.921937020375760","0"
"Celrà","Girona","Cataluña-Catalunya","8.569166831585202","0"
"Algámitas","Sevilla","Andalucía","-4.939209726443770","0"
"Ciriza/Ziritza","Navarra","Comunidad Foral de Navarra","28.455284552845502","0"
"Salmerón","Guadalajara","Castilla-La Mancha","-18.644067796610198","0"
"Saelices de Mayorga","Valladolid","Castilla y León","-11.811023622047202","0"
"Monroyo","Teruel","Aragón","-13.461538461538501","0"
"Gernika-Lumo","Bizkaia","País Vasco-Euskadi","1.506221349050430","0"
"Benegiles","Zamora","Castilla y León","-20.689655172413797","0"
"Paredes de Sigüenza","Guadalajara","Castilla-La Mancha","0.000000000000000","0"
"Santa Pola","Alacant-Alicante","Comunitat Valenciana","19.940372355609099","0"
"Senés de Alcubierre","Huesca","Aragón","-13.461538461538501","0"
"Campillo de Azaba","Salamanca","Castilla y León","-21.666666666666700","0"
"Valderas","León","Castilla y León","-11.958405545927199","0"
"San Pablo de la Moraleja","Valladolid","Castilla y León","-15.625000000000000","0"
"Molezuelas de la Carballeda","Zamora","Castilla y León","-44.705882352941195","0"
"Maria de la Salut","Illes Balears","Illes Balears","10.501419110690600","0"
"San Cristóbal de Cuéllar","Segovia","Castilla y León","-6.748466257668709","0"
"Deifontes","Granada","Andalucía","1.942501942501940","0"
"la Romana","Alacant-Alicante","Comunitat Valenciana","6.774847870182561","0"
"Moriles","Córdoba","Andalucía","-5.526859504132229","0"
"Petrer","Alacant-Alicante","Comunitat Valenciana","-2.416987972607470","0"
"Erustes","Toledo","Castilla-La Mancha","-5.462184873949581","0"
"San Esteban de la Sierra","Salamanca","Castilla y León","8.163265306122449","0"
"Salas Altas","Huesca","Aragón","-2.194357366771160","0"
"Jurisdicción de Lara","Burgos","Castilla y León","7.500000000000000","0"
"Fuengirola","Málaga","Andalucía","12.842754693102702","0"
"Tricio","La Rioja","La Rioja","-8.247422680412370","0"
"Velada","Toledo","Castilla-La Mancha","-0.344946533287340","0"
"La Matanza de Acentejo","Santa Cruz de Tenerife","Canarias","3.967981703830760","0"
"Pozo de Almoguera","Guadalajara","Castilla-La Mancha","14.141414141414099","0"
"Sant Climent de Llobregat","Barcelona","Cataluña-Catalunya","6.399187404774000","0"
"Callosa de Segura","Alacant-Alicante","Comunitat Valenciana","7.771447535815030","0"
"Congostrina","Guadalajara","Castilla-La Mancha","-43.478260869565197","0"
"Brahojos de Medina","Valladolid","Castilla y León","-22.137404580152698","0"
"San Miguel de la Ribera","Zamora","Castilla y León","-17.460317460317501","0"
"Naval","Huesca","Aragón","3.515625000000000","0"
"Granyanella","Lleida","Cataluña-Catalunya","1.360544217687080","0"
"Belascoáin","Navarra","Comunidad Foral de Navarra","11.290322580645201","0"
"Hormigos","Toledo","Castilla-La Mancha","28.070175438596500","0"
"Alcalá de Gurrea","Huesca","Aragón","-16.606498194945800","0"
"Alconera","Badajoz","Extremadura","2.018842530282640","0"
"Cotillas","Albacete","Castilla-La Mancha","-5.755395683453240","0"
"Ezcabarte","Navarra","Comunidad Foral de Navarra","1.156387665198240","0"
"Vindel","Cuenca","Castilla-La Mancha","54.545454545454497","0"
"Fuentes de Oñoro","Salamanca","Castilla y León","-8.588957055214721","0"
"Fondarella","Lleida","Cataluña-Catalunya","-6.921241050119330","0"
"Los Valdecolmenas","Cuenca","Castilla-La Mancha","-23.655913978494599","0"
"Villanueva de Jiloca","Zaragoza","Aragón","32.692307692307701","0"
"Almedinilla","Córdoba","Andalucía","-5.186385737439220","0"
"Montijo","Badajoz","Extremadura","-4.066161268090969","0"
"Villanueva de la Torre","Guadalajara","Castilla-La Mancha","3.446655177816070","0"
"Sant Cebrià de Vallalta","Barcelona","Cataluña-Catalunya","13.942307692307701","0"
"Maspujols","Tarragona","Cataluña-Catalunya","9.462915601023019","0"
"Fuentes de Magaña","Soria","Castilla y León","-36.144578313253000","0"
"Orés","Zaragoza","Aragón","-17.272727272727298","0"
"Berrocalejo","Cáceres","Extremadura","-2.439024390243900","0"
"Cadalso","Cáceres","Extremadura","-13.250517598343700","0"
"Paterna de Rivera","Cádiz","Andalucía","-2.995186307719740","0"
"Matarrubia","Guadalajara","Castilla-La Mancha","42.857142857142904","0"
"Torres Torres","València-Valencia","Comunitat Valenciana","18.253968253968303","0"
"Antella","València-Valencia","Comunitat Valenciana","-17.051377513030502","0"
"Esparragosa de la Serena","Badajoz","Extremadura","-9.262759924385632","0"
"Quintanilla del Olmo","Zamora","Castilla y León","36.363636363636402","0"
"Pozoblanco","Córdoba","Andalucía","-3.115888171059400","0"
"Vilanant","Girona","Cataluña-Catalunya","3.508771929824560","0"
"Santa María de la Isla","León","Castilla y León","-16.111111111111100","0"
"Bóveda","Lugo","Galicia","-10.566518141311299","0"
"Mochales","Guadalajara","Castilla-La Mancha","-23.076923076923098","0"
"San Juan del Molinillo","Ávila","Castilla y León","-4.098360655737700","0"
"Isábena","Huesca","Aragón","-19.097222222222200","0"
"Nuño Gómez","Toledo","Castilla-La Mancha","3.921568627450980","0"
"Ivars de Noguera","Lleida","Cataluña-Catalunya","-5.142857142857141","0"
"Boca de Huérgano","León","Castilla y León","-13.518886679920501","0"
"Bronchales","Teruel","Aragón","6.323185011709601","0"
"Payo de Ojeda","Palencia","Castilla y León","-9.230769230769230","0"
"Sant Jordi/San Jorge","Castelló-Castellón","Comunitat Valenciana","15.862708719851600","0"
"les Coves de Vinromà","Castelló-Castellón","Comunitat Valenciana","-4.136125654450261","0"
"Romanzado/Erromantzatua","Navarra","Comunidad Foral de Navarra","13.253012048192799","0"
"Carabantes","Soria","Castilla y León","-9.090909090909092","0"
"El Payo","Salamanca","Castilla y León","-11.684782608695700","0"
"Alagón","Zaragoza","Aragón","2.906976744186050","0"
"Alájar","Huelva","Andalucía","-2.255639097744360","0"
"el Castell de Guadalest","Alacant-Alicante","Comunitat Valenciana","21.238938053097300","0"
"Osera de Ebro","Zaragoza","Aragón","-5.660377358490570","0"
"Josa","Teruel","Aragón","2.777777777777780","0"
"Cascajares de la Sierra","Burgos","Castilla y León","-30.000000000000000","0"
"Villovieco","Palencia","Castilla y León","-10.810810810810798","0"
"Menàrguens","Lleida","Cataluña-Catalunya","-12.739571589628000","0"
"Gandia","València-Valencia","Comunitat Valenciana","2.105964939801560","0"
"Castellví de Rosanes","Barcelona","Cataluña-Catalunya","18.693181818181802","0"
"Almargen","Málaga","Andalucía","-9.330819981149858","0"
"la Salzadella","Castelló-Castellón","Comunitat Valenciana","-17.602996254681596","0"
"Almedina","Ciudad Real","Castilla-La Mancha","-18.487394957983202","0"
"Navalmoral de Béjar","Salamanca","Castilla y León","7.142857142857141","0"
"Loma de Ucieza","Palencia","Castilla y León","-22.033898305084701","0"
"Orendain","Gipuzkoa","País Vasco-Euskadi","24.352331606217600","0"
"Hernialde","Gipuzkoa","País Vasco-Euskadi","-10.571428571428601","0"
"San Salvador","Valladolid","Castilla y León","-30.303030303030297","0"
"Dénia","Alacant-Alicante","Comunitat Valenciana","9.478786715300441","0"
"Villanueva del Río Segura","Murcia","Región de Murcia","54.296235679214398","0"
"Castillo de Locubín","Jaén","Andalucía","-10.956402647797301","0"
"Idiazabal","Gipuzkoa","País Vasco-Euskadi","-1.344319167389420","0"
"Torrubia","Guadalajara","Castilla-La Mancha","-8.000000000000000","0"
"Camporrobles","València-Valencia","Comunitat Valenciana","-9.855951478392720","0"
"El Gastor","Cádiz","Andalucía","-5.879090404880750","0"
"Garrigoles","Girona","Cataluña-Catalunya","19.496855345911900","0"
"Villalcázar de Sirga","Palencia","Castilla y León","9.433962264150939","0"
"La Tallada d'Empordà","Girona","Cataluña-Catalunya","4.625550660792951","0"
"Camarena","Toledo","Castilla-La Mancha","17.185850052798298","0"
"Aldeanueva de Guadalajara","Guadalajara","Castilla-La Mancha","28.395061728395099","0"
"Maluenda","Zaragoza","Aragón","-16.481481481481499","0"
"Barrundia","Araba-Álava","País Vasco-Euskadi","-1.967213114754100","0"
"Momblona","Soria","Castilla y León","-30.769230769230802","0"
"Lana","Navarra","Comunidad Foral de Navarra","-14.285714285714301","0"
"Montefrío","Granada","Andalucía","-7.406131588012400","0"
"Torrubia del Campo","Cuenca","Castilla-La Mancha","6.872852233676979","0"
"Arbúcies","Girona","Cataluña-Catalunya","0.771485881808363","0"
"Bustares","Guadalajara","Castilla-La Mancha","-20.000000000000000","0"
"El Guijo","Córdoba","Andalucía","-10.732984293193701","0"
"La Guijarrosa","Córdoba","Andalucía","0.000000000000000","0"
"Ruesca","Zaragoza","Aragón","-4.109589041095889","0"
"Badia del Vallès","Barcelona","Cataluña-Catalunya","-3.534272854718510","0"
"La Lapa","Badajoz","Extremadura","3.157894736842100","0"
"Villanueva del Campillo","Ávila","Castilla y León","0.961538461538462","0"
"Izurtza","Bizkaia","País Vasco-Euskadi","-17.153284671532798","0"
"Tordesilos","Guadalajara","Castilla-La Mancha","-19.298245614035103","0"
"Atapuerca","Burgos","Castilla y León","-7.692307692307691","0"
"Losa del Obispo","València-Valencia","Comunitat Valenciana","1.960784313725490","0"
"Royuela","Teruel","Aragón","1.762114537444930","0"
"Campezo/Kanpezu","Araba-Álava","País Vasco-Euskadi","-1.107011070110700","0"
"La Vilella Alta","Tarragona","Cataluña-Catalunya","-0.775193798449612","0"
"Cobisa","Toledo","Castilla-La Mancha","7.458363504706731","0"
"Solana del Pino","Ciudad Real","Castilla-La Mancha","-9.366391184573001","0"
"Valdefuentes","Cáceres","Extremadura","-15.531752104055100","0"
"Lora del Río","Sevilla","Andalucía","-5.553550250090240","0"
"Belmonte de San José","Teruel","Aragón","5.833333333333330","0"
"Porrera","Tarragona","Cataluña-Catalunya","-5.639913232104120","0"
"Vilajuïga","Girona","Cataluña-Catalunya","-3.109243697478990","0"
"Biscarrués","Huesca","Aragón","-11.004784688995201","0"
"Capellades","Barcelona","Cataluña-Catalunya","2.517032551097650","0"
"Yátova","València-Valencia","Comunitat Valenciana","3.230337078651690","0"
"Loiu","Bizkaia","País Vasco-Euskadi","-3.810720268006700","0"
"Beriáin","Navarra","Comunidad Foral de Navarra","6.582343830665979","0"
"Granja de Torrehermosa","Badajoz","Extremadura","-11.573650503202202","0"
"Navas de Estena","Ciudad Real","Castilla-La Mancha","2.508960573476700","0"
"Traíd","Guadalajara","Castilla-La Mancha","-33.333333333333300","0"
"Urzainqui/Urzainki","Navarra","Comunidad Foral de Navarra","-21.000000000000000","0"
"Monterrubio de la Demanda","Burgos","Castilla y León","-4.918032786885250","0"
"Molins de Rei","Barcelona","Cataluña-Catalunya","5.578085241730280","0"
"Muñopepe","Ávila","Castilla y León","-11.206896551724100","0"
"Mara","Zaragoza","Aragón","-8.426966292134829","0"
"Puerto Lumbreras","Murcia","Región de Murcia","18.726899383983604","0"
"Titaguas","València-Valencia","Comunitat Valenciana","0.597609561752988","0"
"Torres","Jaén","Andalucía","-13.414634146341500","0"
"el Camp de Mirra/Campo de Mirra","Alacant-Alicante","Comunitat Valenciana","1.144164759725400","0"
"Salvacañete","Cuenca","Castilla-La Mancha","-5.660377358490570","0"
"Peralta de Calasanz","Huesca","Aragón","13.333333333333300","0"
"Castañeda","Cantabria","Cantabria","18.841669800676897","0"
"Serra","València-Valencia","Comunitat Valenciana","11.599133931333100","0"
"Els Alamús","Lleida","Cataluña-Catalunya","3.250975292587780","0"
"Amayuelas de Arriba","Palencia","Castilla y León","-7.692307692307691","0"
"Zalduondo","Araba-Álava","País Vasco-Euskadi","5.945945945945950","0"
"Súria","Barcelona","Cataluña-Catalunya","0.783463910651775","0"
"Puebla de Beleña","Guadalajara","Castilla-La Mancha","15.555555555555602","0"
"Cervantes","Lugo","Galicia","-20.876963350785299","0"
"El Lloar","Tarragona","Cataluña-Catalunya","-4.545454545454549","0"
"Huecas","Toledo","Castilla-La Mancha","29.420731707317099","0"
"Alcudia de Monteagud","Almería","Andalucía","-5.714285714285709","0"
"Valdelugueros","León","Castilla y León","-7.481751824817520","0"
"Talamantes","Zaragoza","Aragón","42.372881355932201","0"
"La Vilueña","Zaragoza","Aragón","-40.566037735849108","0"
"Alconada de Maderuelo","Segovia","Castilla y León","-27.272727272727298","0"
"Retamal de Llerena","Badajoz","Extremadura","-10.537190082644601","0"
"Íllora","Granada","Andalucía","-5.228571428571430","0"
"Oco","Navarra","Comunidad Foral de Navarra","3.030303030303030","0"
"Martínez","Ávila","Castilla y León","-20.279720279720298","0"
"La Zarza-Perrunal","Huelva","Andalucía","0.000000000000000","0"
"Ferreruela de Huerva","Teruel","Aragón","10.937500000000000","0"
"Trasierra","Badajoz","Extremadura","-7.890743550834601","0"
"Encinas de Arriba","Salamanca","Castilla y León","-7.114624505928851","0"
"Avià","Barcelona","Cataluña-Catalunya","-0.398582816651904","0"
"Aranda de Moncayo","Zaragoza","Aragón","-30.645161290322601","0"
"Fuentemolinos","Burgos","Castilla y León","-1.980198019801980","0"
"Villablanca","Huelva","Andalucía","-1.250845165652470","0"
"el Poble Nou de Benitatxell/Benitachell","Alacant-Alicante","Comunitat Valenciana","4.271302854689851","0"
"Júzcar","Málaga","Andalucía","4.741379310344830","0"
"Langayo","Valladolid","Castilla y León","-10.915492957746499","0"
"Urueña","Valladolid","Castilla y León","8.241758241758239","0"
"Arbizu","Navarra","Comunidad Foral de Navarra","0.805729632945389","0"
"Titulcia","Madrid","Comunidad de Madrid","8.009516256938939","0"
"Ibdes","Zaragoza","Aragón","-21.739130434782599","0"
"Navahermosa","Toledo","Castilla-La Mancha","-8.912386706948640","0"
"Vilademuls","Girona","Cataluña-Catalunya","6.988564167725540","0"
"Fuenterrobles","València-Valencia","Comunitat Valenciana","-2.411347517730500","0"
"Garvín","Cáceres","Extremadura","2.061855670103090","0"
"Almensilla","Sevilla","Andalucía","12.396836313617602","0"
"Espronceda","Navarra","Comunidad Foral de Navarra","-9.243697478991601","0"
"San Martín de Valderaduey","Zamora","Castilla y León","-33.333333333333300","0"
"Llanera","Asturias","Principado de Asturias","-0.584461867426942","0"
"Setenil de las Bodegas","Cádiz","Andalucía","-7.633053221288519","0"
"Capafonts","Tarragona","Cataluña-Catalunya","-3.508771929824560","0"
"Villamartín de Campos","Palencia","Castilla y León","-6.417112299465240","0"
"Villanueva de Sigena","Huesca","Aragón","-21.428571428571402","0"
"Carrascosa de la Sierra","Soria","Castilla y León","-9.090909090909092","0"
"Almacelles","Lleida","Cataluña-Catalunya","2.209284967905660","0"
"Blacos","Soria","Castilla y León","-18.000000000000000","0"
"Cilleros de la Bastida","Salamanca","Castilla y León","-22.222222222222200","0"
"Corullón","León","Castilla y León","-15.690168818272099","0"
"Rabanera del Pinar","Burgos","Castilla y León","-17.213114754098399","0"
"Colmenar de Montemayor","Salamanca","Castilla y León","-8.673469387755100","0"
"Campo de Villavidel","León","Castilla y León","-3.381642512077300","0"
"Valverde de Alcalá","Madrid","Comunidad de Madrid","21.867881548974896","0"
"l'Atzúbia","Alacant-Alicante","Comunitat Valenciana","-3.030303030303030","0"
"Aldehuela de Yeltes","Salamanca","Castilla y León","-13.574660633484202","0"
"Fuerte del Rey","Jaén","Andalucía","-3.566333808844510","0"
"Santa Cruz de Pinares","Ávila","Castilla y León","5.521472392638040","0"
"Abiego","Huesca","Aragón","-2.247191011235960","0"
"Cunit","Tarragona","Cataluña-Catalunya","27.433480690633100","0"
"Hoyos del Collado","Ávila","Castilla y León","-12.121212121212098","0"
"Durón","Guadalajara","Castilla-La Mancha","-4.958677685950410","0"
"Villena","Alacant-Alicante","Comunitat Valenciana","-1.117868520127420","0"
"El Campillo","Huelva","Andalucía","-6.016791044776120","0"
"Muxía","A Coruña","Galicia","-12.194159431728501","0"
"Moaña","Pontevedra","Galicia","-0.258197779499096","0"
"El Hoyo de Pinares","Ávila","Castilla y León","-7.952116289012399","0"
"La Granjuela","Córdoba","Andalucía","-14.937759336099599","0"
"San Andrés del Congosto","Guadalajara","Castilla-La Mancha","-12.790697674418601","0"
"Zafra de Záncara","Cuenca","Castilla-La Mancha","-34.042553191489397","0"
"Agost","Alacant-Alicante","Comunitat Valenciana","6.628787878787880","0"
"Belmonte de Gracián","Zaragoza","Aragón","-19.457013574660600","0"
"Valsequillo","Córdoba","Andalucía","-7.532467532467530","0"
"Valdeolmos-Alalpardo","Madrid","Comunidad de Madrid","22.607752778530802","0"
"Montón","Zaragoza","Aragón","-23.684210526315798","0"
"Bidania-Goiatz","Gipuzkoa","País Vasco-Euskadi","2.671755725190840","0"
"Bimenes","Asturias","Principado de Asturias","-6.077658975801911","0"
"Fresno de Cantespino","Segovia","Castilla y León","13.483146067415701","0"
"Torrubia del Castillo","Cuenca","Castilla-La Mancha","7.317073170731710","0"
"Añe","Segovia","Castilla y León","-33.009708737864102","0"
"Hontangas","Burgos","Castilla y León","-16.216216216216196","0"
"Villanueva del Fresno","Badajoz","Extremadura","-7.518371961560200","0"
"Cañete la Real","Málaga","Andalucía","-9.615384615384620","0"
"Azuelo","Navarra","Comunidad Foral de Navarra","0.000000000000000","0"
"Palomero","Cáceres","Extremadura","8.556149732620321","0"
"la Vall d'Uixó","Castelló-Castellón","Comunitat Valenciana","-0.681789619203217","0"
"Valle de Losa","Burgos","Castilla y León","-7.393715341959340","0"
"Alcoi/Alcoy","Alacant-Alicante","Comunitat Valenciana","-0.304985337243402","0"
"Puente la Reina de Jaca","Huesca","Aragón","0.000000000000000","0"
"Ezprogui","Navarra","Comunidad Foral de Navarra","15.217391304347798","0"
"Luquin","Navarra","Comunidad Foral de Navarra","-6.521739130434780","0"
"Beniel","Murcia","Región de Murcia","3.500719942404610","0"
"Mosqueruela","Teruel","Aragón","-10.482529118136400","0"
"Antequera","Málaga","Andalucía","-0.608254887762491","0"
"Cabezamesada","Toledo","Castilla-La Mancha","-11.662531017369700","0"
"Bárcabo","Huesca","Aragón","0.000000000000000","0"
"Ergoiena","Navarra","Comunidad Foral de Navarra","-5.000000000000000","0"
"Vinyols i els Arcs","Tarragona","Cataluña-Catalunya","24.091880341880298","0"
"Almoines","València-Valencia","Comunitat Valenciana","9.521739130434778","0"
"Almajano","Soria","Castilla y León","-7.772020725388601","0"
"Santiuste de San Juan Bautista","Segovia","Castilla y León","-14.147909967845699","0"
"Riba de Saelices","Guadalajara","Castilla-La Mancha","-12.711864406779700","0"
"Cucalón","Teruel","Aragón","-24.271844660194198","0"
"Benquerencia","Cáceres","Extremadura","4.878048780487810","0"
"Alp","Girona","Cataluña-Catalunya","3.491872366044550","0"
"Castilleja de Guzmán","Sevilla","Andalucía","0.104493207941484","0"
"Los Gallardos","Almería","Andalucía","-2.943058221369160","0"
"Castildelgado","Burgos","Castilla y León","-18.604651162790702","0"
"La Serna del Monte","Madrid","Comunidad de Madrid","12.765957446808500","0"
"Matilla de Arzón","Zamora","Castilla y León","-15.508021390374299","0"
"Valdezate","Burgos","Castilla y León","-17.482517482517505","0"
"Bagà","Barcelona","Cataluña-Catalunya","-3.415730337078650","0"
"L'Esquirol","Barcelona","Cataluña-Catalunya","3.427787934186470","0"
"Sant Jaume de Frontanyà","Barcelona","Cataluña-Catalunya","20.833333333333300","0"
"Hontanar","Toledo","Castilla-La Mancha","-11.585365853658500","0"
"Tudelilla","La Rioja","La Rioja","-2.997275204359670","0"
"Cuenca de Campos","Valladolid","Castilla y León","-22.047244094488200","0"
"Torredelcampo","Jaén","Andalucía","-5.097153804050360","0"
"Fuentestrún","Soria","Castilla y León","-12.962962962962999","0"
"Faraján","Málaga","Andalucía","10.671936758893301","0"
"Fonzaleche","La Rioja","La Rioja","-19.254658385093197","0"
"Rioseco de Soria","Soria","Castilla y León","-2.985074626865670","0"
"Alicún de Ortega","Granada","Andalucía","-14.933837429111499","0"
"Confrides","Alacant-Alicante","Comunitat Valenciana","28.017241379310299","0"
"Fogars de Montclús","Barcelona","Cataluña-Catalunya","0.000000000000000","0"
"Cayuela","Burgos","Castilla y León","-1.612903225806450","0"
"Cerratón de Juarros","Burgos","Castilla y León","-12.280701754385998","0"
"Robledillo de la Vera","Cáceres","Extremadura","-15.705128205128199","0"
"Albalat dels Sorells","València-Valencia","Comunitat Valenciana","5.613411226822451","0"
"Alpuente","València-Valencia","Comunitat Valenciana","-4.028776978417270","0"
"Outeiro de Rei","Lugo","Galicia","5.429864253393670","0"
"Arraya de Oca","Burgos","Castilla y León","-6.382978723404261","0"
"Martos","Jaén","Andalucía","-0.810194609559482","0"
"Berlanga","Badajoz","Extremadura","-9.649837133550491","0"
"Picassent","València-Valencia","Comunitat Valenciana","9.037414799195799","0"
"Castrillo de Don Juan","Palencia","Castilla y León","-23.628691983122401","0"
"Horcajuelo de la Sierra","Madrid","Comunidad de Madrid","35.000000000000000","0"
"Truchas","León","Castilla y León","-14.042553191489398","0"
"Caldearenas","Huesca","Aragón","16.346153846153801","0"
"Los Cerralbos","Toledo","Castilla-La Mancha","1.690821256038650","0"
"Asparrena","Araba-Álava","País Vasco-Euskadi","-2.602905569007260","0"
"Royuela de Río Franco","Burgos","Castilla y León","-18.981481481481499","0"
"El Castellar","Teruel","Aragón","-8.333333333333330","0"
"Galve","Teruel","Aragón","-12.195121951219500","0"
"Atajate","Málaga","Andalucía","39.097744360902297","0"
"Jérez del Marquesado","Granada","Andalucía","-4.284323271665039","0"
"Haría","Las Palmas","Canarias","16.279560810810800","0"
"Villahermosa del Campo","Teruel","Aragón","-10.576923076923100","0"
"Daroca de Rioja","La Rioja","La Rioja","13.207547169811299","0"
"Cerdido","A Coruña","Galicia","-17.293835068054399","0"
"Chelva","València-Valencia","Comunitat Valenciana","12.440191387559800","0"
"Errezil","Gipuzkoa","País Vasco-Euskadi","-2.020202020202020","0"
"Rafelbunyol","València-Valencia","Comunitat Valenciana","7.262633129390440","0"
"Hinojosa de San Vicente","Toledo","Castilla-La Mancha","-10.563380281690099","0"
"Rugat","València-Valencia","Comunitat Valenciana","-7.262569832402241","0"
"Benarrabá","Málaga","Andalucía","-12.692307692307701","0"
"Dehesas Viejas","Granada","Andalucía","0.000000000000000","0"
"Sarriés/Sartze","Navarra","Comunidad Foral de Navarra","0.000000000000000","0"
"Villalán de Campos","Valladolid","Castilla y León","-34.042553191489397","0"
"Benquerencia de la Serena","Badajoz","Extremadura","-13.289036544850498","0"
"L'Ametlla del Vallès","Barcelona","Cataluña-Catalunya","12.229868405167201","0"
"Villanueva de Perales","Madrid","Comunidad de Madrid","15.640138408304498","0"
"Higuera de la Serena","Badajoz","Extremadura","-9.990009990009991","0"
"Novillas","Zaragoza","Aragón","-13.139931740614301","0"
"la Vall d'Ebo","Alacant-Alicante","Comunitat Valenciana","-9.448818897637791","0"
"Villafranca de Duero","Valladolid","Castilla y León","-23.000000000000000","0"
"Villamayor de Monjardín","Navarra","Comunidad Foral de Navarra","-10.000000000000000","0"
"Rotglà i Corberà","València-Valencia","Comunitat Valenciana","2.462620932277920","0"
"Bellcaire d'Urgell","Lleida","Cataluña-Catalunya","-5.670498084291190","0"
"Hoyos del Espino","Ávila","Castilla y León","-11.311053984575800","0"
"Calomarde","Teruel","Aragón","-17.045454545454504","0"
"Sempere","València-Valencia","Comunitat Valenciana","-29.545454545454504","0"
"Portillo de Soria","Soria","Castilla y León","-23.529411764705898","0"
"San Fulgencio","Alacant-Alicante","Comunitat Valenciana","2.230161307783910","0"
"Guadalcázar","Córdoba","Andalucía","-4.426433915211970","0"
"As Neves","Pontevedra","Galicia","-9.269594758553751","0"
"Ciempozuelos","Madrid","Comunidad de Madrid","8.959939340326050","0"
"Villanova","Huesca","Aragón","10.691823899371100","0"
"Lasarte-Oria","Gipuzkoa","País Vasco-Euskadi","5.812410131622610","0"
"Calaf","Barcelona","Cataluña-Catalunya","2.618705035971220","0"
"Montitxelvo/Montichelvo","València-Valencia","Comunitat Valenciana","-13.354037267080699","0"
"Cedillo del Condado","Toledo","Castilla-La Mancha","15.051997810618499","0"
"Sinlabajos","Ávila","Castilla y León","7.936507936507939","0"
"Guadix","Granada","Andalucía","-1.963170705894800","0"
"Villanueva del Conde","Salamanca","Castilla y León","10.493827160493799","0"
"Salmoral","Salamanca","Castilla y León","-26.451612903225801","0"
"Pardines","Girona","Cataluña-Catalunya","9.032258064516130","0"
"Torremochuela","Guadalajara","Castilla-La Mancha","-50.000000000000000","0"
"Rágol","Almería","Andalucía","-10.271903323262800","0"
"Benassal","Castelló-Castellón","Comunitat Valenciana","-11.703958691910499","0"
"Cuevas del Campo","Granada","Andalucía","-6.565919749869720","0"
"Peñaparda","Salamanca","Castilla y León","-16.927083333333297","0"
"Frandovínez","Burgos","Castilla y León","0.000000000000000","0"
"Montizón","Jaén","Andalucía","-10.628825820812498","0"
"Briñas","La Rioja","La Rioja","-16.129032258064502","0"
"Navajún","La Rioja","La Rioja","-50.000000000000000","0"
"Valle de Santibáñez","Burgos","Castilla y León","-5.068226120857700","0"
"Arauzo de Salce","Burgos","Castilla y León","-22.580645161290299","0"
"Casbas de Huesca","Huesca","Aragón","-1.355932203389830","0"
"Ausejo de la Sierra","Soria","Castilla y León","39.743589743589702","0"
"Meneses de Campos","Palencia","Castilla y León","-21.311475409836099","0"
"Pira","Tarragona","Cataluña-Catalunya","6.041666666666670","0"
"Fuentes","Cuenca","Castilla-La Mancha","-4.140786749482400","0"
"Dílar","Granada","Andalucía","24.054794520547901","0"
"Daimús","València-Valencia","Comunitat Valenciana","9.340300457217509","0"
"Orea","Guadalajara","Castilla-La Mancha","-10.091743119266098","0"
"La Cuba","Teruel","Aragón","8.888888888888889","0"
"El Bosque","Cádiz","Andalucía","7.491541807636541","0"
"Baena","Córdoba","Andalucía","-8.284257930420150","0"
"Establés","Guadalajara","Castilla-La Mancha","-12.121212121212098","0"
"Millana","Guadalajara","Castilla-La Mancha","-5.833333333333330","0"
"El Peral","Cuenca","Castilla-La Mancha","-13.031914893617000","0"
"Torrent","València-Valencia","Comunitat Valenciana","8.372335538975310","0"
"Grañón","La Rioja","La Rioja","-17.543859649122801","0"
"Calldetenes","Barcelona","Cataluña-Catalunya","7.081103334705641","0"
"Fuentespalda","Teruel","Aragón","-3.678929765886290","0"
"Castilléjar","Granada","Andalucía","-13.382649630127800","0"
"Olivares de Duero","Valladolid","Castilla y León","-2.134146341463420","0"
"Botija","Cáceres","Extremadura","-1.595744680851060","0"
"Lucillos","Toledo","Castilla-La Mancha","-7.870370370370371","0"
"Vilablareix","Girona","Cataluña-Catalunya","38.829576907868713","0"
"Villaverde del Monte","Burgos","Castilla y León","-15.555555555555602","0"
"Paymogo","Huelva","Andalucía","-6.650246305418721","0"
"Sopeira","Huesca","Aragón","-14.953271028037401","0"
"Abella de la Conca","Lleida","Cataluña-Catalunya","-1.764705882352940","0"
"ses Salines","Illes Balears","Illes Balears","-0.118811881188119","0"
"Villanueva del Rosario","Málaga","Andalucía","-5.370265686828720","0"
"Sesué","Huesca","Aragón","8.620689655172418","0"
"Villaescusa la Sombría","Burgos","Castilla y León","-20.588235294117599","0"
"La Mata","Toledo","Castilla-La Mancha","-8.609958506224070","0"
"Cazalilla","Jaén","Andalucía","-15.172413793103400","0"
"Olmeda de Cobeta","Guadalajara","Castilla-La Mancha","-10.294117647058799","0"
"Benillup","Alacant-Alicante","Comunitat Valenciana","0.961538461538462","0"
"Villar del Pozo","Ciudad Real","Castilla-La Mancha","-39.325842696629202","0"
"Fuentes Calientes","Teruel","Aragón","-27.027027027027003","0"
"Bulbuente","Zaragoza","Aragón","1.255230125523010","0"
"Los Villares","Jaén","Andalucía","2.409029649595690","0"
"La Floresta","Lleida","Cataluña-Catalunya","-4.320987654320991","0"
"Torremontalbo","La Rioja","La Rioja","-46.666666666666707","0"
"Revilla Vallejera","Burgos","Castilla y León","41.666666666666707","0"
"Villanueva de Gumiel","Burgos","Castilla y León","2.898550724637680","0"
"Berceruelo","Valladolid","Castilla y León","-7.500000000000000","0"
"Malgrat de Mar","Barcelona","Cataluña-Catalunya","4.322093717760770","0"
"Càlig","Castelló-Castellón","Comunitat Valenciana","-3.221153846153850","0"
"Orihuela","Alacant-Alicante","Comunitat Valenciana","-1.160434923336970","0"
"Aguatón","Teruel","Aragón","-16.666666666666700","0"
"Santa Eugènia","Illes Balears","Illes Balears","11.561743341404400","0"
"Trasmiras","Ourense","Galicia","-15.659340659340701","0"
"Torás","Castelló-Castellón","Comunitat Valenciana","7.563025210084031","0"
"Magán","Toledo","Castilla-La Mancha","24.629629629629601","0"
"Manzanal del Barco","Zamora","Castilla y León","-13.605442176870699","0"
"Villaharta","Córdoba","Andalucía","-12.656467315716300","0"
"Cogeces del Monte","Valladolid","Castilla y León","-13.143631436314399","0"
"Itsasondo","Gipuzkoa","País Vasco-Euskadi","-1.501501501501500","0"
"Griñón","Madrid","Comunidad de Madrid","1.601531023368250","0"
"Bozoó","Burgos","Castilla y León","-4.716981132075469","0"
"Casarrubios del Monte","Toledo","Castilla-La Mancha","24.598431079566701","0"
"Viniegra de Arriba","La Rioja","La Rioja","-18.000000000000000","0"
"Libros","Teruel","Aragón","-21.705426356589101","0"
"Vila-sacra","Girona","Cataluña-Catalunya","15.271659324522799","0"
"Hazas de Cesto","Cantabria","Cantabria","16.929133858267701","0"
"Nigüella","Zaragoza","Aragón","-25.000000000000000","0"
"Albondón","Granada","Andalucía","-7.779171894604770","0"
"Huétor de Santillán","Granada","Andalucía","0.678496868475992","0"
"Torre de Esgueva","Valladolid","Castilla y León","-15.068493150684901","0"
"Crivillén","Teruel","Aragón","20.000000000000000","0"
"Hernán-Pérez","Cáceres","Extremadura","-14.928425357873200","0"
"Pastriz","Zaragoza","Aragón","0.458015267175573","0"
"Fontanars dels Alforins","València-Valencia","Comunitat Valenciana","-4.229607250755290","0"
"Algerri","Lleida","Cataluña-Catalunya","2.600472813238770","0"
"Pesquera","Cantabria","Cantabria","-5.405405405405411","0"
"Villarta de los Montes","Badajoz","Extremadura","-22.796934865900401","0"
"Albal","València-Valencia","Comunitat Valenciana","6.834013178537810","0"
"Venta del Moro","València-Valencia","Comunitat Valenciana","-16.857142857142897","0"
"Munitibar-Arbatzegi Gerrikaitz","Bizkaia","País Vasco-Euskadi","0.213219616204691","0"
"Arroyomolinos","Cáceres","Extremadura","-2.176541717049580","0"
"Forfoleda","Salamanca","Castilla y León","7.216494845360820","0"
"Jurisdicción de San Zadornil","Burgos","Castilla y León","28.301886792452802","0"
"L'Armentera","Girona","Cataluña-Catalunya","17.758046614872399","0"
"Atanzón","Guadalajara","Castilla-La Mancha","14.634146341463401","0"
"Sudanell","Lleida","Cataluña-Catalunya","1.490825688073390","0"
"Villamandos","León","Castilla y León","-10.191082802547800","0"
"Villar del Cobo","Teruel","Aragón","-14.210526315789499","0"
"Carataunas","Granada","Andalucía","11.961722488038301","0"
"Carrícola","València-Valencia","Comunitat Valenciana","3.030303030303030","0"
"Oliva de Mérida","Badajoz","Extremadura","-7.019498607242340","0"
"La Codoñera","Teruel","Aragón","-14.438502673796799","0"
"Todolella","Castelló-Castellón","Comunitat Valenciana","2.857142857142860","0"
"Oseja","Zaragoza","Aragón","-2.083333333333330","0"
"Herguijuela de Ciudad Rodrigo","Salamanca","Castilla y León","-16.666666666666700","0"
"Muñogalindo","Ávila","Castilla y León","-21.818181818181802","0"
"Valtablado del Río","Guadalajara","Castilla-La Mancha","-33.333333333333300","0"
"Cobeña","Madrid","Comunidad de Madrid","11.226701343736499","0"
"Torrequemada","Cáceres","Extremadura","-3.242320819112630","0"
"Valdemorales","Cáceres","Extremadura","3.365384615384610","0"
"Vilamarxant","València-Valencia","Comunitat Valenciana","17.036071273359401","0"
"Isuerre","Zaragoza","Aragón","0.000000000000000","0"
"Valdelacasa","Salamanca","Castilla y León","-20.800000000000001","0"
"Peñalén","Guadalajara","Castilla-La Mancha","-9.195402298850569","0"
"Peraleda del Zaucejo","Badajoz","Extremadura","-15.124555160142400","0"
"Montanejos","Castelló-Castellón","Comunitat Valenciana","3.430531732418530","0"
"Corbalán","Teruel","Aragón","6.603773584905659","0"
"Albaida","València-Valencia","Comunitat Valenciana","1.177250870502400","0"
"Berrueces","Valladolid","Castilla y León","-10.909090909090901","0"
"La Puebla de Castro","Huesca","Aragón","4.488778054862840","0"
"Sauquillo de Cabezas","Segovia","Castilla y León","-29.500000000000000","0"
"Navafría","Segovia","Castilla y León","-10.344827586206899","0"
"Villarmentero de Campos","Palencia","Castilla y León","11.111111111111100","0"
"Laguna de Contreras","Segovia","Castilla y León","-12.698412698412699","0"
"Aldealcorvo","Segovia","Castilla y León","0.000000000000000","0"
"Láujar de Andarax","Almería","Andalucía","-1.347213717085120","0"
"Alpanseque","Soria","Castilla y León","-25.352112676056297","0"
"Hinojosa de Jarque","Teruel","Aragón","-23.529411764705898","0"
"Belmonte de Tajo","Madrid","Comunidad de Madrid","15.650534255185402","0"
"Linyola","Lleida","Cataluña-Catalunya","2.502801643630930","0"
"Casas de Don Antonio","Cáceres","Extremadura","-0.520833333333333","0"
"Villasabariego","León","Castilla y León","-6.192468619246860","0"
"Villagarcía de la Torre","Badajoz","Extremadura","-7.924921793534930","0"
"Tosos","Zaragoza","Aragón","-21.634615384615401","0"
"Cantimpalos","Segovia","Castilla y León","-0.292397660818713","0"
"Santa María del Tiétar","Ávila","Castilla y León","-1.296296296296300","0"
"Torroja del Priorat","Tarragona","Cataluña-Catalunya","-13.125000000000000","0"
"San Martín de Montalbán","Toledo","Castilla-La Mancha","-11.922141119221401","0"
"Puerto de Santa Cruz","Cáceres","Extremadura","-25.626740947075199","0"
"Cañaveral","Cáceres","Extremadura","-11.179577464788700","0"
"Medrano","La Rioja","La Rioja","11.464968152866202","0"
"Prioro","León","Castilla y León","-8.201058201058201","0"
"Cazorla","Jaén","Andalucía","-9.536610343061959","0"
"Zarzalejo","Madrid","Comunidad de Madrid","14.339861023373301","0"
"Castellnovo","Castelló-Castellón","Comunitat Valenciana","-10.393541876892000","0"
"L'Aleixar","Tarragona","Cataluña-Catalunya","5.499438832772170","0"
"Torrubia de Soria","Soria","Castilla y León","-27.272727272727298","0"
"Tormantos","La Rioja","La Rioja","-12.857142857142902","0"
"Hueva","Guadalajara","Castilla-La Mancha","-25.333333333333300","0"
"Mancha Real","Jaén","Andalucía","0.450370893677146","0"
"Harana/Valle de Arana","Araba-Álava","País Vasco-Euskadi","-15.444015444015401","0"
"Elgorriaga","Navarra","Comunidad Foral de Navarra","-9.292035398230091","0"
"Vilar de Santos","Ourense","Galicia","-14.099783080260300","0"
"Vilaür","Girona","Cataluña-Catalunya","9.150326797385619","0"
"Mallabia","Bizkaia","País Vasco-Euskadi","-4.211395540875309","0"
"Buñol","València-Valencia","Comunitat Valenciana","-2.602948652770720","0"
"Frigiliana","Málaga","Andalucía","7.403815066278691","0"
"Baños de Rioja","La Rioja","La Rioja","-16.000000000000000","0"
"Villanázar","Zamora","Castilla y León","-14.516129032258100","0"
"Torrecilla de Alcañiz","Teruel","Aragón","6.024096385542169","0"
"Calamonte","Badajoz","Extremadura","-4.076172489770221","0"
"Codos","Zaragoza","Aragón","14.572864321608002","0"
"Lizoain-Arriasgoiti/Lizoainibar-Arriasgoiti","Navarra","Comunidad Foral de Navarra","-4.416403785488961","0"
"Casas de Don Pedro","Badajoz","Extremadura","-11.481719050673499","0"
"San Martín de la Vega del Alberche","Ávila","Castilla y León","-13.903743315508001","0"
"Babilafuente","Salamanca","Castilla y León","3.459821428571430","0"
"Bédar","Almería","Andalucía","2.636916835699799","0"
"Zugarramurdi","Navarra","Comunidad Foral de Navarra","2.666666666666670","0"
"Santa Eulalia","Teruel","Aragón","-8.460846084608461","0"
"Sineu","Illes Balears","Illes Balears","18.690573213800601","0"
"Almodóvar del Río","Córdoba","Andalucía","0.225648740127868","0"
"Villamayor de los Montes","Burgos","Castilla y León","-19.306930693069297","0"
"Cretas","Teruel","Aragón","-7.487520798668889","0"
"San Pedro de la Nave-Almendra","Zamora","Castilla y León","-17.010309278350501","0"
"Bareyo","Cantabria","Cantabria","6.349206349206350","0"
"Llera","Badajoz","Extremadura","-10.939226519337000","0"
"Valldemossa","Illes Balears","Illes Balears","0.592592592592593","0"
"Torralbilla","Zaragoza","Aragón","-24.561403508771896","0"
"Carenas","Zaragoza","Aragón","6.285714285714291","0"
"Ujados","Guadalajara","Castilla-La Mancha","-16.666666666666700","0"
"Coripe","Sevilla","Andalucía","-10.727406318883199","0"
"Alcalá de Moncayo","Zaragoza","Aragón","-17.486338797814199","0"
"Pareja","Guadalajara","Castilla-La Mancha","-4.526748971193420","0"
"Villar del Rey","Badajoz","Extremadura","-8.691873098652762","0"
"Gorafe","Granada","Andalucía","-7.951807228915660","0"
"Villalpardo","Cuenca","Castilla-La Mancha","-1.466275659824050","0"
"Bustillo de la Vega","Palencia","Castilla y León","-12.974683544303801","0"
"Bañón","Teruel","Aragón","-1.948051948051950","0"
"Poblete","Ciudad Real","Castilla-La Mancha","28.155774395702799","0"
"Santa Eulàlia de Ronçana","Barcelona","Cataluña-Catalunya","10.289569862243500","0"
"la Pobla de Vallbona","València-Valencia","Comunitat Valenciana","16.300043994720603","0"
"Fuentecantos","Soria","Castilla y León","23.636363636363598","0"
"Casar de Palomero","Cáceres","Extremadura","-20.856031128404702","0"
"Siles","Jaén","Andalucía","-9.525825571549529","0"
"Benirredrà","València-Valencia","Comunitat Valenciana","-4.148871262965220","0"
"Bellver de Cerdanya","Lleida","Cataluña-Catalunya","8.433734939759042","0"
"Golosalvo","Albacete","Castilla-La Mancha","-24.590163934426197","0"
"Jasa","Huesca","Aragón","-8.108108108108111","0"
"Instinción","Almería","Andalucía","4.535637149028080","0"
"Zarzuela","Cuenca","Castilla-La Mancha","-31.162790697674403","0"
"Almendros","Cuenca","Castilla-La Mancha","-10.294117647058799","0"
"Munilla","La Rioja","La Rioja","-7.407407407407411","0"
"Alcanó","Lleida","Cataluña-Catalunya","0.413223140495868","0"
"Villarreal de Huerva","Zaragoza","Aragón","15.352697095435701","0"
"Socovos","Albacete","Castilla-La Mancha","-9.356725146198830","0"
"Larva","Jaén","Andalucía","-9.016393442622951","0"
"Colmenar","Málaga","Andalucía","0.229489386115892","0"
"Ribera Baja/Erriberabeitia","Araba-Álava","País Vasco-Euskadi","4.786450662739321","0"
"Los Molinos","Madrid","Comunidad de Madrid","9.419295839048930","0"
"Fuente de Piedra","Málaga","Andalucía","10.681470137825398","0"
"Rus","Jaén","Andalucía","-6.549391069012180","0"
"Entrín Bajo","Badajoz","Extremadura","-5.862068965517240","0"
"Aliud","Soria","Castilla y León","10.526315789473699","0"
"Carrascosa de Abajo","Soria","Castilla y León","-37.037037037037003","0"
"Pilas","Sevilla","Andalucía","0.271157414014557","0"
"Moncada","València-Valencia","Comunitat Valenciana","0.734958458869716","0"
"Berzosilla","Palencia","Castilla y León","7.500000000000000","0"
"Guardamar de la Safor","València-Valencia","Comunitat Valenciana","24.229979466119097","0"
"Sant Bartomeu del Grau","Barcelona","Cataluña-Catalunya","8.000000000000000","0"
"Níjar","Almería","Andalucía","14.779753379676499","0"
"Adamuz","Córdoba","Andalucía","-6.957708049113230","0"
"Salinas de Oro/Jaitz","Navarra","Comunidad Foral de Navarra","-7.627118644067801","0"
"Cervera del Maestre","Castelló-Castellón","Comunitat Valenciana","1.863354037267080","0"
"Olmedillo de Roa","Burgos","Castilla y León","-8.823529411764710","0"
"Miravet","Tarragona","Cataluña-Catalunya","-10.852713178294602","0"
"Santa Marta de Tormes","Salamanca","Castilla y León","-2.185064286190130","0"
"Badajoz","Badajoz","Extremadura","-0.217251207504800","0"
"Cortes de Pallás","València-Valencia","Comunitat Valenciana","-25.592885375494102","0"
"la Vila Joiosa/Villajoyosa","Alacant-Alicante","Comunitat Valenciana","6.309092515684370","0"
"Zafra","Badajoz","Extremadura","-0.927026384597100","0"
"Casabermeja","Málaga","Andalucía","11.778158947970301","0"
"Ademuz","València-Valencia","Comunitat Valenciana","-14.843087362171300","0"
"Basconcillos del Tozo","Burgos","Castilla y León","-1.650165016501650","0"
"Lora de Estepa","Sevilla","Andalucía","1.369863013698630","0"
"Modúbar de la Emparedada","Burgos","Castilla y León","33.276157804459700","0"
"La Sénia","Tarragona","Cataluña-Catalunya","-4.581707110130660","0"
"Fuenteliante","Salamanca","Castilla y León","-23.931623931623900","0"
"Alloza","Teruel","Aragón","-15.360501567398099","0"
"Conquista","Córdoba","Andalucía","-17.187500000000000","0"
"Almoradí","Alacant-Alicante","Comunitat Valenciana","9.413765506202481","0"
"Yécora/Iekora","Araba-Álava","País Vasco-Euskadi","-3.488372093023260","0"
"Torre de Arcas","Teruel","Aragón","-1.204819277108430","0"
"Vimbodí i Poblet","Tarragona","Cataluña-Catalunya","-6.639004149377589","0"
"La Granja d'Escarp","Lleida","Cataluña-Catalunya","-4.629629629629630","0"
"Renera","Guadalajara","Castilla-La Mancha","-19.047619047619001","0"
"Valmadrid","Zaragoza","Aragón","-10.638297872340399","0"
"Huétor Tájar","Granada","Andalucía","5.935483870967739","0"
"Valdeavellano","Guadalajara","Castilla-La Mancha","9.090909090909092","0"
"Melgar de Abajo","Valladolid","Castilla y León","-5.833333333333330","0"
"Yunquera","Málaga","Andalucía","-7.321076822061721","0"
"Benetússer","València-Valencia","Comunitat Valenciana","9.291761304976252","0"
"La Iglesuela del Cid","Teruel","Aragón","-17.316017316017298","0"
"Trebujena","Cádiz","Andalucía","-1.269393511988720","0"
"Alhama de Almería","Almería","Andalucía","1.705302424726890","0"
"El Oso","Ávila","Castilla y León","-27.272727272727298","0"
"Ahigal","Cáceres","Extremadura","-6.396148555708390","0"
"Fontcoberta","Girona","Cataluña-Catalunya","-0.208044382801664","0"
"Pelayos del Arroyo","Segovia","Castilla y León","-32.835820895522396","0"
"Ciutadilla","Lleida","Cataluña-Catalunya","-10.047846889952201","0"
"Dolores","Alacant-Alicante","Comunitat Valenciana","9.423794389940582","0"
"Acehúche","Cáceres","Extremadura","-3.256936067551270","0"
"Moneva","Zaragoza","Aragón","11.711711711711700","0"
"Cañaveral de León","Huelva","Andalucía","-8.173076923076920","0"
"Búger","Illes Balears","Illes Balears","11.456310679611700","0"
"Cigudosa","Soria","Castilla y León","-53.125000000000000","0"
"Santa Ana la Real","Huelva","Andalucía","-11.048689138576799","0"
"Celadas","Teruel","Aragón","-13.533834586466199","0"
"Tahal","Almería","Andalucía","-5.808080808080810","0"
"Riosa","Asturias","Principado de Asturias","-16.348903717826502","0"
"Llucena/Lucena del Cid","Castelló-Castellón","Comunitat Valenciana","-3.387438249823570","0"
"Alt Àneu","Lleida","Cataluña-Catalunya","7.451923076923080","0"
"Banyalbufar","Illes Balears","Illes Balears","4.339963833634720","0"
"Alaquàs","València-Valencia","Comunitat Valenciana","-0.463890001334935","0"
"Borriol","Castelló-Castellón","Comunitat Valenciana","12.593588020733300","0"
"Villarroya de la Sierra","Zaragoza","Aragón","-17.466410748560502","0"
"Cabezabellosa","Cáceres","Extremadura","-12.020460358056301","0"
"Canena","Jaén","Andalucía","-10.146390711761700","0"
"Nerva","Huelva","Andalucía","-8.400937443663240","0"
"Castrocontrigo","León","Castilla y León","-19.480519480519501","0"
"Villalcón","Palencia","Castilla y León","-26.388888888888900","0"
"Puertomingalvo","Teruel","Aragón","17.094017094017101","0"
"Cambil","Jaén","Andalucía","-7.619713386927651","0"
"Robledollano","Cáceres","Extremadura","-7.418397626112760","0"
"Sant Martí de Tous","Barcelona","Cataluña-Catalunya","7.914893617021280","0"
"Olvés","Zaragoza","Aragón","-3.773584905660381","0"
"Chía","Huesca","Aragón","5.747126436781610","0"
"Pont de Molins","Girona","Cataluña-Catalunya","5.293005671077510","0"
"Barcience","Toledo","Castilla-La Mancha","43.310344827586199","0"
"Salvaterra de Miño","Pontevedra","Galicia","6.731768127986700","0"
"La Pernía","Palencia","Castilla y León","-11.911357340720201","0"
"Estepa de San Juan","Soria","Castilla y León","85.714285714285694","0"
"Hoyos","Cáceres","Extremadura","-6.380638063806380","0"
"Navaridas","Araba-Álava","País Vasco-Euskadi","-7.943925233644860","0"
"San Pedro Palmiches","Cuenca","Castilla-La Mancha","-17.142857142857100","0"
"Andilla","València-Valencia","Comunitat Valenciana","-14.560439560439599","0"
"Villarejo del Valle","Ávila","Castilla y León","-17.005076142132001","0"
"Manganeses de la Lampreana","Zamora","Castilla y León","-7.216494845360820","0"
"Montealegre de Campos","Valladolid","Castilla y León","-22.307692307692299","0"
"Gusendos de los Oteros","León","Castilla y León","-14.093959731543601","0"
"Massanassa","València-Valencia","Comunitat Valenciana","10.897365832331399","0"
"Elburgo/Burgelu","Araba-Álava","País Vasco-Euskadi","2.243589743589740","0"
"Buberos","Soria","Castilla y León","-22.222222222222200","0"
"Grajera","Segovia","Castilla y León","-0.775193798449612","0"
"Roquetas de Mar","Almería","Andalucía","16.173294648895101","0"
"Cenes de la Vega","Granada","Andalucía","3.625834067732590","0"
"Talamanca","Barcelona","Cataluña-Catalunya","58.156028368794296","0"
"Aragüés del Puerto","Huesca","Aragón","-2.439024390243900","0"
"Rueda de la Sierra","Guadalajara","Castilla-La Mancha","-34.482758620689701","0"
"Puertas","Salamanca","Castilla y León","-19.277108433734902","0"
"Mayorga","Valladolid","Castilla y León","-15.945465323058698","0"
"Berdejo","Zaragoza","Aragón","-32.727272727272705","0"
"Santa Bàrbara","Tarragona","Cataluña-Catalunya","-1.648783041088720","0"
"Alaraz","Salamanca","Castilla y León","-14.145383104125701","0"
"Cármenes","León","Castilla y León","-15.960099750623401","0"
"Pedro-Rodríguez","Ávila","Castilla y León","-19.642857142857100","0"
"Carracedelo","León","Castilla y León","-5.482093663911851","0"
"Los Tojos","Cantabria","Cantabria","-9.952606635071090","0"
"Fuertescusa","Cuenca","Castilla-La Mancha","-9.090909090909092","0"
"la Vilavella","Castelló-Castellón","Comunitat Valenciana","-6.080048884815150","0"
"Anento","Zaragoza","Aragón","5.714285714285709","0"
"Gualchos","Granada","Andalucía","6.693467336683421","0"
"Mondariz","Pontevedra","Galicia","-6.284268241248420","0"
"Las Navas de Jadraque","Guadalajara","Castilla-La Mancha","45.833333333333300","0"
"Santa Cruz de la Palma","Santa Cruz de Tenerife","Canarias","-4.590954028670290","0"
"Villaverde de Rioja","La Rioja","La Rioja","11.764705882352899","0"
"Sant Pere de Vilamajor","Barcelona","Cataluña-Catalunya","14.453860640301299","0"
"Ojos Negros","Teruel","Aragón","-21.615201900237505","0"
"Allueva","Teruel","Aragón","80.000000000000000","0"
"Morenilla","Guadalajara","Castilla-La Mancha","15.217391304347798","0"
"Luciana","Ciudad Real","Castilla-La Mancha","-8.845208845208850","0"
"La Alberca de Záncara","Cuenca","Castilla-La Mancha","-12.210288298473701","0"
"Huévar del Aljarafe","Sevilla","Andalucía","19.774217042971600","0"
"Los Llanos de Tormes","Ávila","Castilla y León","-26.966292134831502","0"
"Puente Viesgo","Cantabria","Cantabria","1.157488600491060","0"
"el Fondó de les Neus/Hondón de las Nieves","Alacant-Alicante","Comunitat Valenciana","2.507598784194530","0"
"Jacarilla","Alacant-Alicante","Comunitat Valenciana","8.269131997945559","0"
"Moradillo de Roa","Burgos","Castilla y León","-13.989637305699500","0"
"La Huerce","Guadalajara","Castilla-La Mancha","27.272727272727298","0"
"Moya","Las Palmas","Canarias","0.254161901131020","0"
"Sant Jaume dels Domenys","Tarragona","Cataluña-Catalunya","11.712795828319301","0"
"Alconada","Salamanca","Castilla y León","-13.043478260869602","0"
"Los Santos","Salamanca","Castilla y León","-7.931570762052880","0"
"Parada de Arriba","Salamanca","Castilla y León","-2.264150943396230","0"
"Agüero","Huesca","Aragón","-4.666666666666670","0"
"Valdemoro-Sierra","Cuenca","Castilla-La Mancha","-10.569105691056901","0"
"Puerto de Béjar","Salamanca","Castilla y León","-8.396946564885500","0"
"Villafeliche","Zaragoza","Aragón","-27.000000000000000","0"
"Vilabella","Tarragona","Cataluña-Catalunya","-10.186335403726700","0"
"Henche","Guadalajara","Castilla-La Mancha","-19.811320754716998","0"
"Villanuño de Valdavia","Palencia","Castilla y León","-6.122448979591840","0"
"Casas de Garcimolina","Cuenca","Castilla-La Mancha","13.333333333333300","0"
"Martinamor","Salamanca","Castilla y León","-21.000000000000000","0"
"Condemios de Abajo","Guadalajara","Castilla-La Mancha","-45.454545454545503","0"
"Torrecillas de la Tiesa","Cáceres","Extremadura","-8.774978279756731","0"
"Torres de la Alameda","Madrid","Comunidad de Madrid","-2.544401058067770","0"
"Laredo","Cantabria","Cantabria","-8.059322033898312","0"
"Vallés","València-Valencia","Comunitat Valenciana","-1.948051948051950","0"
"Muelas de los Caballeros","Zamora","Castilla y León","8.602150537634410","0"
"Viladrau","Girona","Cataluña-Catalunya","9.257473481195760","0"
"Villagalijo","Burgos","Castilla y León","-16.417910447761198","0"
"Las Hormazas","Burgos","Castilla y León","-7.476635514018691","0"
"Guadahortuna","Granada","Andalucía","-8.467741935483872","0"
"Eslava","Navarra","Comunidad Foral de Navarra","-18.897637795275603","0"
"Cocentaina","Alacant-Alicante","Comunitat Valenciana","-1.823074919697890","0"
"Brañosera","Palencia","Castilla y León","15.454545454545499","0"
"Biel","Zaragoza","Aragón","6.369426751592360","0"
"Matadeón de los Oteros","León","Castilla y León","-14.176245210728000","0"
"Almudévar","Huesca","Aragón","-3.175863437872170","0"
"Riego de la Vega","León","Castilla y León","-16.801853997682503","0"
"Cabañes de Esgueva","Burgos","Castilla y León","-13.186813186813200","0"
"Pedroso de Acim","Cáceres","Extremadura","-18.918918918918902","0"
"Guadalix de la Sierra","Madrid","Comunidad de Madrid","12.497936272081901","0"
"Valdecañas de Tajo","Cáceres","Extremadura","-21.582733812949602","0"
"Lobeira","Ourense","Galicia","-8.243727598566311","0"
"Mont-roig del Camp","Tarragona","Cataluña-Catalunya","11.886730325979601","0"
"Navalcán","Toledo","Castilla-La Mancha","-13.642691415313200","0"
"el Verger","Alacant-Alicante","Comunitat Valenciana","8.809726962457338","0"
"Castilforte","Guadalajara","Castilla-La Mancha","1.754385964912280","0"
"Valle de Matamoros","Badajoz","Extremadura","-14.987714987715000","0"
"Colomera","Granada","Andalucía","-9.853249475890989","0"
"Grazalema","Cádiz","Andalucía","-7.528868360277141","0"
"Lanestosa","Bizkaia","País Vasco-Euskadi","-7.518796992481200","0"
"Huérguina","Cuenca","Castilla-La Mancha","23.076923076923098","0"
"Ahigal de Villarino","Salamanca","Castilla y León","-16.216216216216196","0"
"Tarroja de Segarra","Lleida","Cataluña-Catalunya","4.046242774566480","0"
"Endrinal","Salamanca","Castilla y León","-14.705882352941201","0"
"Arija","Burgos","Castilla y León","-28.104575163398703","0"
"Abejar","Soria","Castilla y León","8.670520231213871","0"
"Cullera","València-Valencia","Comunitat Valenciana","5.752192689550780","0"
"Peracense","Teruel","Aragón","8.695652173913041","0"
"Cabanes","Girona","Cataluña-Catalunya","2.171552660152011","0"
"Alella","Barcelona","Cataluña-Catalunya","5.056470832038130","0"
"Pueblonuevo del Guadiana","Badajoz","Extremadura","-5.009727626459139","0"
"Valdemaluque","Soria","Castilla y León","-25.789473684210503","0"
"Almadén de la Plata","Sevilla","Andalucía","-11.909514304723901","0"
"Sanet y Negrals","Alacant-Alicante","Comunitat Valenciana","10.000000000000000","0"
"Muniesa","Teruel","Aragón","-10.501567398119100","0"
"Bellmunt d'Urgell","Lleida","Cataluña-Catalunya","-8.333333333333330","0"
"Zaratamo","Bizkaia","País Vasco-Euskadi","-2.542372881355930","0"
"Fuenterrebollo","Segovia","Castilla y León","-11.977715877437301","0"
"Doñinos de Ledesma","Salamanca","Castilla y León","-8.219178082191778","0"
"Torreblacos","Soria","Castilla y León","-7.142857142857141","0"
"Aldea del Cano","Cáceres","Extremadura","-11.273792093704202","0"
"Villaturiel","León","Castilla y León","-3.628002043944810","0"
"Cubillo del Campo","Burgos","Castilla y León","4.040404040404041","0"
"Cinco Olivas","Zaragoza","Aragón","-3.703703703703700","0"
"Jimena de la Frontera","Cádiz","Andalucía","-31.256436663233799","0"
"San Pedro de Ceque","Zamora","Castilla y León","-18.750000000000000","0"
"Colldejou","Tarragona","Cataluña-Catalunya","-6.395348837209299","0"
"Espinosa de Henares","Guadalajara","Castilla-La Mancha","-12.417437252311800","0"
"Karrantza Harana/Valle de Carranza","Bizkaia","País Vasco-Euskadi","-2.899069434502500","0"
"Legorreta","Gipuzkoa","País Vasco-Euskadi","-0.272479564032698","0"
"Catral","Alacant-Alicante","Comunitat Valenciana","7.064527300011540","0"
"Puerto Castilla","Ávila","Castilla y León","-10.714285714285701","0"
"Sant Hipòlit de Voltregà","Barcelona","Cataluña-Catalunya","7.690075449796870","0"
"Becerril de la Sierra","Madrid","Comunidad de Madrid","17.305176602504197","0"
"Galve de Sorbe","Guadalajara","Castilla-La Mancha","-15.044247787610599","0"
"Collsuspina","Barcelona","Cataluña-Catalunya","14.497041420118300","0"
"Torroella de Montgrí","Girona","Cataluña-Catalunya","8.566909761883840","0"
"Fasnia","Santa Cruz de Tenerife","Canarias","4.848910751932541","0"
"Sobremunt","Barcelona","Cataluña-Catalunya","3.614457831325300","0"
"Pajarón","Cuenca","Castilla-La Mancha","-13.333333333333300","0"
"Calanda","Teruel","Aragón","-4.107142857142859","0"
"Sedella","Málaga","Andalucía","-8.395802098950529","0"
"Caleruela","Toledo","Castilla-La Mancha","-14.042553191489398","0"
"Els Garidells","Tarragona","Cataluña-Catalunya","8.791208791208792","0"
"La Toba","Guadalajara","Castilla-La Mancha","-25.252525252525299","0"
"Salem","València-Valencia","Comunitat Valenciana","-8.447488584474890","0"
"Longares","Zaragoza","Aragón","-5.122494432071270","0"
"Ponga","Asturias","Principado de Asturias","-12.669683257918601","0"
"Bolaños de Calatrava","Ciudad Real","Castilla-La Mancha","-1.186650185414090","0"
"Esquivias","Toledo","Castilla-La Mancha","6.369661266568480","0"
"Sant Joan de Vilatorrada","Barcelona","Cataluña-Catalunya","2.105655455138360","0"
"Larraul","Gipuzkoa","País Vasco-Euskadi","-1.153846153846150","0"
"Cipérez","Salamanca","Castilla y León","-17.687074829931998","0"
"Asturianos","Zamora","Castilla y León","-0.754716981132076","0"
"Sant Joan de les Abadesses","Girona","Cataluña-Catalunya","-3.369469674772930","0"
"Araitz","Navarra","Comunidad Foral de Navarra","-1.500938086303940","0"
"Cozuelos de Fuentidueña","Segovia","Castilla y León","-16.176470588235297","0"
"Manzanillo","Valladolid","Castilla y León","-14.516129032258100","0"
"Valle de Villaverde","Cantabria","Cantabria","-22.324159021406700","0"
"Sant Martí de Llémena","Girona","Cataluña-Catalunya","13.258785942491999","0"
"Villalbarba","Valladolid","Castilla y León","-19.696969696969699","0"
"Mutiloa","Gipuzkoa","País Vasco-Euskadi","0.000000000000000","0"
"Jerez de la Frontera","Cádiz","Andalucía","0.473551779706539","0"
"Zamarra","Salamanca","Castilla y León","-31.818181818181802","0"
"Gajanejos","Guadalajara","Castilla-La Mancha","17.307692307692299","0"
"Aranzueque","Guadalajara","Castilla-La Mancha","-12.614678899082598","0"
"Tulebras","Navarra","Comunidad Foral de Navarra","18.399999999999999","0"
"Coín","Málaga","Andalucía","16.099846889064196","0"
"Villares de la Reina","Salamanca","Castilla y León","6.632073941949080","0"
"Vallecillo","León","Castilla y León","-19.230769230769198","0"
"El Pinar","Granada","Andalucía","-13.386613386613400","0"
"Villarrabé","Palencia","Castilla y León","-19.026548672566403","0"
"Bérchules","Granada","Andalucía","-9.448818897637791","0"
"Andújar","Jaén","Andalucía","-7.162312900464350","0"
"Bujalance","Córdoba","Andalucía","-7.205578512396699","0"
"Villarrín de Campos","Zamora","Castilla y León","-14.806866952789701","0"
"Peralveche","Guadalajara","Castilla-La Mancha","13.698630136986301","0"
"Olea de Boedo","Palencia","Castilla y León","-2.702702702702700","0"
"Blascomillán","Ávila","Castilla y León","-14.646464646464599","0"
"La Rambla","Córdoba","Andalucía","-0.980522061746389","0"
"Manquillos","Palencia","Castilla y León","-27.777777777777800","0"
"Villa del Rey","Cáceres","Extremadura","-15.328467153284700","0"
"Santpedor","Barcelona","Cataluña-Catalunya","4.184723726977250","0"
"Villaveza del Agua","Zamora","Castilla y León","-20.370370370370402","0"
"Fontihoyuelo","Valladolid","Castilla y León","24.137931034482797","0"
"Amavida","Ávila","Castilla y León","-12.337662337662302","0"
"El Pobo","Teruel","Aragón","-31.081081081081098","0"
"Alconaba","Soria","Castilla y León","0.000000000000000","0"
"Noalejo","Jaén","Andalucía","-8.791208791208792","0"
"Benicull de Xúquer","València-Valencia","Comunitat Valenciana","13.855421686746999","0"
"Cútar","Málaga","Andalucía","-6.771653543307090","0"
"Fresno de la Vega","León","Castilla y León","-23.684210526315798","0"
"Villanueva de San Carlos","Ciudad Real","Castilla-La Mancha","-14.506172839506201","0"
"Padrones de Bureba","Burgos","Castilla y León","35.294117647058805","0"
"A Rúa","Ourense","Galicia","-10.638757013379401","0"
"Murieta","Navarra","Comunidad Foral de Navarra","0.000000000000000","0"
"Aliaga","Teruel","Aragón","-4.189944134078210","0"
"Carrascosa de Haro","Cuenca","Castilla-La Mancha","-23.199999999999999","0"
"Cáñar","Granada","Andalucía","-2.696078431372550","0"
"Beniardà","Alacant-Alicante","Comunitat Valenciana","21.153846153846199","0"
"Sant Julià del Llor i Bonmatí","Girona","Cataluña-Catalunya","7.515822784810131","0"
"Chimillas","Huesca","Aragón","6.166219839142090","0"
"Valfermoso de Tajuña","Guadalajara","Castilla-La Mancha","51.785714285714299","0"
"Alforque","Zaragoza","Aragón","-7.142857142857141","0"
"Alcocer","Guadalajara","Castilla-La Mancha","0.598802395209581","0"
"Caracuel de Calatrava","Ciudad Real","Castilla-La Mancha","-18.934911242603597","0"
"El Cubo de Don Sancho","Salamanca","Castilla y León","-15.021459227467799","0"
"Pobladura de Pelayo García","León","Castilla y León","-11.720698254364100","0"
"Miño de San Esteban","Soria","Castilla y León","-26.415094339622598","0"
"Bornos","Cádiz","Andalucía","-5.771628022936921","0"
"Los Montesinos","Alacant-Alicante","Comunitat Valenciana","10.289971808296400","0"
"Bélmez de la Moraleda","Jaén","Andalucía","-10.766530134581602","0"
"Higuera la Real","Badajoz","Extremadura","-8.413161182840479","0"
"Avellaneda","Ávila","Castilla y León","-25.000000000000000","0"
"Palomas","Badajoz","Extremadura","-5.873925501432669","0"
"Bellvís","Lleida","Cataluña-Catalunya","-3.373185311699400","0"
"Segorbe","Castelló-Castellón","Comunitat Valenciana","2.079497454781760","0"
"Villanueva de Argaño","Burgos","Castilla y León","14.150943396226399","0"
"Baños de Molgas","Ourense","Galicia","-8.358208955223880","0"
"San Cebrián de Mudá","Palencia","Castilla y León","-9.316770186335400","0"
"Viñuelas","Guadalajara","Castilla-La Mancha","21.568627450980401","0"
"San Fernando","Cádiz","Andalucía","-2.499610733378320","0"
"Huércal de Almería","Almería","Andalucía","11.066434615615400","0"
"San Miguel de Serrezuela","Ávila","Castilla y León","-26.950354609929096","0"
"Barcial de la Loma","Valladolid","Castilla y León","-11.607142857142902","0"
"Olmos de Esgueva","Valladolid","Castilla y León","-16.086956521739101","0"
"Gabaldón","Cuenca","Castilla-La Mancha","-19.587628865979401","0"
"Prádanos de Bureba","Burgos","Castilla y León","-3.278688524590160","0"
"Castellar","Jaén","Andalucía","-8.559077809798270","0"
"Legutio","Araba-Álava","País Vasco-Euskadi","20.258367586611897","0"
"Sant Andreu Salou","Girona","Cataluña-Catalunya","10.322580645161301","0"
"Balboa","León","Castilla y León","-22.551928783382799","0"
"Albillos","Burgos","Castilla y León","-0.896860986547085","0"
"Villar de Argañán","Salamanca","Castilla y León","3.157894736842100","0"
"Cisneros","Palencia","Castilla y León","-14.968814968815000","0"
"Borox","Toledo","Castilla-La Mancha","15.529345689413098","0"
"Bañuelos de Bureba","Burgos","Castilla y León","9.677419354838712","0"
"Alquife","Granada","Andalucía","-17.118402282453602","0"
"Vega del Codorno","Cuenca","Castilla-La Mancha","-4.697986577181209","0"
"Cidamón","La Rioja","La Rioja","-24.137931034482797","0"
"Zarza-Capilla","Badajoz","Extremadura","-18.181818181818201","0"
"Fombuena","Zaragoza","Aragón","5.555555555555561","0"
"Benalmádena","Málaga","Andalucía","13.238919015820400","0"
"Benatae","Jaén","Andalucía","-12.248995983935700","0"
"Aldealengua","Salamanca","Castilla y León","-1.474926253687320","0"
"Azara","Huesca","Aragón","-11.917098445595901","0"
"Monachil","Granada","Andalucía","12.854825628548301","0"
"Parauta","Málaga","Andalucía","11.553784860557798","0"
"Biota","Zaragoza","Aragón","-16.340508806262196","0"
"Oronz/Orontze","Navarra","Comunidad Foral de Navarra","2.173913043478260","0"
"Belbimbre","Burgos","Castilla y León","-27.272727272727298","0"
"Mugardos","A Coruña","Galicia","-3.489016060550120","0"
"Fuenterroble de Salvatierra","Salamanca","Castilla y León","-1.171875000000000","0"
"Armuña","Segovia","Castilla y León","0.000000000000000","0"
"Ullà","Girona","Cataluña-Catalunya","13.295346628680001","0"
"Tórtoles","Ávila","Castilla y León","-43.076923076923102","0"
"Valenzuela","Córdoba","Andalucía","-17.129262490087200","0"
"El Masroig","Tarragona","Cataluña-Catalunya","-12.734082397003700","0"
"Castellolí","Barcelona","Cataluña-Catalunya","14.010507880910700","0"
"Cabezuela","Segovia","Castilla y León","-8.879184861717608","0"
"Cea","León","Castilla y León","-21.413721413721397","0"
"Montemayor","Córdoba","Andalucía","-3.224193951512120","0"
"Gósol","Lleida","Cataluña-Catalunya","6.481481481481480","0"
"Málaga del Fresno","Guadalajara","Castilla-La Mancha","-10.880829015544002","0"
"Ansoáin/Antsoain","Navarra","Comunidad Foral de Navarra","-2.329435595249060","0"
"Riós","Ourense","Galicia","-16.033254156769601","0"
"Sotosalbos","Segovia","Castilla y León","2.272727272727270","0"
"Romanillos de Atienza","Guadalajara","Castilla-La Mancha","-41.509433962264204","0"
"Capillas","Palencia","Castilla y León","-15.476190476190499","0"
"Aldover","Tarragona","Cataluña-Catalunya","-7.765957446808510","0"
"Villadepera","Zamora","Castilla y León","-26.229508196721298","0"
"Villanueva de Gormaz","Soria","Castilla y León","-11.111111111111100","0"
"Vega de Infanzones","León","Castilla y León","-7.625272331154680","0"
"Jete","Granada","Andalucía","6.996770721205600","0"
"Biurrun-Olcoz","Navarra","Comunidad Foral de Navarra","10.313901345291500","0"
"Ucar","Navarra","Comunidad Foral de Navarra","-0.523560209424084","0"
"Zabalza/Zabaltza","Navarra","Comunidad Foral de Navarra","-2.033898305084750","0"
"Riudecanyes","Tarragona","Cataluña-Catalunya","18.126094570928203","0"
"Cabañas de la Sagra","Toledo","Castilla-La Mancha","15.452054794520500","0"
"Preixana","Lleida","Cataluña-Catalunya","-0.493827160493827","0"
"Mirambel","Teruel","Aragón","-10.256410256410300","0"
"Casarrubuelos","Madrid","Comunidad de Madrid","17.398843930635802","0"
"Arcicóllar","Toledo","Castilla-La Mancha","34.711779448621598","0"
"Nuñomoral","Cáceres","Extremadura","-12.060301507537700","0"
"Arcos de la Frontera","Cádiz","Andalucía","-0.950400000000000","0"
"Cómpeta","Málaga","Andalucía","12.026597282451601","0"
"Argente","Teruel","Aragón","-11.059907834101400","0"
"Alcover","Tarragona","Cataluña-Catalunya","2.864938608458390","0"
"San Millán/Donemiliaga","Araba-Álava","País Vasco-Euskadi","0.000000000000000","0"
"Velilla de Cinca","Huesca","Aragón","7.809110629067249","0"
"Miengo","Cantabria","Cantabria","12.386511024643301","0"
"Boltaña","Huesca","Aragón","6.051873198847260","0"
"Ultramort","Girona","Cataluña-Catalunya","9.803921568627450","0"
"Covarrubias","Burgos","Castilla y León","-11.980033277870200","0"
"Murillo de Gállego","Zaragoza","Aragón","10.928961748633901","0"
"Santa María del Camí","Illes Balears","Illes Balears","14.580488544985602","0"
"Chera","València-Valencia","Comunitat Valenciana","-9.888059701492539","0"
"Nava de Francia","Salamanca","Castilla y León","-8.955223880597011","0"
"Tobía","La Rioja","La Rioja","-28.125000000000000","0"
"Guadalaviar","Teruel","Aragón","-2.419354838709680","0"
"Navacerrada","Madrid","Comunidad de Madrid","14.675052410901500","0"
"Villar de Rena","Badajoz","Extremadura","-7.042253521126760","0"
"Abadía","Cáceres","Extremadura","4.320987654320991","0"
"Ayegui/Aiegi","Navarra","Comunidad Foral de Navarra","15.518028297581001","0"
"Muriel Viejo","Soria","Castilla y León","-5.063291139240510","0"
"Castillejo-Sierra","Cuenca","Castilla-La Mancha","9.375000000000000","0"
"Cristóbal","Salamanca","Castilla y León","-2.352941176470590","0"
"Navares de Ayuso","Segovia","Castilla y León","-23.333333333333300","0"
"Lobón","Badajoz","Extremadura","-3.345070422535211","0"
"Benimassot","Alacant-Alicante","Comunitat Valenciana","-7.079646017699120","0"
"Librilla","Murcia","Región de Murcia","16.918367346938798","0"
"Aspa","Lleida","Cataluña-Catalunya","0.930232558139535","0"
"Villaescusa","Zamora","Castilla y León","-14.801444043321300","0"
"Villanueva de los Caballeros","Valladolid","Castilla y León","-16.836734693877499","0"
"El Garrobo","Sevilla","Andalucía","6.589147286821710","0"
"Badules","Zaragoza","Aragón","-22.680412371134000","0"
"Chimeneas","Granada","Andalucía","-10.742609949531399","0"
"Liérganes","Cantabria","Cantabria","1.139240506329110","0"
"Salteras","Sevilla","Andalucía","2.907827359180690","0"
"Albalá","Cáceres","Extremadura","-9.128630705394190","0"
"Cornudella de Montsant","Tarragona","Cataluña-Catalunya","4.088050314465410","0"
"Escorihuela","Teruel","Aragón","-11.875000000000000","0"
"Santiuste de Pedraza","Segovia","Castilla y León","-27.586206896551705","0"
"Torredonjimeno","Jaén","Andalucía","-5.236534625249361","0"
"Yélamos de Arriba","Guadalajara","Castilla-La Mancha","-16.000000000000000","0"
"Cardeñuela Riopico","Burgos","Castilla y León","-20.437956204379599","0"
"Embid","Guadalajara","Castilla-La Mancha","-31.818181818181802","0"
"Rubielos de la Cérida","Teruel","Aragón","-26.829268292682901","0"
"Mediana de Voltoya","Ávila","Castilla y León","17.000000000000000","0"
"Cañada","Alacant-Alicante","Comunitat Valenciana","-2.576489533011270","0"
"La Parra de las Vegas","Cuenca","Castilla-La Mancha","-15.000000000000000","0"
"Bordils","Girona","Cataluña-Catalunya","6.153846153846151","0"
"Cobos de Fuentidueña","Segovia","Castilla y León","-7.692307692307691","0"
"Rincón de la Victoria","Málaga","Andalucía","20.174287856071999","0"
"Odón","Teruel","Aragón","-12.658227848101301","0"
"Eslida","Castelló-Castellón","Comunitat Valenciana","-13.568985176738900","0"
"Santibáñez el Bajo","Cáceres","Extremadura","-5.812417437252310","0"
"Huércanos","La Rioja","La Rioja","0.116686114352392","0"
"Artés","Barcelona","Cataluña-Catalunya","5.882352941176469","0"
"Pontils","Tarragona","Cataluña-Catalunya","4.065040650406510","0"
"l'Olleria","València-Valencia","Comunitat Valenciana","0.501253132832080","0"
"Jatiel","Teruel","Aragón","-4.166666666666670","0"
"El Valle de Altomira","Cuenca","Castilla-La Mancha","-19.066147859922200","0"
"Segura de León","Badajoz","Extremadura","-13.109161793372300","0"
"Barcones","Soria","Castilla y León","0.000000000000000","0"
"Moral de la Reina","Valladolid","Castilla y León","-28.350515463917500","0"
"Torrejón el Rubio","Cáceres","Extremadura","-18.396226415094301","0"
"Fombellida","Valladolid","Castilla y León","-6.735751295336789","0"
"Villalobos","Zamora","Castilla y León","-24.452554744525500","0"
"Alcoroches","Guadalajara","Castilla-La Mancha","-7.092198581560281","0"
"Riumors","Girona","Cataluña-Catalunya","-4.098360655737700","0"
"Higuera de Vargas","Badajoz","Extremadura","-7.199211045364891","0"
"Oña","Burgos","Castilla y León","-12.804328223624902","0"
"Alins","Lleida","Cataluña-Catalunya","-1.398601398601400","0"
"Villa del Río","Córdoba","Andalucía","-7.325612712092650","0"
"Sanaüja","Lleida","Cataluña-Catalunya","-7.565011820330970","0"
"Sant Pau de Segúries","Girona","Cataluña-Catalunya","10.089020771513400","0"
"Gradefes","León","Castilla y León","-5.315947843530590","0"
"Legaria","Navarra","Comunidad Foral de Navarra","1.886792452830190","0"
"Tribaldos","Cuenca","Castilla-La Mancha","1.041666666666670","0"
"Fuente la Reina","Castelló-Castellón","Comunitat Valenciana","9.259259259259260","0"
"Chiva","València-Valencia","Comunitat Valenciana","11.451194357575400","0"
"Encinas Reales","Córdoba","Andalucía","-5.178947368421049","0"
"Valverde de Valdelacasa","Salamanca","Castilla y León","-16.923076923076902","0"
"Abaurregaina/Abaurrea Alta","Navarra","Comunidad Foral de Navarra","-12.878787878787900","0"
"Carmonita","Badajoz","Extremadura","-7.664884135472370","0"
"Doña Mencía","Córdoba","Andalucía","-8.591691995947318","0"
"Montealegre del Castillo","Albacete","Castilla-La Mancha","-5.642923219241440","0"
"Braojos","Madrid","Comunidad de Madrid","6.532663316582920","0"
"San Lorenzo de la Parrilla","Cuenca","Castilla-La Mancha","-4.655172413793100","0"
"Dosbarrios","Toledo","Castilla-La Mancha","-3.431798436142480","0"
"Castejón","Cuenca","Castilla-La Mancha","-25.949367088607602","0"
"Quiruelas de Vidriales","Zamora","Castilla y León","-13.598901098901100","0"
"Alcublas","València-Valencia","Comunitat Valenciana","-15.333333333333300","0"
"Bobadilla","La Rioja","La Rioja","-21.774193548387103","0"
"Sant Boi de Lluçanès","Barcelona","Cataluña-Catalunya","2.877697841726620","0"
"Fuenteguinaldo","Salamanca","Castilla y León","-7.282913165266110","0"
"Llano de Olmedo","Valladolid","Castilla y León","-33.823529411764710","0"
"Monteagudo del Castillo","Teruel","Aragón","-21.818181818181802","0"
"Agulo","Santa Cruz de Tenerife","Canarias","2.486187845303870","0"
"Kortezubi","Bizkaia","País Vasco-Euskadi","-4.555314533622560","0"
"Arrankudiaga-Zollo","Bizkaia","País Vasco-Euskadi","1.745379876796710","0"
"Sant Aniol de Finestres","Girona","Cataluña-Catalunya","3.703703703703700","0"
"Sevilleja de la Jara","Toledo","Castilla-La Mancha","-15.616797900262499","0"
"Montalbán","Teruel","Aragón","-11.610486891385801","0"
"Villanueva de la Reina","Jaén","Andalucía","-9.468540012217471","0"
"Santiurde de Toranzo","Cantabria","Cantabria","9.550917141049972","0"
"Portell de Morella","Castelló-Castellón","Comunitat Valenciana","-25.225225225225202","0"
"Porreres","Illes Balears","Illes Balears","6.928664555783200","0"
"Vecinos","Salamanca","Castilla y León","-19.572953736654799","0"
"Villaviciosa de Córdoba","Córdoba","Andalucía","-11.299597469810200","0"
"Llocnou de Sant Jeroni","València-Valencia","Comunitat Valenciana","3.846153846153850","0"
"Sant Gregori","Girona","Cataluña-Catalunya","21.275981524249399","0"
"El Viso del Alcor","Sevilla","Andalucía","0.763638265599665","0"
"Mirabel","Cáceres","Extremadura","-6.069364161849710","0"
"Benalúa","Granada","Andalucía","0.849514563106796","0"
"Meaño","Pontevedra","Galicia","-3.131908621960210","0"
"Ayala/Aiara","Araba-Álava","País Vasco-Euskadi","-0.375554796858996","0"
"Alcalalí","Alacant-Alicante","Comunitat Valenciana","3.481481481481480","0"
"Torrelara","Burgos","Castilla y León","-5.882352941176469","0"
"Sant Joanet","València-Valencia","Comunitat Valenciana","11.934156378600800","0"
"Sepulcro-Hilario","Salamanca","Castilla y León","-8.379888268156419","0"
"Carcabuey","Córdoba","Andalucía","-11.930091185410300","0"
"Cuevas de Provanco","Segovia","Castilla y León","-10.563380281690099","0"
"Fortaleny","València-Valencia","Comunitat Valenciana","-2.901353965183750","0"
"Contamina","Zaragoza","Aragón","-2.564102564102560","0"
"Villarcayo de Merindad de Castilla la Vieja","Burgos","Castilla y León","-12.728062554300601","0"
"Reinoso","Burgos","Castilla y León","45.454545454545503","0"
"El Pego","Zamora","Castilla y León","-12.149532710280399","0"
"Almendralejo","Badajoz","Extremadura","-3.044496487119440","0"
"Gata de Gorgos","Alacant-Alicante","Comunitat Valenciana","8.855472013366750","0"
"Santa Cruz del Valle Urbión","Burgos","Castilla y León","1.000000000000000","0"
"San Sebastián de los Ballesteros","Córdoba","Andalucía","-0.477897252090800","0"
"Úbeda","Jaén","Andalucía","-3.886061915456120","0"
"Mazarambroz","Toledo","Castilla-La Mancha","-1.794071762870510","0"
"Nombrevilla","Zaragoza","Aragón","0.000000000000000","0"
"Alcolea de Cinca","Huesca","Aragón","-3.873239436619720","0"
"el Genovés","València-Valencia","Comunitat Valenciana","-1.906779661016950","0"
"l'Alqueria de la Comtessa","València-Valencia","Comunitat Valenciana","0.131492439184747","0"
"Escúzar","Granada","Andalucía","7.820512820512820","0"
"La Roca de la Sierra","Badajoz","Extremadura","-5.151915455746371","0"
"Pacs del Penedès","Barcelona","Cataluña-Catalunya","1.905829596412560","0"
"Castrodeza","Valladolid","Castilla y León","-18.888888888888900","0"
"Los Marines","Huelva","Andalucía","48.571428571428591","0"
"Almuñécar","Granada","Andalucía","0.404486118771833","0"
"Arzúa","A Coruña","Galicia","-5.749880210828940","0"
"Cuevas del Almanzora","Almería","Andalucía","9.361578219407440","0"
"Manuel","València-Valencia","Comunitat Valenciana","-1.690916240660640","0"
"Costitx","Illes Balears","Illes Balears","25.950972104818298","0"
"Navares de las Cuevas","Segovia","Castilla y León","-13.043478260869602","0"
"Benifairó de les Valls","València-Valencia","Comunitat Valenciana","4.082548227904890","0"
"O Pino","A Coruña","Galicia","-2.713675213675210","0"
"Beniarbeig","Alacant-Alicante","Comunitat Valenciana","26.573426573426598","0"
"Hontecillas","Cuenca","Castilla-La Mancha","-9.836065573770490","0"
"Matalebreras","Soria","Castilla y León","-1.315789473684210","0"
"Carbajo","Cáceres","Extremadura","-19.730941704035899","0"
"Planoles","Girona","Cataluña-Catalunya","5.000000000000000","0"
"Navales","Salamanca","Castilla y León","-8.955223880597011","0"
"Vallat","Castelló-Castellón","Comunitat Valenciana","22.222222222222200","0"
"Cubillas de los Oteros","León","Castilla y León","-9.803921568627450","0"
"Génave","Jaén","Andalucía","-9.076175040518640","0"
"Alfacar","Granada","Andalucía","3.606557377049180","0"
"Benalauría","Málaga","Andalucía","-4.564315352697101","0"
"San Martín y Mudrián","Segovia","Castilla y León","-15.018315018315000","0"
"Lekeitio","Bizkaia","País Vasco-Euskadi","-2.217659137577000","0"
"Valencia de las Torres","Badajoz","Extremadura","-25.408618127785999","0"
"Villarroya","La Rioja","La Rioja","-62.500000000000000","0"
"Algadefe","León","Castilla y León","-3.333333333333330","0"
"Gordexola","Bizkaia","País Vasco-Euskadi","-1.871345029239770","0"
"Orreaga/Roncesvalles","Navarra","Comunidad Foral de Navarra","-42.424242424242394","0"
"Cuevas de Almudén","Teruel","Aragón","-17.931034482758601","0"
"Anguita","Guadalajara","Castilla-La Mancha","-23.786407766990298","0"
"Armañanzas","Navarra","Comunidad Foral de Navarra","-11.475409836065600","0"
"Montesa","València-Valencia","Comunitat Valenciana","-11.424100156494498","0"
"Monterrubio","Segovia","Castilla y León","-3.174603174603170","0"
"Pardilla","Burgos","Castilla y León","-20.895522388059700","0"
"Carrascal del Obispo","Salamanca","Castilla y León","-16.157205240174701","0"
"Aznalcázar","Sevilla","Andalucía","10.830075879512499","0"
"Oria","Almería","Andalucía","-10.501002004007999","0"
"Valle de Valdelucio","Burgos","Castilla y León","1.875000000000000","0"
"Cumbres de San Bartolomé","Huelva","Andalucía","-14.084507042253499","0"
"Vilar de Canes","Castelló-Castellón","Comunitat Valenciana","-9.142857142857139","0"
"Castronuevo de Esgueva","Valladolid","Castilla y León","0.259067357512953","0"
"Villanueva del Rebollar de la Sierra","Teruel","Aragón","-15.384615384615401","0"
"Alajeró","Santa Cruz de Tenerife","Canarias","5.220061412487209","0"
"Jun","Granada","Andalucía","10.925976509150500","0"
"Noguera de Albarracín","Teruel","Aragón","-4.379562043795620","0"
"Ballobar","Huesca","Aragón","1.501154734411080","0"
"Teo","A Coruña","Galicia","4.273036046893830","0"
"Atea","Zaragoza","Aragón","-11.612903225806498","0"
"Catarroja","València-Valencia","Comunitat Valenciana","6.688987553679310","0"
"Barberà de la Conca","Tarragona","Cataluña-Catalunya","-6.358381502890170","0"
"Elorrio","Bizkaia","País Vasco-Euskadi","0.718232044198895","0"
"San Xoán de Río","Ourense","Galicia","-18.037974683544299","0"
"Pinos Genil","Granada","Andalucía","13.361762615494001","0"
"Güevéjar","Granada","Andalucía","4.652071931196249","0"
"Leache/Leatxe","Navarra","Comunidad Foral de Navarra","-24.489795918367296","0"
"La Algaba","Sevilla","Andalucía","3.185346165787020","0"
"Soto y Amío","León","Castilla y León","-15.722543352601202","0"
"Santa Coloma de Farners","Girona","Cataluña-Catalunya","8.197762082374409","0"
"Gines","Sevilla","Andalucía","1.368523949169110","0"
"Puerto de la Cruz","Santa Cruz de Tenerife","Canarias","4.803804994054699","0"
"Salinas del Manzano","Cuenca","Castilla-La Mancha","-19.780219780219799","0"
"Benamargosa","Málaga","Andalucía","4.566823371390190","0"
"Perales del Puerto","Cáceres","Extremadura","-6.755373592630501","0"
"Vallejera de Riofrío","Salamanca","Castilla y León","-4.285714285714291","0"
"Andavías","Zamora","Castilla y León","-3.803131991051450","0"
"San Amaro","Ourense","Galicia","-11.101694915254200","0"
"Saro","Cantabria","Cantabria","2.777777777777780","0"
"Umbrías","Ávila","Castilla y León","-11.965811965812000","0"
"Arama","Gipuzkoa","País Vasco-Euskadi","-12.903225806451600","0"
"Lladó","Girona","Cataluña-Catalunya","10.691003911342902","0"
"Redecilla del Campo","Burgos","Castilla y León","-5.555555555555561","0"
"Balones","Alacant-Alicante","Comunitat Valenciana","-14.388489208633100","0"
"Solera de Gabaldón","Cuenca","Castilla-La Mancha","29.166666666666700","0"
"Mozoncillo","Segovia","Castilla y León","-7.949790794979080","0"
"Astigarraga","Gipuzkoa","País Vasco-Euskadi","38.500451671183392","0"
"Mollet del Vallès","Barcelona","Cataluña-Catalunya","0.203020166669889","0"
"Zambrana","Araba-Álava","País Vasco-Euskadi","1.199040767386090","0"
"Lanciego/Lantziego","Araba-Álava","País Vasco-Euskadi","3.964757709251100","0"
"Cabañas de Ebro","Zaragoza","Aragón","-9.141791044776120","0"
"Castrillo de la Vega","Burgos","Castilla y León","-3.918495297805640","0"
"Fuentelespino de Moya","Cuenca","Castilla-La Mancha","-13.008130081300800","0"
"Balanegra","Almería","Andalucía","0.000000000000000","0"
"Iruelos","Salamanca","Castilla y León","-33.333333333333300","0"
"Trazo","A Coruña","Galicia","-8.542865798242961","0"
"Torremocha de Jadraque","Guadalajara","Castilla-La Mancha","-28.571428571428601","0"
"Marjaliza","Toledo","Castilla-La Mancha","-13.804713804713799","0"
"Alcañizo","Toledo","Castilla-La Mancha","-6.907894736842110","0"
"Campotéjar","Granada","Andalucía","-5.087319665907371","0"
"Arconada","Palencia","Castilla y León","-2.173913043478260","0"
"San Román de Cameros","La Rioja","La Rioja","-17.105263157894697","0"
"Torla-Ordesa","Huesca","Aragón","6.484641638225261","0"
"Istán","Málaga","Andalucía","15.455840455840500","0"
"Garínoain","Navarra","Comunidad Foral de Navarra","5.656565656565660","0"
"Soriguera","Lleida","Cataluña-Catalunya","16.710875331564999","0"
"Martiago","Salamanca","Castilla y León","-0.751879699248120","0"
"Vall de Almonacid","Castelló-Castellón","Comunitat Valenciana","12.598425196850400","0"
"Aielo de Malferit","València-Valencia","Comunitat Valenciana","-1.202490873953190","0"
"Fuentenava de Jábaga","Cuenca","Castilla-La Mancha","1.047120418848170","0"
"Camponaraya","León","Castilla y León","-0.847252481239409","0"
"Alpandeire","Málaga","Andalucía","4.460966542750930","0"
"Valdepeñas de Jaén","Jaén","Andalucía","-10.581745235707098","0"
"Lechón","Zaragoza","Aragón","-13.207547169811299","0"
"Yebra de Basa","Huesca","Aragón","13.380281690140800","0"
"Benimodo","València-Valencia","Comunitat Valenciana","1.109139307897070","0"
"Larrabetzu","Bizkaia","País Vasco-Euskadi","1.631240731586750","0"
"Chóvar","Castelló-Castellón","Comunitat Valenciana","-8.554572271386432","0"
"Sant Quintí de Mediona","Barcelona","Cataluña-Catalunya","14.564493098524498","0"
"Castrillo Mota de Judíos","Burgos","Castilla y León","-12.068965517241400","0"
"Cabrils","Barcelona","Cataluña-Catalunya","8.364596359594280","0"
"Bayubas de Arriba","Soria","Castilla y León","19.230769230769198","0"
"Monleras","Salamanca","Castilla y León","-3.600000000000000","0"
"Ziordia","Navarra","Comunidad Foral de Navarra","-7.368421052631581","0"
"Argecilla","Guadalajara","Castilla-La Mancha","0.000000000000000","0"
"Pino del Río","Palencia","Castilla y León","-19.000000000000000","0"
"Cidones","Soria","Castilla y León","-7.164179104477610","0"
"El Cogul","Lleida","Cataluña-Catalunya","-18.421052631578899","0"
"Torrescárcela","Valladolid","Castilla y León","-2.380952380952380","0"
"Peralejos de Arriba","Salamanca","Castilla y León","-25.531914893617000","0"
"Puebla del Prior","Badajoz","Extremadura","-14.340344168260000","0"
"Santibáñez de Esgueva","Burgos","Castilla y León","-25.471698113207498","0"
"Laguardia","Araba-Álava","País Vasco-Euskadi","-3.030303030303030","0"
"Villanueva de Tapia","Málaga","Andalucía","-10.166240409207200","0"
"Zorraquín","La Rioja","La Rioja","-10.416666666666700","0"
"Majaelrayo","Guadalajara","Castilla-La Mancha","3.921568627450980","0"
"Lagrán","Araba-Álava","País Vasco-Euskadi","6.832298136645960","0"
"Reyero","León","Castilla y León","5.833333333333330","0"
"Horcajo de Montemayor","Salamanca","Castilla y León","-30.379746835442997","0"
"San Juan de la Encinilla","Ávila","Castilla y León","-35.000000000000000","0"
"Bisimbre","Zaragoza","Aragón","-13.402061855670098","0"
"Areatza","Bizkaia","País Vasco-Euskadi","2.972749793559040","0"
"Polanco","Cantabria","Cantabria","9.621871116634122","0"
"Navas de Riofrío","Segovia","Castilla y León","-2.132701421800950","0"
"Campillo de Llerena","Badajoz","Extremadura","-6.671348314606741","0"
"Rossell","Castelló-Castellón","Comunitat Valenciana","-14.409221902017300","0"
"Fanzara","Castelló-Castellón","Comunitat Valenciana","-8.978328173374610","0"
"Godella","València-Valencia","Comunitat Valenciana","2.201904761904760","0"
"Arenillas","Soria","Castilla y León","48.484848484848492","0"
"Higuera de Llerena","Badajoz","Extremadura","0.574712643678161","0"
"La Figuera","Tarragona","Cataluña-Catalunya","0.847457627118644","0"
"Sant Mateu","Castelló-Castellón","Comunitat Valenciana","-2.166420482520930","0"
"Iruña Oka/Iruña de Oca","Araba-Álava","País Vasco-Euskadi","15.733590733590699","0"
"Villafranca de los Caballeros","Toledo","Castilla-La Mancha","-7.853204031184640","0"
"Villanueva de las Cruces","Huelva","Andalucía","1.813471502590670","0"
"la Font d'en Carròs","València-Valencia","Comunitat Valenciana","1.633298208640670","0"
"Barcial del Barco","Zamora","Castilla y León","-11.313868613138700","0"
"Yecla de Yeltes","Salamanca","Castilla y León","-20.788530465949801","0"
"Briones","La Rioja","La Rioja","-12.128418549345998","0"
"Micieces de Ojeda","Palencia","Castilla y León","-16.470588235294102","0"
"Chilluévar","Jaén","Andalucía","-11.089367253750799","0"
"Chequilla","Guadalajara","Castilla-La Mancha","-22.222222222222200","0"
"Honrubia de la Cuesta","Segovia","Castilla y León","-17.460317460317501","0"
"Muro de Aguas","La Rioja","La Rioja","1.785714285714290","0"
"Torrevieja","Alacant-Alicante","Comunitat Valenciana","-2.324563802439430","0"
"Esplús","Huesca","Aragón","4.179566563467490","0"
"Gaintza","Gipuzkoa","País Vasco-Euskadi","3.333333333333330","0"
"Almarza","Soria","Castilla y León","1.639344262295080","0"
"A Merca","Ourense","Galicia","-5.967276227141480","0"
"Pedro Martínez","Granada","Andalucía","-1.861252115059220","0"
"Cortes de Arenoso","Castelló-Castellón","Comunitat Valenciana","-4.402515723270440","0"
"Piñel de Arriba","Valladolid","Castilla y León","-12.745098039215700","0"
"Valdelaguna","Madrid","Comunidad de Madrid","22.222222222222200","0"
"Sienes","Guadalajara","Castilla-La Mancha","-22.413793103448299","0"
"Parrillas","Toledo","Castilla-La Mancha","-5.882352941176469","0"
"Illas","Asturias","Principado de Asturias","2.019230769230770","0"
"Fuentes de Carbajal","León","Castilla y León","-24.509803921568601","0"
"Maracena","Granada","Andalucía","2.967688254056300","0"
"Labastida/Bastida","Araba-Álava","País Vasco-Euskadi","5.171255876427129","0"
"Retamoso de la Jara","Toledo","Castilla-La Mancha","-4.385964912280700","0"
"San Miguel del Arroyo","Valladolid","Castilla y León","-8.835904628331001","0"
"Arboleas","Almería","Andalucía","-5.512984248616430","0"
"Bicorp","València-Valencia","Comunitat Valenciana","3.195488721804510","0"
"Liendo","Cantabria","Cantabria","-0.640000000000000","0"
"Lopera","Jaén","Andalucía","-6.724003127443320","0"
"Mollina","Málaga","Andalucía","9.508395711106621","0"
"Pontecesures","Pontevedra","Galicia","0.129366106080207","0"
"San Juan de Gredos","Ávila","Castilla y León","-13.588850174215999","0"
"Sanchorreja","Ávila","Castilla y León","-5.882352941176469","0"
"Baltar","Ourense","Galicia","-13.248282630029401","0"
"Bembibre","León","Castilla y León","-14.899802720382100","0"
"Tabuenca","Zaragoza","Aragón","-14.634146341463401","0"
"Arandilla","Burgos","Castilla y León","-12.849162011173201","0"
"La Fresneda","Teruel","Aragón","-1.068376068376070","0"
"Sant Andreu de la Barca","Barcelona","Cataluña-Catalunya","-1.312894235000730","0"
"Santa María de Huerta","Soria","Castilla y León","-21.656050955413999","0"
"Pinarnegrillo","Segovia","Castilla y León","-15.833333333333300","0"
"Lascuarre","Huesca","Aragón","1.470588235294120","0"
"Carlet","València-Valencia","Comunitat Valenciana","5.146244544329361","0"
"Villardompardo","Jaén","Andalucía","-12.713472485768499","0"
"Baquerín de Campos","Palencia","Castilla y León","-35.897435897435898","0"
"Nebreda","Burgos","Castilla y León","-26.760563380281699","0"
"Velilla de San Antonio","Madrid","Comunidad de Madrid","8.448191989622179","0"
"Caminreal","Teruel","Aragón","-9.795321637426900","0"
"Blancafort","Tarragona","Cataluña-Catalunya","-4.842615012106540","0"
"Villahoz","Burgos","Castilla y León","-4.615384615384620","0"
"Siete Aguas","València-Valencia","Comunitat Valenciana","-7.034795763993950","0"
"El Royo","Soria","Castilla y León","-14.238410596026499","0"
"Lardero","La Rioja","La Rioja","21.652697184612101","0"
"Salvatierra de los Barros","Badajoz","Extremadura","-8.599651365485180","0"
"Coles","Ourense","Galicia","0.825396825396825","0"
"Cieza","Cantabria","Cantabria","-4.166666666666670","0"
"Cúllar","Granada","Andalucía","-11.888888888888900","0"
"Población de Campos","Palencia","Castilla y León","-6.666666666666670","0"
"Villanueva del Arzobispo","Jaén","Andalucía","-7.702152414194300","0"
"Antigua","Las Palmas","Canarias","16.147041140599502","0"
"Pampaneira","Granada","Andalucía","-4.024767801857590","0"
"Berriozar","Navarra","Comunidad Foral de Navarra","13.444155844155800","0"
"Dehesa de Montejo","Palencia","Castilla y León","-2.205882352941180","0"
"Arenzana de Arriba","La Rioja","La Rioja","3.125000000000000","0"
"Villamartín de Don Sancho","León","Castilla y León","9.459459459459461","0"
"Sobrado","León","Castilla y León","-17.486338797814199","0"
"Tobed","Zaragoza","Aragón","-12.608695652173900","0"
"Vallesa de la Guareña","Zamora","Castilla y León","-32.075471698113198","0"
"Bocos de Duero","Valladolid","Castilla y León","40.350877192982395","0"
"Los Barrios de Bureba","Burgos","Castilla y León","-8.823529411764710","0"
"Orellana la Vieja","Badajoz","Extremadura","-8.726249120337791","0"
"Casas de San Galindo","Guadalajara","Castilla-La Mancha","-13.636363636363601","0"
"Torremocha del Pinar","Guadalajara","Castilla-La Mancha","-12.500000000000000","0"
"Banyeres de Mariola","Alacant-Alicante","Comunitat Valenciana","1.129077223306380","0"
"Arraia-Maeztu","Araba-Álava","País Vasco-Euskadi","13.725490196078400","0"
"La Haba","Badajoz","Extremadura","-6.790123456790119","0"
"Láchar","Granada","Andalucía","15.184049079754599","0"
"Navarrevisca","Ávila","Castilla y León","3.050847457627120","0"
"Calaceite","Teruel","Aragón","-9.014869888475840","0"
"Villoslada de Cameros","La Rioja","La Rioja","1.457725947521870","0"
"Valdefuentes de Sangusín","Salamanca","Castilla y León","-17.982456140350898","0"
"Magacela","Badajoz","Extremadura","-12.834224598930499","0"
"Lliçà d'Amunt","Barcelona","Cataluña-Catalunya","9.499183451279260","0"
"Montarrón","Guadalajara","Castilla-La Mancha","0.000000000000000","0"
"El Tejado","Salamanca","Castilla y León","-27.199999999999999","0"
"Romanos","Zaragoza","Aragón","39.252336448598101","0"
"Valderrebollo","Guadalajara","Castilla-La Mancha","-19.444444444444404","0"
"Tiedra","Valladolid","Castilla y León","-7.817589576547230","0"
"Iglesias","Burgos","Castilla y León","6.666666666666670","0"
"Salvador de Zapardiel","Valladolid","Castilla y León","-26.388888888888900","0"
"Renieblas","Soria","Castilla y León","15.306122448979602","0"
"Arenales de San Gregorio","Ciudad Real","Castilla-La Mancha","-11.292719167904901","0"
"Senyera","València-Valencia","Comunitat Valenciana","-4.429301533219760","0"
"Burganes de Valverde","Zamora","Castilla y León","-13.464235624123400","0"
"Canales","Ávila","Castilla y León","-32.075471698113198","0"
"Cerveruela","Zaragoza","Aragón","0.000000000000000","0"
"El Carpio","Córdoba","Andalucía","-4.185119574845000","0"
"Ledigos","Palencia","Castilla y León","-5.882352941176469","0"
"Canal de Berdún","Huesca","Aragón","-10.372340425531899","0"
"Casas de Benítez","Cuenca","Castilla-La Mancha","-13.936170212766001","0"
"Carcaboso","Cáceres","Extremadura","-3.921568627450980","0"
"Nogueras","Teruel","Aragón","6.666666666666670","0"
"Villaflores","Salamanca","Castilla y León","-10.652920962199302","0"
"La Zubia","Granada","Andalucía","7.058253472596101","0"
"Antzuola","Gipuzkoa","País Vasco-Euskadi","-5.061559507523939","0"
"Massalavés","València-Valencia","Comunitat Valenciana","7.544836116264690","0"
"Mantiel","Guadalajara","Castilla-La Mancha","-35.555555555555600","0"
"Vallfogona de Riucorb","Tarragona","Cataluña-Catalunya","-6.060606060606060","0"
"La Vilella Baixa","Tarragona","Cataluña-Catalunya","-2.475247524752470","0"
"Bularros","Ávila","Castilla y León","-19.718309859154900","0"
"Porqueira","Ourense","Galicia","-9.667024704618690","0"
"Garai","Bizkaia","País Vasco-Euskadi","5.696202531645570","0"
"San Muñoz","Salamanca","Castilla y León","-24.642857142857100","0"
"Mahamud","Burgos","Castilla y León","-16.528925619834702","0"
"Pedrosa de la Vega","Palencia","Castilla y León","-18.285714285714295","0"
"Manzanal de Arriba","Zamora","Castilla y León","-9.183673469387760","0"
"Masueco","Salamanca","Castilla y León","-22.023809523809501","0"
"Puigverd d'Agramunt","Lleida","Cataluña-Catalunya","0.386100386100386","0"
"L'Albiol","Tarragona","Cataluña-Catalunya","16.812227074235803","0"
"Robregordo","Madrid","Comunidad de Madrid","51.923076923076906","0"
"Benasau","Alacant-Alicante","Comunitat Valenciana","9.493670886075952","0"
"Casas de Fernando Alonso","Cuenca","Castilla-La Mancha","-16.642120765832100","0"
"Meliana","València-Valencia","Comunitat Valenciana","2.883528081417260","0"
"Cañada Juncosa","Cuenca","Castilla-La Mancha","-21.660649819494598","0"
"Campillo de Arenas","Jaén","Andalucía","-13.606474456246799","0"
"Lluçà","Barcelona","Cataluña-Catalunya","13.618677042801602","0"
"Cueva del Hierro","Cuenca","Castilla-La Mancha","-14.705882352941201","0"
"Dehesa de Romanos","Palencia","Castilla y León","47.222222222222200","0"
"Sacañet","Castelló-Castellón","Comunitat Valenciana","10.256410256410300","0"
"Zarzosa","La Rioja","La Rioja","-23.529411764705898","0"
"Castell de Castells","Alacant-Alicante","Comunitat Valenciana","0.678733031674208","0"
"Valdestillas","Valladolid","Castilla y León","-9.127439724454650","0"
"Peraleda de San Román","Cáceres","Extremadura","-5.696202531645570","0"
"Aveinte","Ávila","Castilla y León","-11.764705882352899","0"
"Valdeolmillos","Palencia","Castilla y León","-18.840579710144898","0"
"Atalaya del Cañavate","Cuenca","Castilla-La Mancha","-6.250000000000000","0"
"Alfarnatejo","Málaga","Andalucía","-20.335429769392000","0"
"Peligros","Granada","Andalucía","4.138423118087760","0"
"Salce","Zamora","Castilla y León","-17.307692307692299","0"
"Benimuslem","València-Valencia","Comunitat Valenciana","-0.449101796407186","0"
"Peñamellera Alta","Asturias","Principado de Asturias","-6.140350877192979","0"
"Sella","Alacant-Alicante","Comunitat Valenciana","3.938356164383560","0"
"Puebla del Maestre","Badajoz","Extremadura","-16.297262059973900","0"
"Pontós","Girona","Cataluña-Catalunya","26.008968609865502","0"
"Alborge","Zaragoza","Aragón","-15.322580645161301","0"
"Castellfollit de la Roca","Girona","Cataluña-Catalunya","-7.107601184600200","0"
"Guils de Cerdanya","Girona","Cataluña-Catalunya","11.567164179104498","0"
"Nevada","Granada","Andalucía","-3.829416884247170","0"
"La Redonda","Salamanca","Castilla y León","-37.254901960784295","0"
"Burguillos de Toledo","Toledo","Castilla-La Mancha","21.485676215856099","0"
"Ciruelos de Cervera","Burgos","Castilla y León","2.884615384615389","0"
"Alcubierre","Huesca","Aragón","2.743142144638401","0"
"Alcañices","Zamora","Castilla y León","-4.813805631244320","0"
"la Serratella","Castelló-Castellón","Comunitat Valenciana","11.111111111111100","0"
"Priaranza del Bierzo","León","Castilla y León","-12.139423076923100","0"
"Montalvos","Albacete","Castilla-La Mancha","-19.090909090909101","0"
"Espinosa de los Caballeros","Ávila","Castilla y León","0.990099009900990","0"
"La Matilla","Segovia","Castilla y León","-23.958333333333300","0"
"Castilblanco de los Arroyos","Sevilla","Andalucía","1.470296046095770","0"
"Castrillo de la Reina","Burgos","Castilla y León","-19.902912621359196","0"
"Sepúlveda","Segovia","Castilla y León","-17.015926236378895","0"
"Fruiz","Bizkaia","País Vasco-Euskadi","-0.720720720720721","0"
"La Granada de Río-Tinto","Huelva","Andalucía","15.420560747663600","0"
"Gotor","Zaragoza","Aragón","-11.527377521613799","0"
"Albalatillo","Huesca","Aragón","-3.381642512077300","0"
"la Vall de Laguar","Alacant-Alicante","Comunitat Valenciana","0.114678899082569","0"
"Palacios de Goda","Ávila","Castilla y León","-4.235294117647061","0"
"Huesa","Jaén","Andalucía","-6.451612903225810","0"
"Maqueda","Toledo","Castilla-La Mancha","-0.401606425702811","0"
"Madrigalejo del Monte","Burgos","Castilla y León","6.818181818181820","0"
"Albelda","Huesca","Aragón","-7.874015748031500","0"
"Cuevas del Valle","Ávila","Castilla y León","-4.331450094161961","0"
"Loja","Granada","Andalucía","-2.630582891748670","0"
"Merindad de Cuesta-Urria","Burgos","Castilla y León","-27.513227513227502","0"
"Calamocha","Teruel","Aragón","0.805549339897069","0"
"Alcuéscar","Cáceres","Extremadura","-12.459950160199400","0"
"Zarra","València-Valencia","Comunitat Valenciana","-24.793388429752099","0"
"Salduero","Soria","Castilla y León","-14.110429447852800","0"
"Olba","Teruel","Aragón","6.083650190114070","0"
"Tamarite de Litera","Huesca","Aragón","-5.854605993340730","0"
"Les Borges del Camp","Tarragona","Cataluña-Catalunya","5.633124699085220","0"
"Chirivel","Almería","Andalucía","-8.821788040260509","0"
"Cabezón de Liébana","Cantabria","Cantabria","-10.031847133758001","0"
"Castañar de Ibor","Cáceres","Extremadura","-11.062335381914000","0"
"Cózar","Ciudad Real","Castilla-La Mancha","-17.724867724867700","0"
"Brime de Urz","Zamora","Castilla y León","-21.374045801526698","0"
"San Esteban de Nogales","León","Castilla y León","-11.228070175438601","0"
"El Valle","Granada","Andalucía","-10.772163965681601","0"
"Algar de Mesa","Guadalajara","Castilla-La Mancha","-20.689655172413797","0"
"Foradada","Lleida","Cataluña-Catalunya","-1.648351648351650","0"
"Bogarra","Albacete","Castilla-La Mancha","-22.513089005235603","0"
"Rafelguaraf","València-Valencia","Comunitat Valenciana","-3.091508656224240","0"
"San Felices de Buelna","Cantabria","Cantabria","-0.167084377610693","0"
"Barcarrota","Badajoz","Extremadura","-4.929771412833930","0"
"Zarzuela del Pinar","Segovia","Castilla y León","-15.811088295687901","0"
"Mombeltrán","Ávila","Castilla y León","-20.399305555555600","0"
"Herrería","Guadalajara","Castilla-La Mancha","0.000000000000000","0"
"Pinilla Trasmonte","Burgos","Castilla y León","-8.791208791208792","0"
"Urones de Castroponce","Valladolid","Castilla y León","-17.391304347826100","0"
"Villamena","Granada","Andalucía","-7.243650047036690","0"
"Arce/Artzi","Navarra","Comunidad Foral de Navarra","4.964539007092200","0"
"Museros","València-Valencia","Comunitat Valenciana","6.560227631994939","0"
"Quintanilla Vivar","Burgos","Castilla y León","13.240857503152601","0"
"Roses","Girona","Cataluña-Catalunya","2.755102040816330","0"
"Mont-ras","Girona","Cataluña-Catalunya","-3.910293271995400","0"
"Cenizate","Albacete","Castilla-La Mancha","-2.806122448979590","0"
"Palmera","València-Valencia","Comunitat Valenciana","4.509018036072150","0"
"El Franco","Asturias","Principado de Asturias","-3.896436811074080","0"
"Villalba de los Barros","Badajoz","Extremadura","-9.256926952141061","0"
"Villel","Teruel","Aragón","-6.321839080459769","0"
"Navalpino","Ciudad Real","Castilla-La Mancha","-14.107883817427398","0"
"Bañuelos","Guadalajara","Castilla-La Mancha","-18.750000000000000","0"
"Pradosegar","Ávila","Castilla y León","-15.000000000000000","0"
"Pinilla de los Moros","Burgos","Castilla y León","-7.894736842105260","0"
"Villamiel de Toledo","Toledo","Castilla-La Mancha","18.120805369127499","0"
"L'Albagés","Lleida","Cataluña-Catalunya","-15.035799522672999","0"
"Sant Joan","Illes Balears","Illes Balears","8.128078817733989","0"
"Malpartida de Corneja","Ávila","Castilla y León","-22.047244094488200","0"
"Villatobas","Toledo","Castilla-La Mancha","5.640828856485040","0"
"Illán de Vacas","Toledo","Castilla-La Mancha","0.000000000000000","0"
"Retiendas","Guadalajara","Castilla-La Mancha","12.500000000000000","0"
"Canalejas del Arroyo","Cuenca","Castilla-La Mancha","-37.407407407407405","0"
"Villar de Samaniego","Salamanca","Castilla y León","-12.222222222222202","0"
"Valverde de Mérida","Badajoz","Extremadura","-8.039747064137311","0"
"Liédena","Navarra","Comunidad Foral de Navarra","1.572327044025160","0"
"Masegoso de Tajuña","Guadalajara","Castilla-La Mancha","10.447761194029798","0"
"Riello","León","Castilla y León","-12.099125364431499","0"
"Terrinches","Ciudad Real","Castilla-La Mancha","-22.380336351875798","0"
"Arenas","Málaga","Andalucía","-1.404056162246490","0"
"Perafita","Barcelona","Cataluña-Catalunya","3.931203931203930","0"
"Villafrechós","Valladolid","Castilla y León","-11.001964636542201","0"
"Benejúzar","Alacant-Alicante","Comunitat Valenciana","4.282536151279199","0"
"Turleque","Toledo","Castilla-La Mancha","-17.411764705882401","0"
"Ortigosa del Monte","Segovia","Castilla y León","-1.873935264054520","0"
"Torrelles de Llobregat","Barcelona","Cataluña-Catalunya","6.392069731669801","0"
"Abades","Segovia","Castilla y León","-1.603665521191290","0"
"Adahuesca","Huesca","Aragón","22.093023255814003","0"
"Catoira","Pontevedra","Galicia","-3.321575543797770","0"
"Aldearrodrigo","Salamanca","Castilla y León","-5.806451612903230","0"
"Nogales","Badajoz","Extremadura","-10.300429184549399","0"
"Belianes","Lleida","Cataluña-Catalunya","-8.108108108108111","0"
"Castrejón de la Peña","Palencia","Castilla y León","-22.168674698795201","0"
"Morella","Castelló-Castellón","Comunitat Valenciana","-5.534495830174381","0"
"Ribesalbes","Castelló-Castellón","Comunitat Valenciana","-10.276679841897201","0"
"Pineda Trasmonte","Burgos","Castilla y León","-20.300751879699199","0"
"Uztárroz/Uztarroze","Navarra","Comunidad Foral de Navarra","-12.025316455696201","0"
"Condado de Castilnovo","Segovia","Castilla y León","-1.162790697674420","0"
"Argelita","Castelló-Castellón","Comunitat Valenciana","71.428571428571402","0"
"Oliva","València-Valencia","Comunitat Valenciana","-4.570233739078490","0"
"Arroba de los Montes","Ciudad Real","Castilla-La Mancha","-9.586056644880172","0"
"Urkabustaiz","Araba-Álava","País Vasco-Euskadi","12.206572769953100","0"
"Navalvillar de Ibor","Cáceres","Extremadura","-15.824175824175798","0"
"Redueña","Madrid","Comunidad de Madrid","8.185053380782922","0"
"Vilabertran","Girona","Cataluña-Catalunya","8.981380065717421","0"
"Ferreras de Arriba","Zamora","Castilla y León","-15.238095238095200","0"
"Albinyana","Tarragona","Cataluña-Catalunya","14.175588865096399","0"
"Villaespasa","Burgos","Castilla y León","0.000000000000000","0"
"Tirgo","La Rioja","La Rioja","-20.465116279069800","0"
"El Saucejo","Sevilla","Andalucía","-3.653278874517810","0"
"Medina Sidonia","Cádiz","Andalucía","-0.474817703917246","0"
"Espinosa del Camino","Burgos","Castilla y León","22.222222222222200","0"
"Erriberagoitia/Ribera Alta","Araba-Álava","País Vasco-Euskadi","10.252996005326199","0"
"Montroi/Montroy","València-Valencia","Comunitat Valenciana","15.330766538326900","0"
"Velilla de Jiloca","Zaragoza","Aragón","-47.656250000000000","0"
"Meranges","Girona","Cataluña-Catalunya","21.276595744680897","0"
"Aniñón","Zaragoza","Aragón","-10.700132100396301","0"
"Vilanova de Prades","Tarragona","Cataluña-Catalunya","-10.317460317460300","0"
"Santa Cruz del Valle","Ávila","Castilla y León","-22.222222222222200","0"
"Potries","València-Valencia","Comunitat Valenciana","9.422492401215809","0"
"Peñalver","Guadalajara","Castilla-La Mancha","-5.235602094240840","0"
"Saceruela","Ciudad Real","Castilla-La Mancha","-14.790996784565902","0"
"La Palma d'Ebre","Tarragona","Cataluña-Catalunya","-8.086253369272240","0"
"Aldeire","Granada","Andalucía","-7.763975155279500","0"
"El Palmar de Troya","Sevilla","Andalucía","0.000000000000000","0"
"Castellfort","Castelló-Castellón","Comunitat Valenciana","-12.558139534883701","0"
"Lupiana","Guadalajara","Castilla-La Mancha","18.623481781376501","0"
"Barrio de Muñó","Burgos","Castilla y León","-3.125000000000000","0"
"Nalda","La Rioja","La Rioja","38.581856100104304","0"
"Lahiguera","Jaén","Andalucía","-11.086474501108601","0"
"Llorenç del Penedès","Tarragona","Cataluña-Catalunya","3.686036426712920","0"
"Renedo de la Vega","Palencia","Castilla y León","-3.864734299516910","0"
"Peralada","Girona","Cataluña-Catalunya","8.552985476062400","0"
"Castielfabib","València-Valencia","Comunitat Valenciana","5.319148936170209","0"
"Laguna del Marquesado","Cuenca","Castilla-La Mancha","14.000000000000000","0"
"Canencia","Madrid","Comunidad de Madrid","-3.361344537815130","0"
"Becedas","Ávila","Castilla y León","-32.510288065843596","0"
"Torre Val de San Pedro","Segovia","Castilla y León","-1.554404145077720","0"
"Almazul","Soria","Castilla y León","-30.681818181818201","0"
"Puente Genil","Córdoba","Andalucía","-1.341681574239710","0"
"Guijo de Santa Bárbara","Cáceres","Extremadura","-10.638297872340399","0"
"Salvadiós","Ávila","Castilla y León","-6.097560975609761","0"
"Querol","Tarragona","Cataluña-Catalunya","6.181818181818180","0"
"Oroso","A Coruña","Galicia","3.000000000000000","0"
"Los Santos de Maimona","Badajoz","Extremadura","-1.854770275184870","0"
"Junta de Traslaloma","Burgos","Castilla y León","-10.144927536231901","0"
"El Arenal","Ávila","Castilla y León","-3.984063745019920","0"
"Lituénigo","Zaragoza","Aragón","-2.380952380952380","0"
"Fernán Caballero","Ciudad Real","Castilla-La Mancha","-9.641873278236909","0"
"Losacio","Zamora","Castilla y León","-12.727272727272700","0"
"Castrillo de la Valduerna","León","Castilla y León","-24.867724867724899","0"
"La Nava de Ricomalillo","Toledo","Castilla-La Mancha","-16.498316498316502","0"
"San Cristóbal de Boedo","Palencia","Castilla y León","-17.391304347826100","0"
"Emperador","València-Valencia","Comunitat Valenciana","4.824561403508770","0"
"Donvidas","Ávila","Castilla y León","-24.390243902439000","0"
"Cimanes de la Vega","León","Castilla y León","-11.267605633802800","0"
"Ajofrín","Toledo","Castilla-La Mancha","0.171232876712329","0"
"Cebanico","León","Castilla y León","-20.879120879120901","0"
"Miño","A Coruña","Galicia","15.673175745118201","0"
"Beniarrés","Alacant-Alicante","Comunitat Valenciana","-13.157894736842101","0"
"Sarroca de Bellera","Lleida","Cataluña-Catalunya","-4.032258064516129","0"
"Pozo de Guadalajara","Guadalajara","Castilla-La Mancha","29.561752988047797","0"
"Valdefuentes del Páramo","León","Castilla y León","-10.204081632653100","0"
"Ivorra","Lleida","Cataluña-Catalunya","-13.913043478260901","0"
"Carabias","Segovia","Castilla y León","23.913043478260899","0"
"Corbillos de los Oteros","León","Castilla y León","-14.883720930232599","0"
"Pinilla de Molina","Guadalajara","Castilla-La Mancha","-35.294117647058805","0"
"Mota de Altarejos","Cuenca","Castilla-La Mancha","-17.142857142857100","0"
"Torre en Cameros","La Rioja","La Rioja","-25.000000000000000","0"
"Torres del Carrizal","Zamora","Castilla y León","-5.681818181818180","0"
"Ribamontán al Monte","Cantabria","Cantabria","12.776523702031600","0"
"Banastás","Huesca","Aragón","10.231023102310200","0"
"Ruiloba","Cantabria","Cantabria","-0.765306122448980","0"
"Llerena","Badajoz","Extremadura","-5.344278773663929","0"
"Villanueva de Ávila","Ávila","Castilla y León","1.321585903083700","0"
"Chercos","Almería","Andalucía","7.857142857142859","0"
"Illana","Guadalajara","Castilla-La Mancha","9.887359198998750","0"
"l'Alqueria d'Asnar","Alacant-Alicante","Comunitat Valenciana","-3.036053130929790","0"
"Alpens","Barcelona","Cataluña-Catalunya","-9.000000000000000","0"
"Sant Joan d'Alacant","Alacant-Alicante","Comunitat Valenciana","10.835818277495202","0"
"Rasines","Cantabria","Cantabria","-1.315789473684210","0"
"Campo","Huesca","Aragón","0.871459694989107","0"
"Copons","Barcelona","Cataluña-Catalunya","5.263157894736840","0"
"Villas de la Ventosa","Cuenca","Castilla-La Mancha","-17.977528089887599","0"
"Muntanyola","Barcelona","Cataluña-Catalunya","21.176470588235297","0"
"Montoliu de Lleida","Lleida","Cataluña-Catalunya","-6.213592233009710","0"
"Tous","València-Valencia","Comunitat Valenciana","6.624605678233440","0"
"A Gudiña","Ourense","Galicia","-19.233401779603000","0"
"San Asensio","La Rioja","La Rioja","-7.815126050420170","0"
"Mendaro","Gipuzkoa","País Vasco-Euskadi","0.600600600600601","0"
"Villacid de Campos","Valladolid","Castilla y León","-15.053763440860200","0"
"Espinosa de Cerrato","Palencia","Castilla y León","-32.044198895027591","0"
"Bernuy de Porreros","Segovia","Castilla y León","50.640113798008493","0"
"l'Alfàs del Pi","Alacant-Alicante","Comunitat Valenciana","-3.928454370932250","0"
"El Arco","Salamanca","Castilla y León","4.494382022471910","0"
"Ribera d'Ondara","Lleida","Cataluña-Catalunya","8.809523809523808","0"
"La Serrada","Ávila","Castilla y León","21.238938053097300","0"
"San Juan del Monte","Burgos","Castilla y León","-4.697986577181209","0"
"Agallas","Salamanca","Castilla y León","-20.253164556962002","0"
"Pancrudo","Teruel","Aragón","-2.564102564102560","0"
"Santa Olalla del Cala","Huelva","Andalucía","1.798201798201800","0"
"Tavernes Blanques","València-Valencia","Comunitat Valenciana","1.808785529715760","0"
"Benifaió","València-Valencia","Comunitat Valenciana","1.396057196040270","0"
"Santa Cecilia","Burgos","Castilla y León","3.960396039603960","0"
"Narrillos del Álamo","Ávila","Castilla y León","-34.782608695652200","0"
"Morcillo","Cáceres","Extremadura","-11.822660098522201","0"
"Peñalsordo","Badajoz","Extremadura","-23.621323529411800","0"
"Brea de Aragón","Zaragoza","Aragón","-12.226066897347200","0"
"Huesa del Común","Teruel","Aragón","-12.328767123287699","0"
"Castellar del Riu","Barcelona","Cataluña-Catalunya","-1.169590643274850","0"
"Oteiza","Navarra","Comunidad Foral de Navarra","-2.224576271186440","0"
"Mora de Rubielos","Teruel","Aragón","-2.729528535980150","0"
"Viana de Jadraque","Guadalajara","Castilla-La Mancha","-30.357142857142897","0"
"Huerta de Rey","Burgos","Castilla y León","-14.396887159533101","0"
"Caleruega","Burgos","Castilla y León","-19.795918367346896","0"
"Ciria","Soria","Castilla y León","-25.263157894736800","0"
"Merindad de Sotoscueva","Burgos","Castilla y León","0.234741784037559","0"
"Castilnuevo","Guadalajara","Castilla-La Mancha","0.000000000000000","0"
"Villarroya de los Pinares","Teruel","Aragón","5.000000000000000","0"
"Aldeatejada","Salamanca","Castilla y León","50.508069336521203","0"
"Carucedo","León","Castilla y León","-17.910447761194000","0"
"Balconchán","Zaragoza","Aragón","41.666666666666707","0"
"Cartajima","Málaga","Andalucía","-7.936507936507939","0"
"Albaladejo","Ciudad Real","Castilla-La Mancha","-25.178826895565098","0"
"Nolay","Soria","Castilla y León","-13.793103448275902","0"
"Arcones","Segovia","Castilla y León","-18.025751072961402","0"
"Alcaucín","Málaga","Andalucía","4.074979625101871","0"
"El Molar","Tarragona","Cataluña-Catalunya","7.167235494880551","0"
"Semillas","Guadalajara","Castilla-La Mancha","-25.000000000000000","0"
"Beas de Granada","Granada","Andalucía","-1.293532338308460","0"
"Maján","Soria","Castilla y León","-30.769230769230802","0"
"Arancón","Soria","Castilla y León","-10.869565217391301","0"
"Padul","Granada","Andalucía","12.965401652101001","0"
"Tosantos","Burgos","Castilla y León","-5.357142857142859","0"
"Almócita","Almería","Andalucía","23.952095808383202","0"
"El Maíllo","Salamanca","Castilla y León","-2.684563758389260","0"
"Lapuebla de Labarca","Araba-Álava","País Vasco-Euskadi","0.464576074332172","0"
"Puçol","València-Valencia","Comunitat Valenciana","7.186805232407840","0"
"Martín del Río","Teruel","Aragón","-15.331807780320400","0"
"Garrucha","Almería","Andalucía","19.740500463391999","0"
"Miraveche","Burgos","Castilla y León","9.302325581395351","0"
"El Pino de Tormes","Salamanca","Castilla y León","-1.273885350318470","0"
"Lecrín","Granada","Andalucía","3.673094582185490","0"
"Ollauri","La Rioja","La Rioja","6.484641638225261","0"
"Ereño","Bizkaia","País Vasco-Euskadi","13.524590163934398","0"
"Tierga","Zaragoza","Aragón","-11.675126903553300","0"
"Pontedeva","Ourense","Galicia","-25.120000000000001","0"
"Sant Vicent del Raspeig/San Vicente del Raspeig","Alacant-Alicante","Comunitat Valenciana","7.117577664176169","0"
"Huertahernando","Guadalajara","Castilla-La Mancha","0.000000000000000","0"
"Pinseque","Zaragoza","Aragón","19.779310344827600","0"
"Ambite","Madrid","Comunidad de Madrid","12.685337726523901","0"
"Garriguella","Girona","Cataluña-Catalunya","13.418903150525100","0"
"Calcena","Zaragoza","Aragón","-3.846153846153850","0"
"Antigüedad","Palencia","Castilla y León","-10.052910052910098","0"
"Morelábor","Granada","Andalucía","-14.598540145985398","0"
"Santa Fe del Penedès","Barcelona","Cataluña-Catalunya","-4.485488126649080","0"
"Torrijas","Teruel","Aragón","-20.000000000000000","0"
"el Campello","Alacant-Alicante","Comunitat Valenciana","10.752926405967299","0"
"Bienvenida","Badajoz","Extremadura","-9.893522626441879","0"
"La Pobla de Cérvoles","Lleida","Cataluña-Catalunya","-8.636363636363640","0"
"Utande","Guadalajara","Castilla-La Mancha","-13.157894736842101","0"
"Alarcón","Cuenca","Castilla-La Mancha","15.436241610738300","0"
"San Cristóbal de Entreviñas","Zamora","Castilla y León","-9.859154929577461","0"
"Jirueque","Guadalajara","Castilla-La Mancha","-19.672131147541002","0"
"Trescasas","Segovia","Castilla y León","11.301715438950600","0"
"Rábanos","Burgos","Castilla y León","-10.752688172042999","0"
"Villa de Otura","Granada","Andalucía","8.643771827706640","0"
"Garciaz","Cáceres","Extremadura","-14.232209737827700","0"
"San Vitero","Zamora","Castilla y León","-22.664359861591702","0"
"Calp","Alacant-Alicante","Comunitat Valenciana","15.229308731113798","0"
"Valbuena de Duero","Valladolid","Castilla y León","-16.597510373443999","0"
"El Pla del Penedès","Barcelona","Cataluña-Catalunya","7.686017988552740","0"
"Busot","Alacant-Alicante","Comunitat Valenciana","12.619502868068800","0"
"Pedrosa del Páramo","Burgos","Castilla y León","-14.285714285714301","0"
"Capella","Huesca","Aragón","-0.277008310249307","0"
"Laukiz","Bizkaia","País Vasco-Euskadi","8.503100088573959","0"
"Higuera de Albalat","Cáceres","Extremadura","-4.545454545454549","0"
"Abánades","Guadalajara","Castilla-La Mancha","1.639344262295080","0"
"Valseca","Segovia","Castilla y León","-16.176470588235297","0"
"Hérmedes de Cerrato","Palencia","Castilla y León","-14.942528735632202","0"
"Segura de los Baños","Teruel","Aragón","7.692307692307691","0"
"Esparragosa de Lares","Badajoz","Extremadura","-11.347517730496499","0"
"Montenegro de Cameros","Soria","Castilla y León","-27.777777777777800","0"
"La Portellada","Teruel","Aragón","3.418803418803420","0"
"Pavías","Castelló-Castellón","Comunitat Valenciana","37.037037037037003","0"
"Urda","Toledo","Castilla-La Mancha","-14.691780821917801","0"
"Ayna","Albacete","Castilla-La Mancha","-16.411682892906800","0"
"Las Gabias","Granada","Andalucía","17.894030159057998","0"
"Moriscos","Salamanca","Castilla y León","69.846153846153811","0"
"Tinieblas de la Sierra","Burgos","Castilla y León","-33.333333333333300","0"
"Otívar","Granada","Andalucía","-6.678700361010829","0"
"El Pont de Vilomara i Rocafort","Barcelona","Cataluña-Catalunya","8.492063492063492","0"
"la Llosa de Ranes","València-Valencia","Comunitat Valenciana","1.966759002770080","0"
"Balsareny","Barcelona","Cataluña-Catalunya","-1.076877056536050","0"
"Perales del Alfambra","Teruel","Aragón","4.347826086956520","0"
"Berge","Teruel","Aragón","-8.502024291497982","0"
"Buenache de la Sierra","Cuenca","Castilla-La Mancha","10.679611650485400","0"
"Pruna","Sevilla","Andalucía","-7.226277372262770","0"
"Artenara","Las Palmas","Canarias","-12.542372881355901","0"
"El Real de San Vicente","Toledo","Castilla-La Mancha","-3.560830860534130","0"
"La Hiniesta","Zamora","Castilla y León","-6.422018348623849","0"
"Vilanova de Segrià","Lleida","Cataluña-Catalunya","12.365591397849499","0"
"Alcubilla de Nogales","Zamora","Castilla y León","-21.897810218978098","0"
"Vilanova de l'Aguda","Lleida","Cataluña-Catalunya","-14.035087719298202","0"
"Bellmunt del Priorat","Tarragona","Cataluña-Catalunya","-7.491856677524430","0"
"Valdemanco","Madrid","Comunidad de Madrid","9.670781893004111","0"
"la Font de la Figuera","València-Valencia","Comunitat Valenciana","-6.491712707182320","0"
"Arenas del Rey","Granada","Andalucía","-67.746994249869289","0"
"Ainzón","Zaragoza","Aragón","-9.208261617900170","0"
"Urriés","Zaragoza","Aragón","28.947368421052602","0"
"Chueca","Toledo","Castilla-La Mancha","-6.273062730627309","0"
"Fresno de la Fuente","Segovia","Castilla y León","-14.444444444444400","0"
"Ventosa del Río Almar","Salamanca","Castilla y León","-14.754098360655700","0"
"Lumbreras de Cameros","La Rioja","La Rioja","-11.042944785276099","0"
"Beire","Navarra","Comunidad Foral de Navarra","-0.660066006600660","0"
"Foios","València-Valencia","Comunitat Valenciana","7.710741471666200","0"
"Cabra de Mora","Teruel","Aragón","1.428571428571430","0"
"Serrato","Málaga","Andalucía","0.000000000000000","0"
"Almadrones","Guadalajara","Castilla-La Mancha","-23.611111111111100","0"
"Peñalba de Ávila","Ávila","Castilla y León","-10.434782608695700","0"
"O Grove","Pontevedra","Galicia","-0.211962031149203","0"
"Bigastro","Alacant-Alicante","Comunitat Valenciana","8.858325939071280","0"
"Codo","Zaragoza","Aragón","4.411764705882350","0"
"A Bola","Ourense","Galicia","-20.814814814814802","0"
"Monforte de Moyuela","Teruel","Aragón","31.746031746031701","0"
"Puebla de San Medel","Salamanca","Castilla y León","-23.255813953488403","0"
"Taravilla","Guadalajara","Castilla-La Mancha","7.692307692307691","0"
"Neila","Burgos","Castilla y León","-29.142857142857100","0"
"Boada","Salamanca","Castilla y León","-9.000000000000000","0"
"Vidreres","Girona","Cataluña-Catalunya","8.270579070371330","0"
"Perosillo","Segovia","Castilla y León","0.000000000000000","0"
"Cabolafuente","Zaragoza","Aragón","17.948717948717896","0"
"Cádiar","Granada","Andalucía","-0.388349514563107","0"
"Moncofa","Castelló-Castellón","Comunitat Valenciana","22.211705316295898","0"
"Puebla de Pedraza","Segovia","Castilla y León","-12.068965517241400","0"
"El Maderal","Zamora","Castilla y León","-18.604651162790702","0"
"Fuentes de Rubielos","Teruel","Aragón","39.669421487603302","0"
"Sorzano","La Rioja","La Rioja","-10.887096774193500","0"
"Vidayanes","Zamora","Castilla y León","-11.827956989247300","0"
"Arjonilla","Jaén","Andalucía","-5.977683315621680","0"
"Alpedrete","Madrid","Comunidad de Madrid","9.332381292395571","0"
"Artieda","Zaragoza","Aragón","-6.976744186046510","0"
"Villanueva de las Torres","Granada","Andalucía","-22.156573116691298","0"
"Comares","Málaga","Andalucía","-6.689895470383280","0"
"Gabiria","Gipuzkoa","País Vasco-Euskadi","1.810865191146880","0"
"Berberana","Burgos","Castilla y León","-34.210526315789501","0"
"Peñalba","Huesca","Aragón","5.065123010130249","0"
"Portilla","Cuenca","Castilla-La Mancha","-24.324324324324301","0"
"Azofra","La Rioja","La Rioja","0.938967136150235","0"
"Gurb","Barcelona","Cataluña-Catalunya","5.972495088408641","0"
"Negredo","Guadalajara","Castilla-La Mancha","-43.478260869565197","0"
"Olmillos de Muñó","Burgos","Castilla y León","-7.894736842105260","0"
"Santo Tomé del Puerto","Segovia","Castilla y León","-13.588850174215999","0"
"La Revilla y Ahedo","Burgos","Castilla y León","-19.491525423728799","0"
"Villanueva de la Vera","Cáceres","Extremadura","-3.155452436194901","0"
"Huétor Vega","Granada","Andalucía","2.659574468085110","0"
"La Sotonera","Huesca","Aragón","-9.674234945705821","0"
"la Pobla del Duc","València-Valencia","Comunitat Valenciana","-2.868525896414340","0"
"Marganell","Barcelona","Cataluña-Catalunya","-1.346801346801350","0"
"Senés","Almería","Andalucía","-10.000000000000000","0"
"Taroda","Soria","Castilla y León","-20.370370370370402","0"
"Cueva de Ágreda","Soria","Castilla y León","-13.414634146341500","0"
"Pinarejos","Segovia","Castilla y León","2.890173410404620","0"
"Rosinos de la Requejada","Zamora","Castilla y León","-20.000000000000000","0"
"La Cierva","Cuenca","Castilla-La Mancha","-15.555555555555602","0"
"Càrcer","València-Valencia","Comunitat Valenciana","-6.454918032786890","0"
"Benafigos","Castelló-Castellón","Comunitat Valenciana","-13.461538461538501","0"
"Carrocera","León","Castilla y León","-15.076335877862601","0"
"Carazo","Burgos","Castilla y León","10.810810810810798","0"
"Fuenlabrada de los Montes","Badajoz","Extremadura","-10.051813471502602","0"
"Barbadás","Ourense","Galicia","7.414906952077911","0"
"Piña de Esgueva","Valladolid","Castilla y León","-3.987730061349690","0"
"Torrepadre","Burgos","Castilla y León","9.523809523809520","0"
"Redecilla del Camino","Burgos","Castilla y León","-16.800000000000001","0"
"Tales","Castelló-Castellón","Comunitat Valenciana","-0.699300699300699","0"
"San Miguel del Robledo","Salamanca","Castilla y León","-30.434782608695699","0"
"Torrenueva","Ciudad Real","Castilla-La Mancha","-11.278447121820600","0"
"Arcos de las Salinas","Teruel","Aragón","16.000000000000000","0"
"Encinasola","Huelva","Andalucía","-2.684049079754600","0"
"Estepa","Sevilla","Andalucía","-2.320991552853870","0"
"Puerto Real","Cádiz","Andalucía","1.405293351974160","0"
"Líjar","Almería","Andalucía","-10.574712643678200","0"
"Velilla de los Ajos","Soria","Castilla y León","-40.740740740740705","0"
"Santa María de Dulcis","Huesca","Aragón","-8.849557522123892","0"
"El Paso","Santa Cruz de Tenerife","Canarias","4.594984902192460","0"
"Sotillo","Segovia","Castilla y León","7.142857142857141","0"
"San Bartolomé de Béjar","Ávila","Castilla y León","22.727272727272698","0"
"Navadijos","Ávila","Castilla y León","-2.500000000000000","0"
"Castellnou de Bages","Barcelona","Cataluña-Catalunya","14.987912973408498","0"
"La Morera","Badajoz","Extremadura","-5.510752688172039","0"
"Orxeta","Alacant-Alicante","Comunitat Valenciana","-4.000000000000000","0"
"Sant Llorenç de la Muga","Girona","Cataluña-Catalunya","10.441767068273100","0"
"Aldeanueva de la Sierra","Salamanca","Castilla y León","-6.194690265486731","0"
"Ledrada","Salamanca","Castilla y León","-12.695312500000000","0"
"Hornachos","Badajoz","Extremadura","-9.504898067249139","0"
"San Lorenzo de Calatrava","Ciudad Real","Castilla-La Mancha","-11.946902654867300","0"
"Alamedilla","Granada","Andalucía","-14.589665653495400","0"
"Carriches","Toledo","Castilla-La Mancha","-11.184210526315800","0"
"Mundaka","Bizkaia","País Vasco-Euskadi","-2.641310089804540","0"
"Alcoleja","Alacant-Alicante","Comunitat Valenciana","-1.570680628272250","0"
"El Poal","Lleida","Cataluña-Catalunya","-0.152439024390244","0"
"Linares de Riofrío","Salamanca","Castilla y León","-4.253112033195020","0"
"Carcaixent","València-Valencia","Comunitat Valenciana","0.795614418085674","0"
"Fonz","Huesca","Aragón","-7.708333333333330","0"
"Tardáguila","Salamanca","Castilla y León","-16.521739130434799","0"
"Laspaúles","Huesca","Aragón","-23.026315789473696","0"
"Ródenas","Teruel","Aragón","-17.333333333333300","0"
"Tordelrábano","Guadalajara","Castilla-La Mancha","14.285714285714301","0"
"la Llosa","Castelló-Castellón","Comunitat Valenciana","3.189300411522630","0"
"Dosrius","Barcelona","Cataluña-Catalunya","15.047693206151498","0"
"La Llagosta","Barcelona","Cataluña-Catalunya","-1.943410275502610","0"
"Brenes","Sevilla","Andalucía","0.850661625708885","0"
"Vila-rodona","Tarragona","Cataluña-Catalunya","7.753164556962030","0"
"Sant Joan de Mollet","Girona","Cataluña-Catalunya","2.946954813359530","0"
"San Juan de Plan","Huesca","Aragón","4.761904761904760","0"
"Sant Cugat Sesgarrigues","Barcelona","Cataluña-Catalunya","5.555555555555561","0"
"Sena","Huesca","Aragón","-5.813953488372090","0"
"Laluenga","Huesca","Aragón","-6.481481481481480","0"
"Casillas","Ávila","Castilla y León","-8.044382801664360","0"
"Valdepiélagos","Madrid","Comunidad de Madrid","10.657193605683799","0"
"Ronda","Málaga","Andalucía","-7.951281484754750","0"
"Cártama","Málaga","Andalucía","16.787241039131896","0"
"Foz-Calanda","Teruel","Aragón","3.717472118959110","0"
"Monasterio de Vega","Valladolid","Castilla y León","-13.829787234042602","0"
"Vadillo de la Guareña","Zamora","Castilla y León","-10.563380281690099","0"
"Villafranca de Córdoba","Córdoba","Andalucía","-0.551808706315144","0"
"Voto","Cantabria","Cantabria","7.124681933842240","0"
"Ortigosa de Cameros","La Rioja","La Rioja","-15.909090909090901","0"
"San Cebrián de Mazote","Valladolid","Castilla y León","-38.709677419354804","0"
"La Cueva de Roa","Burgos","Castilla y León","-6.862745098039221","0"
"Herguijuela","Cáceres","Extremadura","-23.121387283236999","0"
"Gistaín","Huesca","Aragón","-14.685314685314699","0"
"Manchones","Zaragoza","Aragón","-14.655172413793100","0"
"Valjunquera","Teruel","Aragón","-9.315068493150680","0"
"Benizalón","Almería","Andalucía","-10.563380281690099","0"
"Ullastrell","Barcelona","Cataluña-Catalunya","5.155642023346300","0"
"Valdearcos de la Vega","Valladolid","Castilla y León","-25.263157894736800","0"
"Solivella","Tarragona","Cataluña-Catalunya","-3.675344563552830","0"
"Vilopriu","Girona","Cataluña-Catalunya","-4.306220095693780","0"
"Wamba","Valladolid","Castilla y León","-12.427745664739900","0"
"Navacarros","Salamanca","Castilla y León","5.600000000000000","0"
"Navarredonda de la Rinconada","Salamanca","Castilla y León","-19.587628865979401","0"
"Anaya","Segovia","Castilla y León","1.694915254237290","0"
"Zarzosa de Río Pisuerga","Burgos","Castilla y León","0.000000000000000","0"
"Bordalba","Zaragoza","Aragón","-23.437500000000000","0"
"Alhendín","Granada","Andalucía","22.995424993980297","0"
"Miralrío","Guadalajara","Castilla-La Mancha","-17.647058823529399","0"
"Samper del Salz","Zaragoza","Aragón","-13.207547169811299","0"
"Vallanca","València-Valencia","Comunitat Valenciana","-7.692307692307691","0"
"Piles","València-Valencia","Comunitat Valenciana","12.217697149204000","0"
"Gascueña","Cuenca","Castilla-La Mancha","-20.000000000000000","0"
"Gallifa","Barcelona","Cataluña-Catalunya","-9.405940594059411","0"
"Fuente Vaqueros","Granada","Andalucía","2.567537396740340","0"
"Paradas","Sevilla","Andalucía","-3.751946764830810","0"
"Ayora","València-Valencia","Comunitat Valenciana","-2.537786900541150","0"
"Bassella","Lleida","Cataluña-Catalunya","-9.426229508196720","0"
"Quintana Redonda","Soria","Castilla y León","-2.119460500963390","0"
"O Bolo","Ourense","Galicia","-20.434353405725599","0"
"Villanueva del Pardillo","Madrid","Comunidad de Madrid","5.983263598326360","0"
"Recuerda","Soria","Castilla y León","-37.000000000000000","0"
"La Roda de Andalucía","Sevilla","Andalucía","-1.745403770072140","0"
"La Vall de Bianya","Girona","Cataluña-Catalunya","3.908045977011489","0"
"Benahavís","Málaga","Andalucía","38.798798798798799","0"
"La Codosera","Badajoz","Extremadura","-9.770373705538050","0"
"Poboleda","Tarragona","Cataluña-Catalunya","-8.587257617728529","0"
"Quintanilla de Onsoña","Palencia","Castilla y León","-10.000000000000000","0"
"Castromonte","Valladolid","Castilla y León","-2.071005917159760","0"
"l'Alcúdia","València-Valencia","Comunitat Valenciana","5.010761945759790","0"
"Cogeces de Íscar","Valladolid","Castilla y León","-3.378378378378380","0"
"Besalú","Girona","Cataluña-Catalunya","4.916666666666670","0"
"Frailes","Jaén","Andalucía","-5.036407766990290","0"
"La Sentiu de Sió","Lleida","Cataluña-Catalunya","-4.710920770877940","0"
"Vallmoll","Tarragona","Cataluña-Catalunya","16.287425149700603","0"
"Villarluengo","Teruel","Aragón","-6.701030927835051","0"
"Borriana/Burriana","Castelló-Castellón","Comunitat Valenciana","2.780093723945610","0"
"Alboraia/Alboraya","València-Valencia","Comunitat Valenciana","9.417953504157479","0"
"Villacarrillo","Jaén","Andalucía","-6.743598990263250","0"
"Espadilla","Castelló-Castellón","Comunitat Valenciana","-6.250000000000000","0"
"Campillos-Paravientos","Cuenca","Castilla-La Mancha","-14.634146341463401","0"
"Fuente de Cantos","Badajoz","Extremadura","-7.277089164334270","0"
"La Bodera","Guadalajara","Castilla-La Mancha","-34.375000000000000","0"
"Olvan","Barcelona","Cataluña-Catalunya","1.598173515981730","0"
"Santiago de Calatrava","Jaén","Andalucía","-17.358490566037698","0"
"Santa Eulalia Bajera","La Rioja","La Rioja","5.405405405405411","0"
"Teresa de Cofrentes","València-Valencia","Comunitat Valenciana","-1.451612903225810","0"
"Pilar de la Horadada","Alacant-Alicante","Comunitat Valenciana","8.523253659440430","0"
"Castellfollit del Boix","Barcelona","Cataluña-Catalunya","7.710280373831781","0"
"Herrera de los Navarros","Zaragoza","Aragón","-11.150442477876100","0"
"Soto del Real","Madrid","Comunidad de Madrid","10.811129450601300","0"
"Fornalutx","Illes Balears","Illes Balears","1.846590909090910","0"
"Tavèrnoles","Barcelona","Cataluña-Catalunya","7.255520504731859","0"
"Peraltilla","Huesca","Aragón","9.223300970873790","0"
"Sant Jordi Desvalls","Girona","Cataluña-Catalunya","19.350282485875699","0"
"Torre-serona","Lleida","Cataluña-Catalunya","4.381443298969070","0"
"Tarazona de Guareña","Salamanca","Castilla y León","-21.839080459770098","0"
"Puigdàlber","Barcelona","Cataluña-Catalunya","7.330827067669169","0"
"Castellanos de Moriscos","Salamanca","Castilla y León","34.096007178106802","0"
"Sueca","València-Valencia","Comunitat Valenciana","-0.794744092402246","0"
"Tejeda de Tiétar","Cáceres","Extremadura","-11.484918793503500","0"
"Morcín","Asturias","Principado de Asturias","-9.640697260761289","0"
"Pulianas","Granada","Andalucía","3.596720089452111","0"
"San Antonio de Benagéber","València-Valencia","Comunitat Valenciana","32.881709223553905","0"
"Navarrete","La Rioja","La Rioja","2.876480541455160","0"
"Torrechiva","Castelló-Castellón","Comunitat Valenciana","52.000000000000000","0"
"Maçanet de Cabrenys","Girona","Cataluña-Catalunya","-3.969270166453259","0"
"Grisaleña","Burgos","Castilla y León","47.500000000000000","0"
"Castelserás","Teruel","Aragón","-4.216867469879520","0"
"Petilla de Aragón","Navarra","Comunidad Foral de Navarra","-20.000000000000000","0"
"Breda","Girona","Cataluña-Catalunya","3.918954945347910","0"
"A Peroxa","Ourense","Galicia","-11.005502751375699","0"
"Guadasséquies","València-Valencia","Comunitat Valenciana","4.347826086956520","0"
"Baeza","Jaén","Andalucía","-3.034227567067529","0"
"Arroyo de San Serván","Badajoz","Extremadura","-3.742550655542310","0"
"Martiherrero","Ávila","Castilla y León","17.105263157894697","0"
"Feria","Badajoz","Extremadura","-14.634146341463401","0"
"Borredà","Barcelona","Cataluña-Catalunya","-20.370370370370402","0"
"La Adrada","Ávila","Castilla y León","2.403304543747650","0"
"Lantejuela","Sevilla","Andalucía","-1.231084893562450","0"
"Castril","Granada","Andalucía","-13.013100436681201","0"
"Canals","València-Valencia","Comunitat Valenciana","-1.482035928143710","0"
"Tarifa","Cádiz","Andalucía","3.981460799642620","0"
"Tendilla","Guadalajara","Castilla-La Mancha","-12.359550561797800","0"
"Villaco","Valladolid","Castilla y León","-18.681318681318700","0"
"Alagón del Río","Cáceres","Extremadura","-2.457264957264960","0"
"Cheste","València-Valencia","Comunitat Valenciana","5.212491195116220","0"
"Llardecans","Lleida","Cataluña-Catalunya","-15.694164989939601","0"
"Villar del Infantado","Cuenca","Castilla-La Mancha","-30.232558139534898","0"
"Acedera","Badajoz","Extremadura","-2.045728038507820","0"
"Lourenzá","Lugo","Galicia","-9.538066723695470","0"
"Alozaina","Málaga","Andalucía","-2.548371873525250","0"
"Alfondeguilla","Castelló-Castellón","Comunitat Valenciana","-2.239641657334830","0"
"Villavieja del Lozoya","Madrid","Comunidad de Madrid","14.181818181818201","0"
"Sequera de Fresno","Segovia","Castilla y León","12.820512820512798","0"
"Alfarb","València-Valencia","Comunitat Valenciana","4.185447520927239","0"
"Benferri","Alacant-Alicante","Comunitat Valenciana","5.916230366492150","0"
"Esplugues de Llobregat","Barcelona","Cataluña-Catalunya","1.708104827347020","0"
"Morales de Toro","Zamora","Castilla y León","-8.665338645418331","0"
"San Martín de la Virgen de Moncayo","Zaragoza","Aragón","-3.558718861209960","0"
"Santa Eufemia del Arroyo","Valladolid","Castilla y León","-19.101123595505602","0"
"Fontioso","Burgos","Castilla y León","0.000000000000000","0"
"La Yunta","Guadalajara","Castilla-La Mancha","-9.615384615384620","0"
"Viñas","Zamora","Castilla y León","-21.782178217821802","0"
"Peraleda de la Mata","Cáceres","Extremadura","-0.774647887323944","0"
"Prat de Comte","Tarragona","Cataluña-Catalunya","14.634146341463401","0"
"El Cerro","Salamanca","Castilla y León","-18.584070796460196","0"
"Herrera del Duque","Badajoz","Extremadura","-7.906098219104160","0"
"Alfántega","Huesca","Aragón","-4.411764705882350","0"
"Llocnou d'En Fenollet","València-Valencia","Comunitat Valenciana","-2.049622437971950","0"
"Dos Hermanas","Sevilla","Andalucía","6.605864891193461","0"
"Aldeaquemada","Jaén","Andalucía","-12.686567164179101","0"
"Villasrubias","Salamanca","Castilla y León","-19.141914191419101","0"
"Oyón-Oion","Araba-Álava","País Vasco-Euskadi","3.244390539721040","0"
"Eljas","Cáceres","Extremadura","-10.824742268041202","0"
"Uceda","Guadalajara","Castilla-La Mancha","18.559034326669202","0"
"Quéntar","Granada","Andalucía","-3.629032258064520","0"
"Lagartos","Palencia","Castilla y León","-12.318840579710098","0"
"Serranillos","Ávila","Castilla y León","2.573529411764710","0"
"Almonacid de Toledo","Toledo","Castilla-La Mancha","9.845788849347571","0"
"Villar del Salz","Teruel","Aragón","-21.333333333333300","0"
"Ribatejada","Madrid","Comunidad de Madrid","32.365747460087093","0"
"Ferreries","Illes Balears","Illes Balears","9.092872570194380","0"
"Priego de Córdoba","Córdoba","Andalucía","-4.798373139494641","0"
"Sarracín","Burgos","Castilla y León","0.000000000000000","0"
"Paüls","Tarragona","Cataluña-Catalunya","-6.879194630872481","0"
"Beuda","Girona","Cataluña-Catalunya","6.000000000000000","0"
"Ribamontán al Mar","Cantabria","Cantabria","3.899596593455850","0"
"Diezma","Granada","Andalucía","4.308093994778070","0"
"Canet lo Roig","Castelló-Castellón","Comunitat Valenciana","-9.868421052631581","0"
"Víllora","Cuenca","Castilla-La Mancha","-8.783783783783781","0"
"Tibi","Alacant-Alicante","Comunitat Valenciana","9.112854556427280","0"
"Destriana","León","Castilla y León","-23.309608540925296","0"
"Velliza","Valladolid","Castilla y León","10.526315789473699","0"
"Alcaudete","Jaén","Andalucía","-5.791116005873720","0"
"Olula del Río","Almería","Andalucía","-0.516674495068107","0"
"Granyena de Segarra","Lleida","Cataluña-Catalunya","11.764705882352899","0"
"Villaseca de Uceda","Guadalajara","Castilla-La Mancha","4.255319148936170","0"
"Poleñino","Huesca","Aragón","-8.796296296296301","0"
"Serranillos del Valle","Madrid","Comunidad de Madrid","16.881475865554698","0"
"Torrecilla de los Ángeles","Cáceres","Extremadura","2.635658914728680","0"
"Muduex","Guadalajara","Castilla-La Mancha","-4.385964912280700","0"
"Camporrélls","Huesca","Aragón","2.027027027027030","0"
"Manzanal de los Infantes","Zamora","Castilla y León","-8.108108108108111","0"
"Ugíjar","Granada","Andalucía","-1.718213058419240","0"
"El Cardoso de la Sierra","Guadalajara","Castilla-La Mancha","-21.428571428571402","0"
"Torre de Peñafiel","Valladolid","Castilla y León","23.255813953488403","0"
"San Martín de Trevejo","Cáceres","Extremadura","-16.027874564459900","0"
"Nava de Roa","Burgos","Castilla y León","-6.363636363636360","0"
"Villavaquerín","Valladolid","Castilla y León","-19.576719576719597","0"
"Tabanera de Valdavia","Palencia","Castilla y León","-30.303030303030297","0"
"Villafranca de los Barros","Badajoz","Extremadura","-7.120324470482200","0"
"Tolocirio","Segovia","Castilla y León","-25.000000000000000","0"
"Baños de Montemayor","Cáceres","Extremadura","-6.010230179028129","0"
"Milagros","Burgos","Castilla y León","-11.652542372881399","0"
"Valle de Tabladillo","Segovia","Castilla y León","-26.213592233009699","0"
"Villabuena del Puente","Zamora","Castilla y León","-22.791293213828400","0"
"Gor","Granada","Andalucía","-5.018820577164370","0"
"Darro","Granada","Andalucía","10.459693537641600","0"
"Vera de Moncayo","Zaragoza","Aragón","-19.642857142857100","0"
"Purujosa","Zaragoza","Aragón","-23.076923076923098","0"
"Las Pedrosas","Zaragoza","Aragón","-10.000000000000000","0"
"Godelleta","València-Valencia","Comunitat Valenciana","21.713615023474198","0"
"Molinos","Teruel","Aragón","-14.772727272727302","0"
"Pol","Lugo","Galicia","-8.975834292289989","0"
"Rubielos de Mora","Teruel","Aragón","-8.733624454148469","0"
"Valdeverdeja","Toledo","Castilla-La Mancha","-16.939078751857402","0"
"Lliçà de Vall","Barcelona","Cataluña-Catalunya","5.665722379603400","0"
"Narros del Castillo","Ávila","Castilla y León","-21.276595744680897","0"
"Pozorrubio de Santiago","Cuenca","Castilla-La Mancha","-9.014084507042250","0"
"Juslapeña/Txulapain","Navarra","Comunidad Foral de Navarra","2.919708029197080","0"
"Tubilla del Agua","Burgos","Castilla y León","-6.040268456375840","0"
"Villanueva de los Infantes","Valladolid","Castilla y León","-8.771929824561401","0"
"Gallegos de Altamiros","Ávila","Castilla y León","-14.705882352941201","0"
"Granja de Rocamora","Alacant-Alicante","Comunitat Valenciana","11.129499379395901","0"
"Bustillo de Chaves","Valladolid","Castilla y León","-13.253012048192799","0"
"Dalías","Almería","Andalucía","5.604423221915050","0"
"Entrimo","Ourense","Galicia","-17.006802721088402","0"
"Elantxobe","Bizkaia","País Vasco-Euskadi","-10.997442455243002","0"
"Alconchel","Badajoz","Extremadura","-11.195652173913000","0"
"La Estrella","Toledo","Castilla-La Mancha","8.363636363636360","0"
"Morata de Jalón","Zaragoza","Aragón","-12.489660876757700","0"
"Loriguilla","València-Valencia","Comunitat Valenciana","15.540180947312400","0"
"Llíber","Alacant-Alicante","Comunitat Valenciana","-12.407407407407399","0"
"Vega de Villalobos","Zamora","Castilla y León","-23.931623931623900","0"
"Aldea de San Miguel","Valladolid","Castilla y León","-8.119658119658121","0"
"Reinoso de Cerrato","Palencia","Castilla y León","5.660377358490570","0"
"Caldes de Montbui","Barcelona","Cataluña-Catalunya","5.554907903940310","0"
"Castell-Platja d'Aro","Girona","Cataluña-Catalunya","17.209215558250200","0"
"Valdelcubo","Guadalajara","Castilla-La Mancha","-39.682539682539698","0"
"Motril","Granada","Andalucía","-3.172334483325120","0"
"Riu de Cerdanya","Lleida","Cataluña-Catalunya","-10.377358490566001","0"
"Valdevacas de Montejo","Segovia","Castilla y León","-9.375000000000000","0"
"Anadón","Teruel","Aragón","37.500000000000000","0"
"Millanes","Cáceres","Extremadura","-8.627450980392158","0"
"Taragudo","Guadalajara","Castilla-La Mancha","10.638297872340399","0"
"Melque de Cercos","Segovia","Castilla y León","-24.175824175824197","0"
"Gargantilla del Lozoya y Pinilla de Buitrago","Madrid","Comunidad de Madrid","7.182320441988950","0"
"Fresno de Caracena","Soria","Castilla y León","-15.384615384615401","0"
"el Real de Gandia","València-Valencia","Comunitat Valenciana","16.644649933949800","0"
"Pasaia","Gipuzkoa","País Vasco-Euskadi","-0.452005775629355","0"
"Tagamanent","Barcelona","Cataluña-Catalunya","6.832298136645960","0"
"Tomares","Sevilla","Andalucía","3.563119872658260","0"
"Panticosa","Huesca","Aragón","18.097754293262899","0"
"Benimantell","Alacant-Alicante","Comunitat Valenciana","7.014028056112230","0"
"El Sauzal","Santa Cruz de Tenerife","Canarias","1.633696376972660","0"
"Torrecilla del Monte","Burgos","Castilla y León","6.493506493506490","0"
"Errigoiti","Bizkaia","País Vasco-Euskadi","-2.115384615384610","0"
"Corpa","Madrid","Comunidad de Madrid","18.926974664679598","0"
"Valsalobre","Cuenca","Castilla-La Mancha","-38.235294117647101","0"
"Ortigosa de Pestaño","Segovia","Castilla y León","-40.243902439024396","0"
"Santiuste","Guadalajara","Castilla-La Mancha","-25.000000000000000","0"
"Masdenverge","Tarragona","Cataluña-Catalunya","2.802893309222420","0"
"Figuerola del Camp","Tarragona","Cataluña-Catalunya","-2.318840579710150","0"
"Creixell","Tarragona","Cataluña-Catalunya","17.356321839080504","0"
"Zafarraya","Granada","Andalucía","6.623826000988630","0"
"Agramunt","Lleida","Cataluña-Catalunya","0.018132366273799","0"
"Paredes de Escalona","Toledo","Castilla-La Mancha","-20.253164556962002","0"
"Valdesotos","Guadalajara","Castilla-La Mancha","26.086956521739101","0"
"Salou","Tarragona","Cataluña-Catalunya","13.803750282400799","0"
"Pedrosa de Duero","Burgos","Castilla y León","5.986696230598669","0"
"Periana","Málaga","Andalucía","-2.112466527819100","0"
"Las Ventas de Retamosa","Toledo","Castilla-La Mancha","20.625553260548799","0"
"Cubilla","Soria","Castilla y León","-42.857142857142904","0"
"Santa Croya de Tera","Zamora","Castilla y León","-20.000000000000000","0"
"Cabrillas","Salamanca","Castilla y León","-21.927710843373504","0"
"Nafría de Ucero","Soria","Castilla y León","-5.000000000000000","0"
"Consell","Illes Balears","Illes Balears","11.531484840632299","0"
"El Herrumblar","Cuenca","Castilla-La Mancha","5.292479108635100","0"
"Alaior","Illes Balears","Illes Balears","6.395983409735871","0"
"Casares de las Hurdes","Cáceres","Extremadura","-4.265402843601899","0"
"Novelda","Alacant-Alicante","Comunitat Valenciana","-1.981591358588160","0"
"Cincovillas","Guadalajara","Castilla-La Mancha","0.000000000000000","0"
"Ceinos de Campos","Valladolid","Castilla y León","-27.380952380952401","0"
"Adrados","Segovia","Castilla y León","-21.794871794871799","0"
"Padilla de Arriba","Burgos","Castilla y León","11.250000000000000","0"
"Torreadrada","Segovia","Castilla y León","-33.333333333333300","0"
"Navardún","Zaragoza","Aragón","-11.627906976744200","0"
"Santed","Zaragoza","Aragón","1.515151515151510","0"
"Benissa","Alacant-Alicante","Comunitat Valenciana","6.109574835810579","0"
"Chagarcía Medianero","Salamanca","Castilla y León","-14.893617021276599","0"
"Espejo","Córdoba","Andalucía","-7.628094415659181","0"
"Piqueras del Castillo","Cuenca","Castilla-La Mancha","-24.590163934426197","0"
"Mura","Barcelona","Cataluña-Catalunya","8.056872037914690","0"
"La Cabeza de Béjar","Salamanca","Castilla y León","-31.764705882352899","0"
"Algar","Cádiz","Andalucía","-2.564102564102560","0"
"Arcediano","Salamanca","Castilla y León","-9.090909090909092","0"
"Cañada Vellida","Teruel","Aragón","8.108108108108111","0"
"Santo Domingo de las Posadas","Ávila","Castilla y León","-8.860759493670889","0"
"Aldehuela de Liestos","Zaragoza","Aragón","2.000000000000000","0"
"Santa Cruz de Moya","Cuenca","Castilla-La Mancha","-14.828897338402998","0"
"Pleitas","Zaragoza","Aragón","-20.930232558139501","0"
"Montemolín","Badajoz","Extremadura","-12.747102931152000","0"
"Albanyà","Girona","Cataluña-Catalunya","10.322580645161301","0"
"Alòs de Balaguer","Lleida","Cataluña-Catalunya","-9.523809523809520","0"
"Fondón","Almería","Andalucía","10.393541876892000","0"
"Tielmes","Madrid","Comunidad de Madrid","4.776461597248760","0"
"Gallegos","Segovia","Castilla y León","0.000000000000000","0"
"Corbera de Llobregat","Barcelona","Cataluña-Catalunya","8.632436608836130","0"
"Villava/Atarrabia","Navarra","Comunidad Foral de Navarra","-1.410243854666540","0"
"Piornal","Cáceres","Extremadura","-5.100064557779209","0"
"Anguciana","La Rioja","La Rioja","-5.844155844155840","0"
"Mambrilla de Castrejón","Burgos","Castilla y León","15.463917525773201","0"
"Mas de las Matas","Teruel","Aragón","-6.570996978851960","0"
"La Sequera de Haza","Burgos","Castilla y León","-22.857142857142897","0"
"l'Énova","València-Valencia","Comunitat Valenciana","-6.448311156601839","0"
"Villores","Castelló-Castellón","Comunitat Valenciana","28.571428571428601","0"
"Aranarache/Aranaratxe","Navarra","Comunidad Foral de Navarra","-9.090909090909092","0"
"Guardamar del Segura","Alacant-Alicante","Comunitat Valenciana","11.084043848964699","0"
"Cimballa","Zaragoza","Aragón","-23.684210526315798","0"
"Sotragero","Burgos","Castilla y León","4.593639575971730","0"
"Vega de Pas","Cantabria","Cantabria","-7.490636704119850","0"
"Villar de la Encina","Cuenca","Castilla-La Mancha","-1.282051282051280","0"
"El Cabaco","Salamanca","Castilla y León","-7.392996108949420","0"
"El Cañavate","Cuenca","Castilla-La Mancha","-14.814814814814799","0"
"Vianos","Albacete","Castilla-La Mancha","-17.223650385604103","0"
"Villatuelda","Burgos","Castilla y León","15.217391304347798","0"
"Palomar de Arroyos","Teruel","Aragón","-9.239130434782611","0"
"Altea","Alacant-Alicante","Comunitat Valenciana","5.782041033839601","0"
"Alcudia de Veo","Castelló-Castellón","Comunitat Valenciana","-6.880733944954129","0"
"Moya","Cuenca","Castilla-La Mancha","-1.162790697674420","0"
"Villazanzo de Valderaduey","León","Castilla y León","-22.653061224489797","0"
"Torreperogil","Jaén","Andalucía","-6.473684210526319","0"
"Borrassà","Girona","Cataluña-Catalunya","9.478021978021982","0"
"Olesa de Bonesvalls","Barcelona","Cataluña-Catalunya","21.613832853025901","0"
"Collazos de Boedo","Palencia","Castilla y León","-12.396694214876000","0"
"Albaida del Aljarafe","Sevilla","Andalucía","5.341534477177080","0"
"Jérica","Castelló-Castellón","Comunitat Valenciana","10.672424429364600","0"
"Fuentepiñel","Segovia","Castilla y León","-31.428571428571402","0"
"Berga","Barcelona","Cataluña-Catalunya","3.056635877491490","0"
"Quintanilla del Agua y Tordueles","Burgos","Castilla y León","-22.421524663677101","0"
"Cortegana","Huelva","Andalucía","-7.482587064676620","0"
"Población de Cerrato","Palencia","Castilla y León","-12.931034482758601","0"
"Estamariu","Lleida","Cataluña-Catalunya","11.764705882352899","0"
"Sant Feliu de Llobregat","Barcelona","Cataluña-Catalunya","5.355141255861829","0"
"Fuente el Fresno","Ciudad Real","Castilla-La Mancha","-10.489510489510499","0"
"Cava","Lleida","Cataluña-Catalunya","-26.666666666666700","0"
"Sot de Chera","València-Valencia","Comunitat Valenciana","13.101604278074900","0"
"Aldeaseca de la Frontera","Salamanca","Castilla y León","-12.413793103448301","0"
"Mestanza","Ciudad Real","Castilla-La Mancha","-10.887096774193500","0"
"Herbers","Castelló-Castellón","Comunitat Valenciana","14.814814814814799","0"
"La Puerta de Segura","Jaén","Andalucía","-12.431156569630202","0"
"Òrrius","Barcelona","Cataluña-Catalunya","15.797101449275400","0"
"Huélago","Granada","Andalucía","-16.666666666666700","0"
"Navaluenga","Ávila","Castilla y León","6.758756783423780","0"
"Urnieta","Gipuzkoa","País Vasco-Euskadi","0.032268473701194","0"
"Barrachina","Teruel","Aragón","-12.408759124087599","0"
"Santa Oliva","Tarragona","Cataluña-Catalunya","11.256464861575900","0"
"Buenaventura","Toledo","Castilla-La Mancha","-18.398268398268399","0"
"Fuentes de Ropel","Zamora","Castilla y León","-12.240184757505798","0"
"Ajamil de Cameros","La Rioja","La Rioja","25.000000000000000","0"
"La Granja","Cáceres","Extremadura","-11.977715877437301","0"
"Santa Maria de Merlès","Barcelona","Cataluña-Catalunya","-1.694915254237290","0"
"Alcalá de los Gazules","Cádiz","Andalucía","-3.198809745211080","0"
"Lupión","Jaén","Andalucía","-12.770562770562799","0"
"Zapardiel de la Cañada","Ávila","Castilla y León","-19.417475728155299","0"
"Suflí","Almería","Andalucía","4.566210045662101","0"
"Montejo de la Sierra","Madrid","Comunidad de Madrid","4.958677685950410","0"
"Poveda","Ávila","Castilla y León","-39.285714285714299","0"
"Asín","Zaragoza","Aragón","-3.809523809523810","0"
"Perilla de Castro","Zamora","Castilla y León","-12.154696132596699","0"
"Hervías","La Rioja","La Rioja","3.100775193798450","0"
"Clariana de Cardener","Lleida","Cataluña-Catalunya","12.857142857142902","0"
"Lominchar","Toledo","Castilla-La Mancha","11.585623678646899","0"
"Tramacastiel","Teruel","Aragón","-16.216216216216196","0"
"Alberite","La Rioja","La Rioja","2.576112412177990","0"
"Puerto de San Vicente","Toledo","Castilla-La Mancha","-19.801980198019798","0"
"Sarrià de Ter","Girona","Cataluña-Catalunya","7.899534130038490","0"
"Valdehijaderos","Salamanca","Castilla y León","1.219512195121950","0"
"Valhermoso de la Fuente","Cuenca","Castilla-La Mancha","20.967741935483897","0"
"Villaselán","León","Castilla y León","-17.351598173516003","0"
"Miranda de Azán","Salamanca","Castilla y León","6.557377049180330","0"
"Báguena","Teruel","Aragón","-19.881305637982198","0"
"Sant Ramon","Lleida","Cataluña-Catalunya","-1.411290322580650","0"
"Alpartir","Zaragoza","Aragón","-0.696864111498258","0"
"La Rinconada de la Sierra","Salamanca","Castilla y León","-12.903225806451600","0"
"Campillo de Aranda","Burgos","Castilla y León","-1.136363636363640","0"
"Villamoratiel de las Matas","León","Castilla y León","-16.447368421052602","0"
"Fuenllana","Ciudad Real","Castilla-La Mancha","-24.723247232472296","0"
"Sotillo de la Ribera","Burgos","Castilla y León","-10.800744878957202","0"
"Beade","Ourense","Galicia","-21.551724137931000","0"
"La Riba","Tarragona","Cataluña-Catalunya","-4.825291181364389","0"
"Castillo-Albaráñez","Cuenca","Castilla-La Mancha","21.052631578947405","0"
"Roda de Eresma","Segovia","Castilla y León","24.378109452736300","0"
"Fraga","Huesca","Aragón","2.994774219482780","0"
"La Garganta","Cáceres","Extremadura","-23.922413793103402","0"
"Villalba de la Loma","Valladolid","Castilla y León","-1.612903225806450","0"
"Villanueva de los Castillejos","Huelva","Andalucía","7.070340826686000","0"
"Tordillos","Salamanca","Castilla y León","-20.782396088019599","0"
"Arroyo de la Luz","Cáceres","Extremadura","-8.785445009014920","0"
"Chulilla","València-Valencia","Comunitat Valenciana","3.463855421686750","0"
"Beniflá","València-Valencia","Comunitat Valenciana","7.317073170731710","0"
"Valdeltormo","Teruel","Aragón","-0.634920634920635","0"
"Macharaviaya","Málaga","Andalucía","12.473118279569901","0"
"La Guardia de Jaén","Jaén","Andalucía","9.016220771013270","0"
"Sangarcía","Segovia","Castilla y León","-16.473988439306403","0"
"Arroyomolinos de León","Huelva","Andalucía","-5.511022044088181","0"
"Valdilecha","Madrid","Comunidad de Madrid","11.886395511921499","0"
"Pinedas","Salamanca","Castilla y León","-0.934579439252336","0"
"Casalarreina","La Rioja","La Rioja","-10.530749789384998","0"
"Espinosa de los Monteros","Burgos","Castilla y León","-11.250000000000000","0"
"Camprovín","La Rioja","La Rioja","12.258064516128998","0"
"Aria","Navarra","Comunidad Foral de Navarra","-10.909090909090901","0"
"Mirabueno","Guadalajara","Castilla-La Mancha","-12.621359223301001","0"
"Vinaròs","Castelló-Castellón","Comunitat Valenciana","4.760560398066130","0"
"Montoro","Córdoba","Andalucía","-6.352627257799669","0"
"Castellanos de Villiquera","Salamanca","Castilla y León","-2.148997134670489","0"
"La Pesquera","Cuenca","Castilla-La Mancha","-13.095238095238100","0"
"Santa María de las Hoyas","Soria","Castilla y León","-17.073170731707300","0"
"Berantevilla","Araba-Álava","País Vasco-Euskadi","-5.450733752620550","0"
"Planes","Alacant-Alicante","Comunitat Valenciana","-10.154241645244200","0"
"Peralejos de Abajo","Salamanca","Castilla y León","3.067484662576690","0"
"Santibáñez del Val","Burgos","Castilla y León","28.571428571428601","0"
"La Malahá","Granada","Andalucía","-0.431732325957906","0"
"Tazacorte","Santa Cruz de Tenerife","Canarias","-5.553261767134601","0"
"Bolaños de Campos","Valladolid","Castilla y León","-31.179775280898902","0"
"Benifallim","Alacant-Alicante","Comunitat Valenciana","-8.264462809917362","0"
"Bobadilla del Campo","Valladolid","Castilla y León","-10.759493670886100","0"
"Rublacedo de Abajo","Burgos","Castilla y León","-3.030303030303030","0"
"Benimarfull","Alacant-Alicante","Comunitat Valenciana","-2.088167053364270","0"
"Torre los Negros","Teruel","Aragón","-19.148936170212803","0"
"Calvarrasa de Abajo","Salamanca","Castilla y León","4.473684210526319","0"
"Viator","Almería","Andalucía","9.901873327386259","0"
"L'Albi","Lleida","Cataluña-Catalunya","-8.393285371702641","0"
"Armallones","Guadalajara","Castilla-La Mancha","-8.333333333333330","0"
"Calahorra de Boedo","Palencia","Castilla y León","-11.224489795918400","0"
"O Incio","Lugo","Galicia","-15.191986644407299","0"
"Valderrubio","Granada","Andalucía","0.000000000000000","0"
"Navamorcuende","Toledo","Castilla-La Mancha","-9.523809523809520","0"
"Valfarta","Huesca","Aragón","-15.068493150684901","0"
"Narros de Saldueña","Ávila","Castilla y León","-4.310344827586210","0"
"Tresjuncos","Cuenca","Castilla-La Mancha","-20.118343195266299","0"
"Santa María del Monte de Cea","León","Castilla y León","-18.461538461538503","0"
"Susinos del Páramo","Burgos","Castilla y León","9.345794392523361","0"
"Villanueva de Teba","Burgos","Castilla y León","-6.521739130434780","0"
"Ciadoncha","Burgos","Castilla y León","-11.764705882352899","0"
"La Secuita","Tarragona","Cataluña-Catalunya","8.108108108108111","0"
"Barillas","Navarra","Comunidad Foral de Navarra","28.855721393034798","0"
"La Albuera","Badajoz","Extremadura","-1.330704780680140","0"
"Villagarcía de Campos","Valladolid","Castilla y León","-21.823204419889500","0"
"Navalacruz","Ávila","Castilla y León","-15.830115830115799","0"
"Folgoso do Courel","Lugo","Galicia","-9.222423146473780","0"
"Alba","Teruel","Aragón","-11.792452830188701","0"
"Osornillo","Palencia","Castilla y León","-10.606060606060600","0"
"Regencós","Girona","Cataluña-Catalunya","-7.560137457044670","0"
"Escobar de Campos","León","Castilla y León","-31.250000000000000","0"
"San Adrián","Navarra","Comunidad Foral de Navarra","3.426640926640930","0"
"Rillo","Teruel","Aragón","-8.490566037735851","0"
"Alfara de Carles","Tarragona","Cataluña-Catalunya","-8.607594936708859","0"
"Fuente-Olmedo","Valladolid","Castilla y León","-9.756097560975610","0"
"Bellreguard","València-Valencia","Comunitat Valenciana","2.101018675721560","0"
"Beniarjó","València-Valencia","Comunitat Valenciana","3.140495867768590","0"
"Navamorales","Salamanca","Castilla y León","-44.871794871794897","0"
"Torre del Burgo","Guadalajara","Castilla-La Mancha","106.637168141592994","0"
"Gualta","Girona","Cataluña-Catalunya","18.784530386740297","0"
"Canet d'En Berenguer","València-Valencia","Comunitat Valenciana","15.390724269377401","0"
"Navas de Jorquera","Albacete","Castilla-La Mancha","0.000000000000000","0"
"Fresno del Río","Palencia","Castilla y León","-5.820105820105820","0"
"Santa Cruz de Nogueras","Teruel","Aragón","-45.238095238095198","0"
"Gascones","Madrid","Comunidad de Madrid","27.932960893854702","0"
"Torrente de Cinca","Huesca","Aragón","-6.970954356846470","0"
"Peque","Zamora","Castilla y León","-29.142857142857100","0"
"Valdevacas y Guijar","Segovia","Castilla y León","-12.371134020618600","0"
"Dos Torres","Córdoba","Andalucía","-2.416052416052420","0"
"Chillón","Ciudad Real","Castilla-La Mancha","-10.640443772062499","0"
"Puebla de Sancho Pérez","Badajoz","Extremadura","-5.646890636168690","0"
"Torres de Barbués","Huesca","Aragón","-11.262798634812301","0"
"El Pinar de El Hierro","Santa Cruz de Tenerife","Canarias","11.937812326485298","0"
"Tortuero","Guadalajara","Castilla-La Mancha","5.263157894736840","0"
"Villarmentero de Esgueva","Valladolid","Castilla y León","-5.714285714285709","0"
"Moscardón","Teruel","Aragón","-6.666666666666670","0"
"Arenys de Mar","Barcelona","Cataluña-Catalunya","6.761612334226169","0"
"Valenzuela de Calatrava","Ciudad Real","Castilla-La Mancha","-8.146067415730339","0"
"Crecente","Pontevedra","Galicia","-12.516585581601101","0"
"Villaverde de Montejo","Segovia","Castilla y León","-38.461538461538495","0"
"Salobreña","Granada","Andalucía","1.053817070227660","0"
"Berzosa del Lozoya","Madrid","Comunidad de Madrid","14.814814814814799","0"
"Donamaria","Navarra","Comunidad Foral de Navarra","-0.219298245614035","0"
"Chiloeches","Guadalajara","Castilla-La Mancha","20.151057401812700","0"
"Azuqueca de Henares","Guadalajara","Castilla-La Mancha","0.461298995330409","0"
"Torrebesses","Lleida","Cataluña-Catalunya","1.030927835051550","0"
"Alfara de la Baronia","València-Valencia","Comunitat Valenciana","12.110091743119300","0"
"Boniches","Cuenca","Castilla-La Mancha","0.000000000000000","0"
"Ardón","León","Castilla y León","-8.674304418985271","0"
"Monòver/Monóvar","Alacant-Alicante","Comunitat Valenciana","0.658105939004815","0"
"Guaza de Campos","Palencia","Castilla y León","-6.557377049180330","0"
"Arrieta","Bizkaia","País Vasco-Euskadi","1.396160558464220","0"
"Bèlgida","València-Valencia","Comunitat Valenciana","-8.933717579250720","0"
"Jabaloyas","Teruel","Aragón","1.369863013698630","0"
"Salobre","Albacete","Castilla-La Mancha","-22.459893048128301","0"
"Balsa de Ves","Albacete","Castilla-La Mancha","-23.863636363636402","0"
"Santo Adriano","Asturias","Principado de Asturias","11.718750000000000","0"
"La Gallega","Burgos","Castilla y León","-30.000000000000000","0"
"Das","Girona","Cataluña-Catalunya","16.818181818181802","0"
"Espeja","Salamanca","Castilla y León","-18.217054263565895","0"
"Sobradillo","Salamanca","Castilla y León","-29.457364341085299","0"
"Villoldo","Palencia","Castilla y León","-10.638297872340399","0"
"Avellanosa de Muñó","Burgos","Castilla y León","-14.406779661016902","0"
"Belalcázar","Córdoba","Andalucía","-8.433031806244530","0"
"Arens de Lledó","Teruel","Aragón","-1.442307692307690","0"
"Renau","Tarragona","Cataluña-Catalunya","12.056737588652499","0"
"Megeces","Valladolid","Castilla y León","-7.252747252747249","0"
"Saelices de la Sal","Guadalajara","Castilla-La Mancha","-16.071428571428601","0"
"Cervatos de la Cueza","Palencia","Castilla y León","-13.000000000000000","0"
"Pratdip","Tarragona","Cataluña-Catalunya","5.547445255474450","0"
"Calmarza","Zaragoza","Aragón","-23.684210526315798","0"
"Albalate del Arzobispo","Teruel","Aragón","-3.456790123456790","0"
"Berriatua","Bizkaia","País Vasco-Euskadi","-1.618122977346280","0"
"Alcorisa","Teruel","Aragón","-5.534517914360620","0"
"Rebollar","Soria","Castilla y León","-10.000000000000000","0"
"Adiós","Navarra","Comunidad Foral de Navarra","1.176470588235290","0"
"Monleón","Salamanca","Castilla y León","-3.260869565217390","0"
"Pastrana","Guadalajara","Castilla-La Mancha","-10.880316518298701","0"
"Rupit i Pruit","Barcelona","Cataluña-Catalunya","-7.666666666666670","0"
"Arriate","Málaga","Andalucía","-1.381818181818180","0"
"El Masnou","Barcelona","Cataluña-Catalunya","6.327499780142470","0"
"Joarilla de las Matas","León","Castilla y León","-27.051671732522799","0"
"Fisterra","A Coruña","Galicia","-2.632669983416250","0"
"Villasila de Valdavia","Palencia","Castilla y León","-13.513513513513500","0"
"Fortanete","Teruel","Aragón","10.447761194029798","0"
"Tabanera de Cerrato","Palencia","Castilla y León","13.114754098360700","0"
"Encío","Burgos","Castilla y León","-6.521739130434780","0"
"Cornellà del Terri","Girona","Cataluña-Catalunya","7.427293064876960","0"
"Robres","Huesca","Aragón","-9.043478260869572","0"
"Aldea del Obispo","Salamanca","Castilla y León","-15.644171779141100","0"
"Poza de la Sal","Burgos","Castilla y León","-14.880952380952399","0"
"Arevalillo","Ávila","Castilla y León","-31.034482758620701","0"
"Cervera de la Cañada","Zaragoza","Aragón","-13.924050632911399","0"
"Olazti/Olazagutía","Navarra","Comunidad Foral de Navarra","-4.445876288659790","0"
"Gajates","Salamanca","Castilla y León","-13.095238095238100","0"
"El Pinell de Brai","Tarragona","Cataluña-Catalunya","-6.505576208178439","0"
"Estriégana","Guadalajara","Castilla-La Mancha","-33.333333333333300","0"
"Villanueva del Ariscal","Sevilla","Andalucía","7.748260594560411","0"
"Huete","Cuenca","Castilla-La Mancha","-9.197235513024991","0"
"Oencia","León","Castilla y León","-13.677811550151999","0"
"Burguillos del Cerro","Badajoz","Extremadura","-5.898876404494380","0"
"Quesa","València-Valencia","Comunitat Valenciana","-6.770098730606490","0"
"Arenys de Munt","Barcelona","Cataluña-Catalunya","8.770510746475621","0"
"Bovera","Lleida","Cataluña-Catalunya","-11.034482758620701","0"
"Vadillo","Soria","Castilla y León","-34.399999999999999","0"
"Vizcaínos","Burgos","Castilla y León","2.173913043478260","0"
"Pedrafita do Cebreiro","Lugo","Galicia","-21.298701298701300","0"
"Selaya","Cantabria","Cantabria","-7.286432160804021","0"
"Beires","Almería","Andalucía","28.571428571428601","0"
"Sotillo de las Palomas","Toledo","Castilla-La Mancha","-13.930348258706500","0"
"Soneja","Castelló-Castellón","Comunitat Valenciana","1.276024177300200","0"
"Casas Bajas","València-Valencia","Comunitat Valenciana","-11.282051282051299","0"
"Cabezas del Villar","Ávila","Castilla y León","-13.653136531365300","0"
"Villanueva de Córdoba","Córdoba","Andalucía","-8.302623021894650","0"
"Villahermosa","Ciudad Real","Castilla-La Mancha","-17.522803648583800","0"
"Murueta","Bizkaia","País Vasco-Euskadi","8.360128617363339","0"
"Viver","Castelló-Castellón","Comunitat Valenciana","5.583437892095359","0"
"Guadassuar","València-Valencia","Comunitat Valenciana","0.556680161943320","0"
"Buenavista de Valdavia","Palencia","Castilla y León","-12.711864406779700","0"
"Aguas Cándidas","Burgos","Castilla y León","-4.761904761904760","0"
"Víznar","Granada","Andalucía","1.210898082744700","0"
"Santaliestra y San Quílez","Huesca","Aragón","-22.222222222222200","0"
"Ráfol de Salem","València-Valencia","Comunitat Valenciana","9.112149532710280","0"
"Cerecinos de Campos","Zamora","Castilla y León","-20.000000000000000","0"
"Villarquemado","Teruel","Aragón","-2.370203160270880","0"
"Puig-reig","Barcelona","Cataluña-Catalunya","4.563822201093421","0"
"Cabeza del Buey","Badajoz","Extremadura","-12.437905999235801","0"
"Tortuera","Guadalajara","Castilla-La Mancha","-15.920398009950199","0"
"Mazcuerras","Cantabria","Cantabria","-2.252463632097610","0"
"El Borge","Málaga","Andalucía","-3.946002076843200","0"
"Fuendejalón","Zaragoza","Aragón","-11.990686845168799","0"
"Albarreal de Tajo","Toledo","Castilla-La Mancha","0.136239782016349","0"
"Brincones","Salamanca","Castilla y León","-1.639344262295080","0"
"Algueña","Alacant-Alicante","Comunitat Valenciana","-4.255319148936170","0"
"Arnedillo","La Rioja","La Rioja","-9.543568464730289","0"
"Berceo","La Rioja","La Rioja","-21.910112359550599","0"
"Matanza","León","Castilla y León","-15.942028985507200","0"
"San José del Valle","Cádiz","Andalucía","0.650661880188468","0"
"Mancor de la Vall","Illes Balears","Illes Balears","25.210084033613402","0"
"Ballesteros de Calatrava","Ciudad Real","Castilla-La Mancha","-13.317757009345799","0"
"Puebla de Lillo","León","Castilla y León","-2.881844380403460","0"
"Condemios de Arriba","Guadalajara","Castilla-La Mancha","-10.077519379845000","0"
"Alba de Yeltes","Salamanca","Castilla y León","-14.102564102564099","0"
"Zotes del Páramo","León","Castilla y León","-12.633832976445399","0"
"La Hija de Dios","Ávila","Castilla y León","1.265822784810130","0"
"Huéscar","Granada","Andalucía","-7.102418939783841","0"
"Ger","Girona","Cataluña-Catalunya","17.361111111111100","0"
"Villar y Velasco","Cuenca","Castilla-La Mancha","-22.772277227722803","0"
"Escobar de Polendos","Segovia","Castilla y León","-8.808290155440410","0"
"Cenlle","Ourense","Galicia","-11.983805668016201","0"
"Uña de Quintana","Zamora","Castilla y León","-21.118012422360199","0"
"Anievas","Cantabria","Cantabria","-18.042813455657502","0"
"Blascosancho","Ávila","Castilla y León","-11.666666666666700","0"
"Pollos","Valladolid","Castilla y León","-7.523510971786830","0"
"Castrelo do Val","Ourense","Galicia","-10.820559062218200","0"
"Navezuelas","Cáceres","Extremadura","-1.818181818181820","0"
"Torreblascopedro","Jaén","Andalucía","-12.540424002874600","0"
"Rebolledo de la Torre","Burgos","Castilla y León","-22.580645161290299","0"
"Loarre","Huesca","Aragón","3.550295857988170","0"
"Villaquirán de la Puebla","Burgos","Castilla y León","0.000000000000000","0"
"Metauten","Navarra","Comunidad Foral de Navarra","-6.228373702422150","0"
"Sando","Salamanca","Castilla y León","-18.055555555555596","0"
"Fago","Huesca","Aragón","8.333333333333330","0"
"Alcóntar","Almería","Andalucía","-3.114186851211071","0"
"Tivenys","Tarragona","Cataluña-Catalunya","4.452054794520550","0"
"Añana","Araba-Álava","País Vasco-Euskadi","-5.454545454545451","0"
"Artana","Castelló-Castellón","Comunitat Valenciana","-0.702106318956871","0"
"Tejeda","Las Palmas","Canarias","-7.336683417085430","0"
"Vistabella del Maestrat","Castelló-Castellón","Comunitat Valenciana","-3.906250000000000","0"
"Fortià","Girona","Cataluña-Catalunya","10.704225352112699","0"
"Calzada de Don Diego","Salamanca","Castilla y León","-28.645833333333300","0"
"Revillarruz","Burgos","Castilla y León","22.444889779559098","0"
"Sahún","Huesca","Aragón","4.934210526315789","0"
"Esporles","Illes Balears","Illes Balears","5.991902834008100","0"
"Albanchez de Mágina","Jaén","Andalucía","-15.964912280701800","0"
"Entrena","La Rioja","La Rioja","6.229720960415319","0"
"Plasenzuela","Cáceres","Extremadura","0.201207243460765","0"
"Breña Baja","Santa Cruz de Tenerife","Canarias","11.125605665300000","0"
"A Arnoia","Ourense","Galicia","-3.653846153846150","0"
"Jarque de la Val","Teruel","Aragón","-21.951219512195102","0"
"Gallegos del Pan","Zamora","Castilla y León","-16.417910447761198","0"
"Rezmondo","Burgos","Castilla y León","26.666666666666700","0"
"Ares del Maestrat","Castelló-Castellón","Comunitat Valenciana","-17.142857142857100","0"
"Polop","Alacant-Alicante","Comunitat Valenciana","23.788546255506599","0"
"Angón","Guadalajara","Castilla-La Mancha","-58.823529411764710","0"
"Secastilla","Huesca","Aragón","1.369863013698630","0"
"Arruazu","Navarra","Comunidad Foral de Navarra","7.207207207207210","0"
"Castroponce","Valladolid","Castilla y León","-16.352201257861601","0"
"Horcajo de Santiago","Cuenca","Castilla-La Mancha","-0.054451402123605","0"
"Montejo de Arévalo","Segovia","Castilla y León","-20.487804878048802","0"
"Quintanilla de Onésimo","Valladolid","Castilla y León","-9.467989179440941","0"
"Villar de los Navarros","Zaragoza","Aragón","33.333333333333300","0"
"Férez","Albacete","Castilla-La Mancha","-14.186369958275399","0"
"Sena de Luna","León","Castilla y León","1.804123711340210","0"
"Montanuy","Huesca","Aragón","1.687763713080170","0"
"Sagra","Alacant-Alicante","Comunitat Valenciana","8.333333333333330","0"
"Alió","Tarragona","Cataluña-Catalunya","17.592592592592602","0"
"Castejón de Monegros","Huesca","Aragón","-16.724738675958196","0"
"Piera","Barcelona","Cataluña-Catalunya","14.686666666666699","0"
"Sant Joan de Moró","Castelló-Castellón","Comunitat Valenciana","15.467980295566498","0"
"la Torre d'en Doménec","Castelló-Castellón","Comunitat Valenciana","-17.840375586854499","0"
"Les Preses","Girona","Cataluña-Catalunya","7.392776523702030","0"
"Adra","Almería","Andalucía","1.666532160439030","0"
"Vilassar de Mar","Barcelona","Cataluña-Catalunya","4.310131285608120","0"
"Garlitos","Badajoz","Extremadura","-14.580031695721100","0"
"El Vallecillo","Teruel","Aragón","-26.000000000000000","0"
"Mas de Barberans","Tarragona","Cataluña-Catalunya","-12.116316639741498","0"
"Castellar de la Muela","Guadalajara","Castilla-La Mancha","-37.837837837837803","0"
"San Felices","Soria","Castilla y León","9.090909090909092","0"
"Berrobi","Gipuzkoa","País Vasco-Euskadi","1.232394366197180","0"
"Trijueque","Guadalajara","Castilla-La Mancha","16.766467065868298","0"
"Premià de Mar","Barcelona","Cataluña-Catalunya","2.144657884458330","0"
"Valdeprado del Río","Cantabria","Cantabria","3.115264797507790","0"
"Santa María del Val","Cuenca","Castilla-La Mancha","6.557377049180330","0"
"Castellonet de la Conquesta","València-Valencia","Comunitat Valenciana","2.054794520547940","0"
"Badolatosa","Sevilla","Andalucía","-1.936507936507940","0"
"Papatrigo","Ávila","Castilla y León","-14.341085271317798","0"
"Calzada del Coto","León","Castilla y León","-12.252964426877499","0"
"Almenara","Castelló-Castellón","Comunitat Valenciana","7.643312101910830","0"
"Adalia","Valladolid","Castilla y León","-10.526315789473699","0"
"Rodezno","La Rioja","La Rioja","-27.338129496402900","0"
"Las Berlanas","Ávila","Castilla y León","-6.590257879656161","0"
"Almudaina","Alacant-Alicante","Comunitat Valenciana","-1.785714285714290","0"
"Puente de Domingo Flórez","León","Castilla y León","-8.523096942094989","0"
"Rubena","Burgos","Castilla y León","14.772727272727302","0"
"Sotoserrano","Salamanca","Castilla y León","-16.134185303514400","0"
"Villalgordo del Júcar","Albacete","Castilla-La Mancha","-6.136560069144340","0"
"El Mirón","Ávila","Castilla y León","-32.413793103448299","0"
"Villasarracino","Palencia","Castilla y León","-5.555555555555561","0"
"Santa Pau","Girona","Cataluña-Catalunya","3.126994256541160","0"
"Robledo del Mazo","Toledo","Castilla-La Mancha","-25.151515151515198","0"
"Cubas de la Sagra","Madrid","Comunidad de Madrid","18.804461484837898","0"
"Pineda de la Sierra","Burgos","Castilla y León","0.000000000000000","0"
"Bedmar y Garcíez","Jaén","Andalucía","-10.234321157822201","0"
"Sant Guim de Freixenet","Lleida","Cataluña-Catalunya","4.065040650406510","0"
"Benissanó","València-Valencia","Comunitat Valenciana","4.285089637079140","0"
"Yuncler","Toledo","Castilla-La Mancha","34.500000000000000","0"
"Melgar de Yuso","Palencia","Castilla y León","-1.503759398496240","0"
"Montmaneu","Barcelona","Cataluña-Catalunya","20.731707317073202","0"
"Holguera","Cáceres","Extremadura","-14.866760168302902","0"
"Saldes","Barcelona","Cataluña-Catalunya","7.067137809187280","0"
"Navas de San Antonio","Segovia","Castilla y León","-9.068627450980390","0"
"Revilla de Collazos","Palencia","Castilla y León","-7.142857142857141","0"
"Cabanelles","Girona","Cataluña-Catalunya","13.580246913580201","0"
"Prados Redondos","Guadalajara","Castilla-La Mancha","-33.333333333333300","0"
"Valdastillas","Cáceres","Extremadura","-7.164179104477610","0"
"Boada de Campos","Palencia","Castilla y León","5.555555555555561","0"
"Sant Feliu de Pallerols","Girona","Cataluña-Catalunya","18.329637841833001","0"
"Arroyo de las Fraguas","Guadalajara","Castilla-La Mancha","10.000000000000000","0"
"Arquillinos","Zamora","Castilla y León","-3.333333333333330","0"
"Montorio","Burgos","Castilla y León","-8.536585365853661","0"
"Beizama","Gipuzkoa","País Vasco-Euskadi","-19.760479041916199","0"
"Freila","Granada","Andalucía","-9.238578680203041","0"
"Paniza","Zaragoza","Aragón","-18.518518518518501","0"
"Ariño","Teruel","Aragón","-16.258064516129000","0"
"A Mezquita","Ourense","Galicia","-12.813852813852799","0"
"Cabrejas del Pinar","Soria","Castilla y León","-22.422680412371097","0"
"Bakaiku","Navarra","Comunidad Foral de Navarra","2.083333333333330","0"
"Sencelles","Illes Balears","Illes Balears","23.494956068987999","0"
"Fornes","Granada","Andalucía","0.000000000000000","0"
"Barbadillo del Pez","Burgos","Castilla y León","-8.000000000000000","0"
"Alfoz de Lloredo","Cantabria","Cantabria","-1.120448179271710","0"
"Quintanaélez","Burgos","Castilla y León","-12.500000000000000","0"
"Vilagrassa","Lleida","Cataluña-Catalunya","20.817120622568101","0"
"Ayuela","Palencia","Castilla y León","-3.636363636363640","0"
"Santa Magdalena de Pulpis","Castelló-Castellón","Comunitat Valenciana","-5.542168674698800","0"
"Alcalá del Valle","Cádiz","Andalucía","-4.328672668071249","0"
"Barbens","Lleida","Cataluña-Catalunya","6.171428571428570","0"
"Esplegares","Guadalajara","Castilla-La Mancha","-9.756097560975610","0"
"San Pedro de Rozados","Salamanca","Castilla y León","-9.180327868852460","0"
"El Pueyo de Araguás","Huesca","Aragón","19.310344827586199","0"
"Íllar","Almería","Andalucía","16.839378238342000","0"
"Ondarroa","Bizkaia","País Vasco-Euskadi","-4.618075801749271","0"
"El Casar","Guadalajara","Castilla-La Mancha","14.463626213175299","0"
"Valdelinares","Teruel","Aragón","-11.111111111111100","0"
"Cardeña","Córdoba","Andalucía","-10.523038605230399","0"
"Benamocarra","Málaga","Andalucía","1.650709805216240","0"
"Genevilla","Navarra","Comunidad Foral de Navarra","-8.219178082191778","0"
"Sevilla","Sevilla","Andalucía","-1.815908686390800","0"
"Ubide","Bizkaia","País Vasco-Euskadi","-3.888888888888890","0"
"Redován","Alacant-Alicante","Comunitat Valenciana","7.346189164370980","0"
"Guadalupe","Cáceres","Extremadura","-11.578426521524001","0"
"Saldeana","Salamanca","Castilla y León","-16.666666666666700","0"
"Villalmanzo","Burgos","Castilla y León","-7.625272331154680","0"
"Albornos","Ávila","Castilla y León","-14.634146341463401","0"
"Dólar","Granada","Andalucía","0.807754442649435","0"
"Mucientes","Valladolid","Castilla y León","-6.451612903225810","0"
"Narros del Puerto","Ávila","Castilla y León","3.703703703703700","0"
"Madroñal","Salamanca","Castilla y León","-10.828025477707000","0"
"Ossó de Sió","Lleida","Cataluña-Catalunya","-6.635071090047389","0"
"Vallarta de Bureba","Burgos","Castilla y León","-12.500000000000000","0"
"Valdetorres de Jarama","Madrid","Comunidad de Madrid","18.106508875739600","0"
"Luelmo","Zamora","Castilla y León","-19.672131147541002","0"
"Yélamos de Abajo","Guadalajara","Castilla-La Mancha","-3.278688524590160","0"
"Quintanabureba","Burgos","Castilla y León","0.000000000000000","0"
"San Nicolás del Puerto","Sevilla","Andalucía","-2.093397745571660","0"
"San Bartolomé de la Torre","Huelva","Andalucía","9.267359212684530","0"
"Elvillar/Bilar","Araba-Álava","País Vasco-Euskadi","-10.826210826210799","0"
"Villanueva de Algaidas","Málaga","Andalucía","-5.945575120054881","0"
"A Teixeira","Ourense","Galicia","-12.531969309462900","0"
"Alcalà de Xivert","Castelló-Castellón","Comunitat Valenciana","-1.009263099682010","0"
"Macotera","Salamanca","Castilla y León","-16.486261448792700","0"
"Leiro","Ourense","Galicia","-11.582089552238800","0"
"Neila de San Miguel","Ávila","Castilla y León","-21.518987341772199","0"
"Mengíbar","Jaén","Andalucía","0.985618022729558","0"
"Alforja","Tarragona","Cataluña-Catalunya","5.701990317374930","0"
"Pozo de Urama","Palencia","Castilla y León","-36.666666666666707","0"
"Valdenebro de los Valles","Valladolid","Castilla y León","-5.445544554455450","0"
"Corçà","Girona","Cataluña-Catalunya","3.023070803500400","0"
"Sant Feliu de Codines","Barcelona","Cataluña-Catalunya","10.627118644067799","0"
"Alaminos","Guadalajara","Castilla-La Mancha","-12.676056338028200","0"
"Layana","Zaragoza","Aragón","-19.327731092437002","0"
"La Vansa i Fórnols","Lleida","Cataluña-Catalunya","-13.809523809523798","0"
"Castellcir","Barcelona","Cataluña-Catalunya","8.356545961002791","0"
"Gaztelu","Gipuzkoa","País Vasco-Euskadi","-1.754385964912280","0"
"Cabañas de Sayago","Zamora","Castilla y León","-10.897435897435900","0"
"Cilleruelo de Abajo","Burgos","Castilla y León","-20.392156862745100","0"
"Villares de Yeltes","Salamanca","Castilla y León","-24.060150375939799","0"
"Santa Cruz de la Sierra","Cáceres","Extremadura","-5.341246290801190","0"
"Jambrina","Zamora","Castilla y León","-19.337016574585601","0"
"Puntagorda","Santa Cruz de Tenerife","Canarias","14.229443623830599","0"
"El Recuenco","Guadalajara","Castilla-La Mancha","-2.739726027397260","0"
"Prado","Zamora","Castilla y León","-19.696969696969699","0"
"Amusquillo","Valladolid","Castilla y León","-9.649122807017541","0"
"Padilla de Abajo","Burgos","Castilla y León","-25.842696629213503","0"
"Horcajo Medianero","Salamanca","Castilla y León","-5.357142857142859","0"
"Flaçà","Girona","Cataluña-Catalunya","10.951008645533101","0"
"Valdarachas","Guadalajara","Castilla-La Mancha","21.052631578947405","0"
"Santo Tomé de Zabarcos","Ávila","Castilla y León","-2.777777777777780","0"
"Pedraza","Segovia","Castilla y León","-15.962441314554001","0"
"Olost","Barcelona","Cataluña-Catalunya","2.698145025295110","0"
"San Juan del Puerto","Huelva","Andalucía","10.476952990964202","0"
"Aceituna","Cáceres","Extremadura","-5.528455284552849","0"
"Berlangas de Roa","Burgos","Castilla y León","6.703910614525141","0"
"Benimeli","Alacant-Alicante","Comunitat Valenciana","8.591885441527449","0"
"Sotresgudo","Burgos","Castilla y León","-14.400000000000000","0"
"Píñar","Granada","Andalucía","-10.940032414910899","0"
"Agurain/Salvatierra","Araba-Álava","País Vasco-Euskadi","2.685783521809370","0"
"Aldea en Cabo","Toledo","Castilla-La Mancha","10.270270270270299","0"
"Udías","Cantabria","Cantabria","6.779661016949150","0"
"Villaconancio","Palencia","Castilla y León","-11.290322580645201","0"
"San Millán de Lara","Burgos","Castilla y León","-20.253164556962002","0"
"Ayerbe","Huesca","Aragón","-2.187784867821330","0"
"Fuentepinilla","Soria","Castilla y León","-19.191919191919197","0"
"La Nava de Santiago","Badajoz","Extremadura","-10.443349753694601","0"
"Tortellà","Girona","Cataluña-Catalunya","6.476683937823830","0"
"Guarromán","Jaén","Andalucía","-4.693388146625560","0"
"Molinillo","Salamanca","Castilla y León","-21.666666666666700","0"
"Torrenueva Costa","Granada","Andalucía","0.000000000000000","0"
"Rábano","Valladolid","Castilla y León","-13.636363636363601","0"
"Busto de Bureba","Burgos","Castilla y León","-20.000000000000000","0"
"San Agustín del Pozo","Zamora","Castilla y León","-9.947643979057590","0"
"Monterrubio de la Serena","Badajoz","Extremadura","-11.824990145841499","0"
"Moreda de Álava/Moreda Araba","Araba-Álava","País Vasco-Euskadi","-11.864406779661001","0"
"Tormón","Teruel","Aragón","17.857142857142897","0"
"Las Parras de Castellote","Teruel","Aragón","5.172413793103449","0"
"Amoroto","Bizkaia","País Vasco-Euskadi","-5.995203836930460","0"
"Cabó","Lleida","Cataluña-Catalunya","1.020408163265310","0"
"San Roque","Cádiz","Andalucía","14.089044115153799","0"
"Uleila del Campo","Almería","Andalucía","-11.255411255411300","0"
"Santiago del Tormes","Ávila","Castilla y León","-27.152317880794701","0"
"Almonacid de la Cuba","Zaragoza","Aragón","-6.967213114754101","0"
"Zizurkil","Gipuzkoa","País Vasco-Euskadi","-0.734067400734067","0"
"Paderne de Allariz","Ourense","Galicia","-9.702970297029699","0"
"Miedes de Aragón","Zaragoza","Aragón","-8.405172413793100","0"
"Villarta-Quintana","La Rioja","La Rioja","-13.924050632911399","0"
"Sorvilán","Granada","Andalucía","-7.908611599297009","0"
"Duruelo","Segovia","Castilla y León","-3.614457831325300","0"
"La Zoma","Teruel","Aragón","42.105263157894711","0"
"La Victoria de Acentejo","Santa Cruz de Tenerife","Canarias","2.237979171282960","0"
"Santa Cruz de la Serós","Huesca","Aragón","0.000000000000000","0"
"Ventosa de la Cuesta","Valladolid","Castilla y León","-3.571428571428570","0"
"Iniéstola","Guadalajara","Castilla-La Mancha","-28.000000000000000","0"
"Povedilla","Albacete","Castilla-La Mancha","-18.801652892562000","0"
"Petín","Ourense","Galicia","-8.949011446409989","0"
"El Hornillo","Ávila","Castilla y León","-15.555555555555602","0"
"Rianxo","A Coruña","Galicia","-5.444725150274411","0"
"Bailén","Jaén","Andalucía","-6.558445083880780","0"
"Bogajo","Salamanca","Castilla y León","-9.722222222222221","0"
"Baides","Guadalajara","Castilla-La Mancha","-30.000000000000000","0"
"Casas del Puerto","Ávila","Castilla y León","-15.841584158415799","0"
"Salar","Granada","Andalucía","-4.314442413162700","0"
"Benifairó de la Valldigna","València-Valencia","Comunitat Valenciana","-3.836633663366340","0"
"Tragacete","Cuenca","Castilla-La Mancha","-11.842105263157901","0"
"Castrillo-Tejeriego","Valladolid","Castilla y León","-19.072164948453601","0"
"Puebla de Albortón","Zaragoza","Aragón","3.149606299212600","0"
"Beceite","Teruel","Aragón","-2.401372212692970","0"
"Sojuela","La Rioja","La Rioja","109.375000000000000","0"
"Calvos de Randín","Ourense","Galicia","-31.065989847715699","0"
"Cerbón","Soria","Castilla y León","-19.444444444444404","0"
"Burón","León","Castilla y León","-7.836990595611290","0"
"Santiago de Alcántara","Cáceres","Extremadura","-18.803418803418797","0"
"Galbárruli","La Rioja","La Rioja","85.416666666666700","0"
"Polícar","Granada","Andalucía","17.094017094017101","0"
"Tona","Barcelona","Cataluña-Catalunya","5.529206190713930","0"
"Aigües","Alacant-Alicante","Comunitat Valenciana","16.463414634146297","0"
"Machacón","Salamanca","Castilla y León","-2.202643171806170","0"
"Risco","Badajoz","Extremadura","-19.205298013244999","0"
"Carmena","Toledo","Castilla-La Mancha","7.341772151898731","0"
"La Nou de Gaià","Tarragona","Cataluña-Catalunya","15.875912408759099","0"
"Les Oluges","Lleida","Cataluña-Catalunya","3.797468354430380","0"
"Murero","Zaragoza","Aragón","-20.300751879699199","0"
"Hontoria de la Cantera","Burgos","Castilla y León","13.513513513513500","0"
"Marchamalo","Guadalajara","Castilla-La Mancha","24.144657863145298","0"
"Villanueva de la Serena","Badajoz","Extremadura","-1.340944791387300","0"
"Galisancho","Salamanca","Castilla y León","-18.581907090464501","0"
"Letux","Zaragoza","Aragón","-11.081794195250700","0"
