"id_unico","nombre","nombre_municipio","distancia_m_linea_electrica","ccaa","provincia"
175,"Cañadas","Castril","14253.34791272","Andalucía","Granada"
202,"Alicún de Ortega","Alicún de Ortega","15883.0504053","Andalucía","Granada"
302,"Gorafe","Gorafe","9869.13443949","Andalucía","Granada"
303,"Los Torres","Castril","12780.8434565","Andalucía","Granada"
309,"Las Vertientes","Cúllar","16017.09254455","Andalucía","Granada"
270,"Cebas","Castril","12861.92674686","Andalucía","Granada"
714,"Yélamos de Abajo","Yélamos de Abajo","2112.15444571","Castilla-La Mancha","Guadalajara"
326,"Fuente Vera","Castril","9274.46768451","Andalucía","Granada"
733,"Riba de Saelices","Riba de Saelices","5234.27737959","Castilla-La Mancha","Guadalajara"
735,"Villares de Jadraque","Villares de Jadraque","17182.070445","Castilla-La Mancha","Guadalajara"
781,"La Nava","El Ordial","99999","Castilla-La Mancha","Guadalajara"
402,"Puebla de Don Fadrique","Puebla de Don Fadrique","19569.47603303","Andalucía","Granada"
443,"Alfornón","Sorvilán","6798.11822083","Andalucía","Granada"
886,"Chera","Prados Redondos","9664.03336521","Castilla-La Mancha","Guadalajara"
888,"Arbeteta","Arbeteta","11058.47148664","Castilla-La Mancha","Guadalajara"
1469,"Rodellar","Bierge","13871.58270128","Aragón","Huesca"
498,"Villanueva de las Torres","Villanueva de las Torres","11358.36433469","Andalucía","Granada"
517,"Venta Quemada","Cúllar","11082.35805063","Andalucía","Granada"
518,"Zafarraya","Zafarraya","12863.63610625","Andalucía","Granada"
533,"Dehesas de Guadix","Dehesas de Guadix","13052.90099548","Andalucía","Granada"
556,"Pulpite","Cúllar","5457.63042168","Andalucía","Granada"
563,"Almontaras","Castril","13482.14997436","Andalucía","Granada"
591,"Salmerón","Salmerón","1964.2593348","Castilla-La Mancha","Guadalajara"
595,"Lebrancón","Corduente","9766.1914309","Castilla-La Mancha","Guadalajara"
604,"Teroleja","Corduente","2592.22671476","Castilla-La Mancha","Guadalajara"
620,"Yela","Brihuega","13011.70473634","Castilla-La Mancha","Guadalajara"
628,"Huertahernando","Huertahernando","11136.87086962","Castilla-La Mancha","Guadalajara"
635,"Cubillejo de la Sierra","Molina de Aragón","10074.38094108","Castilla-La Mancha","Guadalajara"
609,"Prádena de Atienza","Prádena de Atienza","99999","Castilla-La Mancha","Guadalajara"
617,"Motos","Alustante","99999","Castilla-La Mancha","Guadalajara"
638,"Valdepinillos","La Huerce","99999","Castilla-La Mancha","Guadalajara"
701,"Peralveche","Peralveche","6424.01775198","Castilla-La Mancha","Guadalajara"
708,"Prados Redondos","Prados Redondos","8379.51228178","Castilla-La Mancha","Guadalajara"
689,"Almiruete","Tamajón","99999","Castilla-La Mancha","Guadalajara"
699,"Roblelacasa","Campillo de Ranas","99999","Castilla-La Mancha","Guadalajara"
710,"Zaorejas","Zaorejas","99999","Castilla-La Mancha","Guadalajara"
750,"Colmenar de la Sierra","El Cardoso de la Sierra","15094.0989618","Castilla-La Mancha","Guadalajara"
759,"Alcolea de las Peñas","Alcolea de las Peñas","18686.37081644","Castilla-La Mancha","Guadalajara"
764,"Molina de Aragón","Molina de Aragón","0","Castilla-La Mancha","Guadalajara"
771,"El Olivar","El Olivar","356.89223806","Castilla-La Mancha","Guadalajara"
800,"Balconete","Brihuega","4841.82445267","Castilla-La Mancha","Guadalajara"
801,"Torete","Corduente","10656.74947263","Castilla-La Mancha","Guadalajara"
810,"La Yunta","La Yunta","18373.12140795","Castilla-La Mancha","Guadalajara"
828,"El Cardoso de la Sierra","El Cardoso de la Sierra","9393.44374602","Castilla-La Mancha","Guadalajara"
837,"Embid","Embid","99999","Castilla-La Mancha","Guadalajara"
867,"Tomellosa","Brihuega","6917.59305809","Castilla-La Mancha","Guadalajara"
895,"Tamajón","Tamajón","18610.38342467","Castilla-La Mancha","Guadalajara"
901,"Cincovillas","Cincovillas","19550.94618353","Castilla-La Mancha","Guadalajara"
904,"Sotodosos","Sotodosos","1614.76115963","Castilla-La Mancha","Guadalajara"
936,"Morillejo","Trillo","6306.4002479","Castilla-La Mancha","Guadalajara"
948,"Alcoroches","Alcoroches","18448.6829558","Castilla-La Mancha","Guadalajara"
957,"Esplegares","Esplegares","3511.80276629","Castilla-La Mancha","Guadalajara"
971,"Castilmimbre","Brihuega","4236.11873315","Castilla-La Mancha","Guadalajara"
982,"Arroyo de las Fraguas","Arroyo de las Fraguas","99999","Castilla-La Mancha","Guadalajara"
987,"Orea","Orea","99999","Castilla-La Mancha","Guadalajara"
993,"Villel de Mesa","Villel de Mesa","15607.9742062","Castilla-La Mancha","Guadalajara"
1004,"Valdenaya","Trillo","1121.30300923","Castilla-La Mancha","Guadalajara"
1006,"Terzaga","Terzaga","4285.34916446","Castilla-La Mancha","Guadalajara"
1026,"Bustares","Bustares","99999","Castilla-La Mancha","Guadalajara"
1031,"Baños de Tajo","Baños de Tajo","1383.87358637","Castilla-La Mancha","Guadalajara"
1032,"Saelices de la Sal","Saelices de la Sal","3718.04288862","Castilla-La Mancha","Guadalajara"
1043,"Zarzuela de Jadraque","Zarzuela de Jadraque","14266.60009068","Castilla-La Mancha","Guadalajara"
1050,"Majaelrayo","Majaelrayo","99999","Castilla-La Mancha","Guadalajara"
1055,"Atienza","Atienza","99999","Castilla-La Mancha","Guadalajara"
1061,"Budia","Budia","464.53184515","Castilla-La Mancha","Guadalajara"
1073,"Millana","Millana","4537.01517599","Castilla-La Mancha","Guadalajara"
1077,"Armallones","Armallones","17309.47525244","Castilla-La Mancha","Guadalajara"
1079,"Villaviciosa de Tajuña","Brihuega","6972.84076513","Castilla-La Mancha","Guadalajara"
1087,"Chillarón del Rey","Chillarón del Rey","3313.16756903","Castilla-La Mancha","Guadalajara"
1089,"Valverde de los Arroyos","Valverde de los Arroyos","99999","Castilla-La Mancha","Guadalajara"
1093,"El Espinar","Campillo de Ranas","99999","Castilla-La Mancha","Guadalajara"
1096,"Piqueras","Piqueras","19860.59331124","Castilla-La Mancha","Guadalajara"
1104,"Congostrina","Congostrina","9382.20681248","Castilla-La Mancha","Guadalajara"
1361,"Cañaveral de León","Cañaveral de León","13018.62189019","Andalucía","Huelva"
1357,"Rosal de la Frontera","Rosal de la Frontera","99999","Andalucía","Huelva"
1372,"Paymogo","Paymogo","99999","Andalucía","Huelva"
2168,"Santo Tomé","Santo Tomé","7836.15639728","Andalucía","Jaén"
1666,"Castejón de Monegros","Castejón de Monegros","14555.99789033","Aragón","Huesca"
2193,"Porcuna","Porcuna","6596.21706276","Andalucía","Jaén"
2488,"Zalamillas","Matanza","437.8851046","Castilla y León","León"
2507,"Villar del Monte","Truchas","18584.74702832","Castilla y León","León"
3240,"Oencia","Oencia","10158.30530028","Castilla y León","León"
3253,"La Baña","Encinedo","10312.49149362","Castilla y León","León"
3275,"Santa María del Río","Villaselán","2089.87212841","Castilla y León","León"
3333,"San Miguel de Montañán","Joarilla de las Matas","7226.81010474","Castilla y León","León"
3378,"Rabanal de Luna","Sena de Luna","5017.38085886","Castilla y León","León"
3381,"Suertes","Valle de Ancares","11531.84358397","Castilla y León","León"
3517,"Mena de Babia","Cabrillanes","500.74152607","Castilla y León","León"
3531,"Castroañe","Villaselán","85.63309375","Castilla y León","León"
3534,"Valdemora","Valdemora","2720.02123722","Castilla y León","León"
4227,"Sant Josep de Fontdepou","Àger","7412.30226997","Cataluña-Catalunya","Lleida"
8668,"Arcucelos","Laza","8060.06749739","Galicia","Ourense"
8677,"Estevesiños","Monterrei","3800.35151434","Galicia","Ourense"
1999,"Santisteban del Puerto","Santisteban del Puerto","16679.77510171","Andalucía","Jaén"
2035,"Larues","Bailo","7538.13794679","Aragón","Huesca"
2083,"Villarreal de la Canal","Canal de Berdún","3911.38636516","Aragón","Huesca"
2099,"Pontones","Santiago-Pontones","6216.63387517","Andalucía","Jaén"
2105,"Santiago de la Espada","Santiago-Pontones","5834.41265083","Andalucía","Jaén"
8787,"Albarellos","Monterrei","0","Galicia","Ourense"
2144,"La Cabra Mocha","Porcuna","8190.4117102","Andalucía","Jaén"
2178,"Pontón Alto","Santiago-Pontones","6454.86783453","Andalucía","Jaén"
2205,"La Caleruela","Villacarrillo","6742.59295555","Andalucía","Jaén"
2235,"Huerta del Manco","Santiago-Pontones","6521.78901631","Andalucía","Jaén"
2249,"Castellar","Castellar","13810.96794983","Andalucía","Jaén"
2271,"Burunchel","La Iruela","13511.78087956","Andalucía","Jaén"
2227,"Bélmez de la Moraleda","Bélmez de la Moraleda","99999","Andalucía","Jaén"
2327,"Chilluévar","Chilluévar","13360.02763701","Andalucía","Jaén"
2328,"El Centenillo","Baños de la Encina","18934.63092027","Andalucía","Jaén"
2330,"Los Teatinos","Santiago-Pontones","8292.47736785","Andalucía","Jaén"
2343,"Cabra del Santo Cristo","Cabra del Santo Cristo","18596.66160218","Andalucía","Jaén"
2354,"Villabraz","Villabraz","622.77157485","Castilla y León","León"
2371,"Castrillo de Valderaduey","Villazanzo de Valderaduey","3040.54677595","Castilla y León","León"
2377,"Pinos","San Emiliano","0","Castilla y León","León"
10347,"Peaguda","Rairiz de Veiga","7186.19779841","Galicia","Ourense"
2427,"Pozos","Truchas","16561.12307083","Castilla y León","León"
10791,"Rebordechau","Vilar de Barrio","12952.97402775","Galicia","Ourense"
10792,"Castrelo de Abaixo","Riós","14628.40801661","Galicia","Ourense"
10810,"Souteliño","Laza","12017.7628918","Galicia","Ourense"
2572,"Almanza","Almanza","10486.52935709","Castilla y León","León"
2593,"Valderas","Valderas","289.35319902","Castilla y León","León"
2598,"Robledo de Babia","San Emiliano","1127.98777546","Castilla y León","León"
2664,"Burbia","Vega de Espinareda","11963.15117798","Castilla y León","León"
2672,"Torneros de Jamuz","Quintana y Congosto","13333.86727077","Castilla y León","León"
2828,"Losadilla","Encinedo","9793.76643093","Castilla y León","León"
2912,"Vallecillo","Vallecillo","3665.43825005","Castilla y León","León"
2920,"Genestosa","San Emiliano","3018.90345263","Castilla y León","León"
2947,"Forna","Encinedo","8193.92084801","Castilla y León","León"
2974,"Riolago de Babia","San Emiliano","1217.37888409","Castilla y León","León"
2987,"Villamartín de Don Sancho","Villamartín de Don Sancho","1307.63220563","Castilla y León","León"
2990,"Quintanilla de Yuso","Truchas","15002.07964887","Castilla y León","León"
2992,"Abelgas de Luna","Sena de Luna","9463.36336939","Castilla y León","León"
3051,"Huergas de Babia","Cabrillanes","0","Castilla y León","León"
3067,"Matanza de los Oteros","Matanza","808.55324591","Castilla y León","León"
3084,"Castrotierra de Valmadrigal","Castrotierra de Valmadrigal","4874.53353809","Castilla y León","León"
3089,"Truébano de Babia","San Emiliano","2670.52285694","Castilla y León","León"
3092,"Villaverde de Arcayos","Almanza","5753.63369194","Castilla y León","León"
3140,"Murias de Paredes","Murias de Paredes","10248.78395728","Castilla y León","León"
3143,"La Riera","Cabrillanes","1186.70805187","Castilla y León","León"
3176,"Cofiñal","Puebla de Lillo","8800.48029268","Castilla y León","León"
3188,"Tabuyo del Monte","Luyego","11937.27426211","Castilla y León","León"
3201,"Izagre","Izagre","736.92062357","Castilla y León","León"
3414,"Villasecino de Babia","San Emiliano","2008.59494235","Castilla y León","León"
11378,"San Antolín","Ibias","14387.21867175","Principado de Asturias","Asturias"
14656,"Santa María de Redondo","La Pernía","3814.49408106","Castilla y León","Palencia"
14658,"Rebanal de las Llantas","Cervera de Pisuerga","8408.46920495","Castilla y León","Palencia"
3566,"Joarilla de las Matas","Joarilla de las Matas","7031.59154135","Castilla y León","León"
3603,"Cospedal de Babia","San Emiliano","425.00548012","Castilla y León","León"
18137,"Cerezo de Abajo","Cerezo de Abajo","2813.73221551","Castilla y León","Segovia"
18171,"Fresneda de Sepúlveda","Sotillo","318.40733938","Castilla y León","Segovia"
18505,"Aldeanueva del Campanario","Boceguillas","2515.0512904","Castilla y León","Segovia"
18507,"Sanchopedro","Orejana","8034.548117","Castilla y León","Segovia"
18525,"Luriezo","Cabezón de Liébana","10381.11458279","Cantabria","Cantabria"
3640,"Torrebarrio","San Emiliano","2638.97282885","Castilla y León","León"
3727,"Velilla de Valderaduey","Villazanzo de Valderaduey","564.46421182","Castilla y León","León"
3737,"Gordoncillo","Gordoncillo","7329.67111403","Castilla y León","León"
3807,"Torre de Babia","Cabrillanes","2116.36825852","Castilla y León","León"
3811,"Tejeira","Villafranca del Bierzo","7534.52181138","Castilla y León","León"
3834,"San Emiliano","San Emiliano","337.13541951","Castilla y León","León"
3835,"Santa Eulalia de Cabrera","Encinedo","9338.00542281","Castilla y León","León"
3851,"La Majua","San Emiliano","426.16961776","Castilla y León","León"
3859,"Valdespino Cerón","Matanza","3195.53067578","Castilla y León","León"
3877,"Villeza","Vallecillo","6210.00935264","Castilla y León","León"
3908,"Alcuetas","Villabraz","1449.10870378","Castilla y León","León"
3939,"Valdespino Vaca","Joarilla de las Matas","5780.9578491","Castilla y León","León"
3944,"Monteveloso","Castrelo do Val","10145.40575096","Galicia","Ourense"
4018,"Albires","Izagre","116.57913696","Castilla y León","León"
20900,"Orrios","Orrios","1944.88518839","Aragón","Teruel"
20950,"El Real de San Vicente","El Real de San Vicente","3742.30926512","Castilla-La Mancha","Toledo"
4476,"Gósol","Gósol","590.71975453","Cataluña-Catalunya","Lleida"
4639,"Àger","Àger","6513.17382896","Cataluña-Catalunya","Lleida"
4686,"Sorribes de la Vansa","La Vansa i Fórnols","0","Cataluña-Catalunya","Lleida"
5084,"Berrande","Vilardevós","17885.21233084","Galicia","Ourense"
5203,"Martín","Bóveda","5236.49111643","Galicia","Lugo"
5536,"Pedrosa","Riós","14441.70265534","Galicia","Ourense"
5537,"Riós","Riós","13350.61024617","Galicia","Ourense"
5538,"Prado","Vilar de Barrio","12470.76662324","Galicia","Ourense"
5771,"Noceda","Folgoso do Courel","3534.29450882","Galicia","Lugo"
6173,"Robregordo","Robregordo","0","Comunidad de Madrid","Madrid"
6222,"Guntín de Pallares","Guntín","518.46143722","Galicia","Lugo"
6353,"Seoane Do Courel","Folgoso do Courel","7713.13208449","Galicia","Lugo"
6363,"Pedrafita do Cebreiro","Pedrafita do Cebreiro","2797.16824976","Galicia","Lugo"
6440,"Lousada","Guntín","4557.04424722","Galicia","Lugo"
6497,"Grolos","Guntín","3818.01771028","Galicia","Lugo"
6487,"Cañada de la Cruz","Moratalla","99999","Región de Murcia","Murcia"
6670,"Somosierra","Somosierra","11.42741091","Comunidad de Madrid","Madrid"
6675,"Lozoya","Lozoya","11465.23768098","Comunidad de Madrid","Madrid"
6693,"Alameda del Valle","Alameda del Valle","13883.72217469","Comunidad de Madrid","Madrid"
6699,"Pinilla del Valle","Pinilla del Valle","15710.55187389","Comunidad de Madrid","Madrid"
6717,"Canencia","Canencia","10107.60357525","Comunidad de Madrid","Madrid"
7129,"Atajate","Atajate","541.85625026","Andalucía","Málaga"
7624,"Calar de la Santa","Moratalla","99999","Región de Murcia","Murcia"
7927,"El Sabinar","Moratalla","18390.81754539","Región de Murcia","Murcia"
8025,"Ezcároz/Ezkaroze","Ezcároz/Ezkaroze","13601.14928549","Comunidad Foral de Navarra","Navarra"
8420,"Navascués/Nabaskoze","Navascués/Nabaskoze","1516.20782345","Comunidad Foral de Navarra","Navarra"
8771,"Rabal","Oímbra","9213.75709843","Galicia","Ourense"
8821,"A Eirexa","Riós","13777.94190285","Galicia","Ourense"
8830,"Piornedo","Castrelo do Val","12075.75103018","Galicia","Ourense"
8831,"Vilanova","A Veiga","11571.86557409","Galicia","Ourense"
8848,"Feilas","Vilardevós","8530.70595134","Galicia","Ourense"
8862,"Cortegada","Riós","13818.41270899","Galicia","Ourense"
8867,"Pena do Souto","Riós","14810.10411819","Galicia","Ourense"
8876,"Vilariño das Touzas","Riós","10647.63931971","Galicia","Ourense"
8881,"Santiso","Maceda","4202.32990598","Galicia","Ourense"
8922,"Mixós","Monterrei","2676.19742764","Galicia","Ourense"
8937,"Soutelo Verde","Laza","13448.5794853","Galicia","Ourense"
9032,"Cerdedelo","Laza","17144.74818775","Galicia","Ourense"
9051,"As Vendas da Barreira","Riós","13847.57077025","Galicia","Ourense"
9062,"San Lourenzo","Porqueira","3983.12633595","Galicia","Ourense"
9223,"A Pousa","Monterrei","1909.16792376","Galicia","Ourense"
9270,"San Cristovo","Riós","10328.88821112","Galicia","Ourense"
9331,"Arzádegos","Vilardevós","12257.78535413","Galicia","Ourense"
9342,"Arzoá","Vilardevós","16318.49544151","Galicia","Ourense"
9464,"Marcelín","Riós","13467.24028619","Galicia","Ourense"
9473,"Traseirexa","Vilardevós","8243.75588677","Galicia","Ourense"
9491,"Baños de Molgas","Baños de Molgas","3401.48469384","Galicia","Ourense"
9571,"Covelas","Riós","15241.73887588","Galicia","Ourense"
9591,"O Rosal","Oímbra","3212.42148135","Galicia","Ourense"
9592,"Trez","Laza","15380.53259894","Galicia","Ourense"
9651,"Vilarello","Vilardevós","11141.37752807","Galicia","Ourense"
9658,"Carraxo","Laza","10703.86201415","Galicia","Ourense"
9756,"Camba","Laza","17556.58956667","Galicia","Ourense"
9816,"Nocedo do Val","Castrelo do Val","6859.3454785","Galicia","Ourense"
9823,"As Chás","Oímbra","4177.37935923","Galicia","Ourense"
10402,"Domiz","Riós","12906.35741105","Galicia","Ourense"
10410,"A Veiga do Seixo","Riós","12289.53032172","Galicia","Ourense"
10424,"Santiago","Calvos de Randín","7946.04851597","Galicia","Ourense"
10474,"Campobecerros","Castrelo do Val","14811.66279338","Galicia","Ourense"
10494,"Pentes","A Gudiña","7092.01710858","Galicia","Ourense"
10516,"Vilaza","Monterrei","283.2207488","Galicia","Ourense"
10517,"A Veiga das Meás","Vilardevós","4065.46205857","Galicia","Ourense"
10702,"Matamá","Laza","10942.95704","Galicia","Ourense"
10744,"Vilardevós","Vilardevós","10588.88540953","Galicia","Ourense"
10829,"A Bemposta","Vilardevós","4763.42653254","Galicia","Ourense"
10830,"Videferre","Oímbra","11158.61373814","Galicia","Ourense"
10843,"Fumaces","Riós","8459.48673281","Galicia","Ourense"
10924,"Terroso","Vilardevós","13580.64831143","Galicia","Ourense"
10975,"Vilar de Cervos","Vilardevós","7164.4476226","Galicia","Ourense"
11058,"Parada da Serra","A Gudiña","11289.19173059","Galicia","Ourense"
11139,"Vences","Monterrei","4953.09997957","Galicia","Ourense"
11168,"A Moimenta","Vilardevós","8980.79245931","Galicia","Ourense"
11174,"Castrelo de Cima","Riós","13368.20967155","Galicia","Ourense"
11362,"Tormaleo","Ibias","15799.06108852","Principado de Asturias","Asturias"
11581,"Zarréu","Degaña","8434.38183778","Principado de Asturias","Asturias"
20982,"El Membrillo","Albarracín","18802.2513088","Aragón","Teruel"
20995,"Peñarroya de Tastavins","Peñarroya de Tastavins","19473.93366422","Aragón","Teruel"
21010,"Santa Olalla","Santa Olalla","0","Castilla-La Mancha","Toledo"
21003,"El Vallecillo","El Vallecillo","99999","Aragón","Teruel"
21115,"Escorihuela","Escorihuela","4984.63621481","Aragón","Teruel"
21076,"El Villarejo","Terriente","99999","Aragón","Teruel"
22217,"San Llorente","Mayorga","4934.69179497","Castilla y León","Valladolid"
22256,"Tordehumos","Tordehumos","1625.63100857","Castilla y León","Valladolid"
22862,"San Juan del Rebollar","San Vitero","99999","Castilla y León","Zamora"
22918,"Pobladura de Aliste","Mahide","16410.22289106","Castilla y León","Zamora"
23114,"Donado","Muelas de los Caballeros","10028.29233901","Castilla y León","Zamora"
12619,"Xinestosu","Cangas del Narcea","12688.3080411","Principado de Asturias","Asturias"
12747,"Luiña","Ibias","18739.71414056","Principado de Asturias","Asturias"
24451,"Tinajo","Tinajo","9182.65848208","Canarias","Las Palmas"
13837,"Pendones","Caso","4879.88477971","Principado de Asturias","Asturias"
13870,"Vil.larín de Cibea","Cangas del Narcea","11603.62227983","Principado de Asturias","Asturias"
14299,"Villaeles de Valdavia","Villaeles de Valdavia","449.17689332","Castilla y León","Palencia"
14396,"Vidrieros","Triollo","14187.33787117","Castilla y León","Palencia"
14535,"Camasobres","La Pernía","355.24324991","Castilla y León","Palencia"
14568,"El Frago","El Frago","13855.30846068","Aragón","Zaragoza"
14743,"Areños","La Pernía","125.88368935","Castilla y León","Palencia"
14751,"Cevico Navero","Cevico Navero","8253.97613983","Castilla y León","Palencia"
14783,"San Juan de Redondo","La Pernía","2774.59508566","Castilla y León","Palencia"
14795,"Triollo","Triollo","12012.06852491","Castilla y León","Palencia"
14812,"San Salvador de Cantamuda","La Pernía","467.75627835","Castilla y León","Palencia"
14843,"San Llorente del Páramo","Villarrabé","5679.14933126","Castilla y León","Palencia"
15546,"Bañobárez","Bañobárez","2430.14350263","Castilla y León","Salamanca"
15694,"Navamorcuende","Navamorcuende","4899.73462729","Castilla-La Mancha","Toledo"
17124,"Ferreras de Abajo","Ferreras de Abajo","530.19416262","Castilla y León","Zamora"
18224,"Villarejo","Santo Tomé del Puerto","2135.32125981","Castilla y León","Segovia"
18390,"Pido","Camaleño","14609.66238664","Cantabria","Cantabria"
18536,"Espinama","Camaleño","14519.24645794","Cantabria","Cantabria"
18941,"Villafranca","Condado de Castilnovo","26.47689225","Castilla y León","Segovia"
19006,"Sepúlveda","Sepúlveda","219.09904791","Castilla y León","Segovia"
19018,"Castroserna de Abajo","Castroserna de Abajo","2642.60200264","Castilla y León","Segovia"
19062,"Becerril","Riaza","99999","Castilla y León","Segovia"
19075,"Boceguillas","Boceguillas","0","Castilla y León","Segovia"
19096,"Prádena","Prádena","7411.12600546","Castilla y León","Segovia"
19149,"Valleruela de Sepúlveda","Valleruela de Sepúlveda","5643.16337686","Castilla y León","Segovia"
19156,"Castroserna de Arriba","Prádena","3858.03732456","Castilla y León","Segovia"
19158,"Cerezo de Arriba","Cerezo de Arriba","6275.05673447","Castilla y León","Segovia"
19161,"Duratón","Sepúlveda","1080.48347819","Castilla y León","Segovia"
19175,"Casla","Casla","3508.34865784","Castilla y León","Segovia"
19221,"Aldeonte","Aldeonte","778.76483294","Castilla y León","Segovia"
19232,"Cedillo de la Torre","Cedillo de la Torre","9288.71395295","Castilla y León","Segovia"
19251,"Turrubuelo","Boceguillas","4024.39142369","Castilla y León","Segovia"
19265,"Campo de San Pedro","Campo de San Pedro","11900.5738672","Castilla y León","Segovia"
19276,"Duruelo","Duruelo","6.4372861","Castilla y León","Segovia"
19278,"Sotillo","Sotillo","2368.1132517","Castilla y León","Segovia"
19287,"Barbolla","Barbolla","222.36074259","Castilla y León","Segovia"
19292,"Grajera","Grajera","3873.44092538","Castilla y León","Segovia"
19310,"Rosuero","Santo Tomé del Puerto","2959.03357877","Castilla y León","Segovia"
19312,"Sequera de Fresno","Sequera de Fresno","7986.8758553","Castilla y León","Segovia"
19318,"Valdesaz","Condado de Castilnovo","1153.07923243","Castilla y León","Segovia"
19426,"La Aulaga","El Castillo de las Guardas","628.25256723","Andalucía","Sevilla"
19452,"Sevilleja de la Jara","Sevilleja de la Jara","126.13394748","Castilla-La Mancha","Toledo"
19590,"Urbanización la Vega","Cazalla de la Sierra","13965.66101094","Andalucía","Sevilla"
19599,"Las Navas de la Concepción","Las Navas de la Concepción","99999","Andalucía","Sevilla"
19639,"Guadalcanal","Guadalcanal","11409.30198091","Andalucía","Sevilla"
19654,"Coripe","Coripe","9126.75624205","Andalucía","Sevilla"
19655,"Cazalla de la Sierra","Cazalla de la Sierra","14648.68572138","Andalucía","Sevilla"
19678,"Torralba del Burgo","Burgo de Osma-Ciudad de Osma","269.55564051","Castilla y León","Soria"
19634,"Constantina","Constantina","99999","Andalucía","Sevilla"
19771,"Acered","Acered","10342.36783595","Aragón","Zaragoza"
19780,"Valdealvillo","Rioseco de Soria","140.68396043","Castilla y León","Soria"
19783,"Maella","Maella","493.13181315","Aragón","Zaragoza"
19787,"Vistabella","Vistabella","12031.96103715","Aragón","Zaragoza"
19791,"Cerveruela","Cerveruela","12258.48466779","Aragón","Zaragoza"
19828,"Espejón","Espejón","5066.85237713","Castilla y León","Soria"
19895,"Valdeavellano de Tera","Valdeavellano de Tera","11722.40552176","Castilla y León","Soria"
19925,"Espeja de San Marcelino","Espeja de San Marcelino","5790.92024394","Castilla y León","Soria"
19949,"Alcubilla de Avellaneda","Alcubilla de Avellaneda","13082.28609759","Castilla y León","Soria"
19956,"Mazaterón","Almazul","13226.92655154","Castilla y León","Soria"
19957,"Muriel de la Fuente","Muriel de la Fuente","926.35641665","Castilla y León","Soria"
19964,"Fuencaliente del Burgo","Fuentearmegil","10528.03350743","Castilla y León","Soria"
20099,"Guijosa","Espeja de San Marcelino","10193.27371402","Castilla y León","Soria"
20124,"Rioseco de Soria","Rioseco de Soria","2502.67142604","Castilla y León","Soria"
20160,"Montenegro de Cameros","Montenegro de Cameros","13534.33045248","Castilla y León","Soria"
20233,"Boós","Valdenebro","3672.76453949","Castilla y León","Soria"
20236,"La Revilla de Calatañazor","Quintana Redonda","922.36748384","Castilla y León","Soria"
20255,"Deza","Deza","4934.34615265","Castilla y León","Soria"
20289,"Zayuelas","Fuentearmegil","10707.1063691","Castilla y León","Soria"
20567,"La Joncosa del Montmell","El Montmell","4843.27460669","Cataluña-Catalunya","Tarragona"
20628,"Vilanova de Prades","Vilanova de Prades","4130.58227778","Cataluña-Catalunya","Tarragona"
20685,"La Torre de Esteban Hambrán","La Torre de Esteban Hambrán","2638.18288822","Castilla-La Mancha","Toledo"
20811,"el Mirador del Penedès","El Montmell","2690.46565343","Cataluña-Catalunya","Tarragona"
20836,"Camañas","Camañas","11103.58523412","Aragón","Teruel"
20842,"Los Cerezos","Manzanera","17603.68863962","Aragón","Teruel"
20859,"Mora de Rubielos","Mora de Rubielos","14060.82924704","Aragón","Teruel"
20850,"Guadalaviar","Guadalaviar","99999","Aragón","Teruel"
20867,"Monroyo","Monroyo","13745.75053986","Aragón","Teruel"
20880,"Jabaloyas","Jabaloyas","18662.31976167","Aragón","Teruel"
20896,"Los Alares","Los Navalucillos","19669.28192716","Castilla-La Mancha","Toledo"
20967,"Alcaine","Alcaine","4209.71329585","Aragón","Teruel"
20973,"La Nava de Ricomalillo","La Nava de Ricomalillo","6896.69814096","Castilla-La Mancha","Toledo"
20975,"Espinoso del Rey","Espinoso del Rey","1001.72839718","Castilla-La Mancha","Toledo"
20962,"Villar del Cobo","Villar del Cobo","99999","Aragón","Teruel"
20981,"Puertomingalvo","Puertomingalvo","99999","Aragón","Teruel"
21017,"Mazaleón","Mazaleón","8970.07456786","Aragón","Teruel"
21141,"Terriente","Terriente","99999","Aragón","Teruel"
21143,"Linares de Mora","Linares de Mora","99999","Aragón","Teruel"
21179,"Gargantilla","Sevilleja de la Jara","1726.65823521","Castilla-La Mancha","Toledo"
21221,"Las Hunfrías","Robledo del Mazo","2975.82406227","Castilla-La Mancha","Toledo"
21239,"Santa Cruz del Retamar","Santa Cruz del Retamar","2164.20845336","Castilla-La Mancha","Toledo"
21285,"Buenasbodas","Sevilleja de la Jara","4419.09782274","Castilla-La Mancha","Toledo"
21293,"Navalcán","Navalcán","5852.50420311","Castilla-La Mancha","Toledo"
21364,"Parrillas","Parrillas","4566.44868589","Castilla-La Mancha","Toledo"
21411,"Puerto de San Vicente","Puerto de San Vicente","277.1160088","Castilla-La Mancha","Toledo"
21421,"Navahermosa","Navahermosa","19318.06377923","Castilla-La Mancha","Toledo"
21425,"El Campillo de la Jara","El Campillo de la Jara","5275.82308708","Castilla-La Mancha","Toledo"
21472,"Robledo del Buey","Los Navalucillos","12465.19239962","Castilla-La Mancha","Toledo"
21479,"Robledo del Mazo","Robledo del Mazo","0","Castilla-La Mancha","Toledo"
22168,"Saelices de Mayorga","Saelices de Mayorga","1710.51586526","Castilla y León","Valladolid"
22941,"Cabañas de Aliste","Riofrío de Aliste","11648.44597973","Castilla y León","Zamora"
22950,"Figueruela de Arriba","Figueruela de Arriba","16363.48477422","Castilla y León","Zamora"
22957,"Grisuela","Rabanales","17901.26157614","Castilla y León","Zamora"
22971,"Villanueva del Campo","Villanueva del Campo","1830.81560588","Castilla y León","Zamora"
23046,"Villafáfila","Villafáfila","8348.29359767","Castilla y León","Zamora"
23059,"Alcañices","Alcañices","17937.99734241","Castilla y León","Zamora"
23076,"Matellanes","Rabanales","17696.43794528","Castilla y León","Zamora"
23135,"Muelas de los Caballeros","Muelas de los Caballeros","10553.50197473","Castilla y León","Zamora"
23140,"Rabanales","Rabanales","15034.76003939","Castilla y León","Zamora"
23165,"Mellanes","Rabanales","11592.78728799","Castilla y León","Zamora"
23175,"Mahide","Mahide","15677.57873674","Castilla y León","Zamora"
23210,"Figueruela de Abajo","Figueruela de Arriba","16843.23843876","Castilla y León","Zamora"
23212,"Espadañedo","Espadañedo","8466.55835017","Castilla y León","Zamora"
23248,"Vivinera","Alcañices","15659.8398981","Castilla y León","Zamora"
26397,"Nerpio","Nerpio","14676.57342304","Castilla-La Mancha","Albacete"
23277,"Las Cuerlas","Las Cuerlas","99999","Aragón","Zaragoza"
23287,"Cubel","Cubel","15075.38107045","Aragón","Zaragoza"
23300,"Orés","Orés","18698.31311534","Aragón","Zaragoza"
23304,"Trasobares","Trasobares","12177.05420146","Aragón","Zaragoza"
23334,"Castejón de Valdejasa","Castejón de Valdejasa","157.66556543","Aragón","Zaragoza"
23338,"Mianos","Mianos","2647.66161109","Aragón","Zaragoza"
23366,"Villafeliche","Villafeliche","2658.06991284","Aragón","Zaragoza"
23399,"Alarba","Alarba","8472.77280464","Aragón","Zaragoza"
23556,"Alconchel de Ariza","Alconchel de Ariza","11822.82043512","Aragón","Zaragoza"
25264,"Santa María de Nava","Montemolín","4621.11324078","Extremadura","Badajoz"
25319,"Higuera de Llerena","Higuera de Llerena","9645.34007322","Extremadura","Badajoz"
25366,"Erías","Pinofranqueado","9461.81567097","Extremadura","Cáceres"
25409,"Markinez","Bernedo","16080.11464515","País Vasco-Euskadi","Araba-Álava"
25768,"Villalba de los Barros","Villalba de los Barros","11052.17642674","Extremadura","Badajoz"
25813,"Baterno","Baterno","14869.72951726","Extremadura","Badajoz"
25909,"Maguilla","Maguilla","1478.53504417","Extremadura","Badajoz"
25910,"Retamal de Llerena","Retamal de Llerena","3581.53830358","Extremadura","Badajoz"
25758,"Cabeza del Buey","Cabeza del Buey","99999","Extremadura","Badajoz"
25761,"Peraleda del Zaucejo","Peraleda del Zaucejo","99999","Extremadura","Badajoz"
26039,"Saldes","Saldes","531.08318286","Cataluña-Catalunya","Barcelona"
26085,"Saraso","Condado de Treviño","14879.54648211","Castilla y León","Burgos"
26146,"Fornalutx","Fornalutx","2375.47330609","Illes Balears","Illes Balears"
26194,"Sege","Yeste","4064.6456558","Castilla-La Mancha","Albacete"
26205,"Riópar","Riópar","17080.64745834","Castilla-La Mancha","Albacete"
26209,"El Carrizal","Riópar","19447.08289178","Castilla-La Mancha","Albacete"
26214,"Cotillas","Cotillas","16219.49822807","Castilla-La Mancha","Albacete"
26259,"Cañada del Provencio","Molinicos","15592.7449494","Castilla-La Mancha","Albacete"
26270,"Yetas de Abajo","Nerpio","7825.26735764","Castilla-La Mancha","Albacete"
26318,"Muñoces","Yeste","6582.39588416","Castilla-La Mancha","Albacete"
26340,"El Lugar Nuevo","Riópar","16592.7746626","Castilla-La Mancha","Albacete"
28476,"San Miguel de Serrezuela","San Miguel de Serrezuela","17402.93925036","Castilla y León","Ávila"
26385,"Salobre","Salobre","99999","Castilla-La Mancha","Albacete"
26588,"Villaverde de Guadalimar","Villaverde de Guadalimar","18637.64607356","Castilla-La Mancha","Albacete"
28623,"Bacoco","La Codosera","15354.38638562","Extremadura","Badajoz"
28628,"Fuente del Arco","Fuente del Arco","3167.13567294","Extremadura","Badajoz"
29045,"Santa Maria d'Oló","Santa Maria d'Oló","4480.33021536","Cataluña-Catalunya","Barcelona"
30091,"Quintanilla de Río Fresno","Sotresgudo","2906.36735614","Castilla y León","Burgos"
30699,"Mirabel","Mirabel","1774.35898828","Extremadura","Cáceres"
26468,"Reolid","Salobre","99999","Castilla-La Mancha","Albacete"
31014,"Quincoces de Yuso","Valle de Losa","0","Castilla y León","Burgos"
31030,"Arandilla","Arandilla","10028.73011663","Castilla y León","Burgos"
31032,"Amaya","Sotresgudo","7069.41146899","Castilla y León","Burgos"
26475,"Pedro Andrés","Nerpio","10456.5036703","Castilla-La Mancha","Albacete"
32228,"Agudo","Agudo","17041.08415702","Castilla-La Mancha","Ciudad Real"
32236,"Enjambre","Anchuras","9460.65980132","Castilla-La Mancha","Ciudad Real"
26489,"Viveros","Viveros","19617.33884853","Castilla-La Mancha","Albacete"
26501,"Villapalacios","Villapalacios","99999","Castilla-La Mancha","Albacete"
32264,"Navas de Estena","Navas de Estena","99999","Castilla-La Mancha","Ciudad Real"
32497,"Algar","Carcabuey","0","Andalucía","Córdoba"
32527,"Santa Eufemia","Santa Eufemia","11679.61120612","Andalucía","Córdoba"
36626,"La Cierva","La Cierva","8518.13884023","Castilla-La Mancha","Cuenca"
36630,"Verdelpino de Huete","Huete","5831.81554061","Castilla-La Mancha","Cuenca"
36635,"Valdecañas","Villas de la Ventosa","5297.14278","Castilla-La Mancha","Cuenca"
26551,"Arguellite","Yeste","3585.87826085","Castilla-La Mancha","Albacete"
36788,"Villar de Domingo García","Villar de Domingo García","5670.27602607","Castilla-La Mancha","Cuenca"
36795,"Ribatajada","Sotorribas","7982.84992469","Castilla-La Mancha","Cuenca"
36807,"Zafrilla","Zafrilla","14060.99297105","Castilla-La Mancha","Cuenca"
36808,"Valdemeca","Valdemeca","11469.06146204","Castilla-La Mancha","Cuenca"
36811,"Pineda de Gigüela","Pineda de Gigüela","10833.1062894","Castilla-La Mancha","Cuenca"
36815,"Rada de Haro","Rada de Haro","14163.81312097","Castilla-La Mancha","Cuenca"
36816,"La Alberca de Záncara","La Alberca de Záncara","11721.90222191","Castilla-La Mancha","Cuenca"
36822,"Arcos de la Sierra","Arcos de la Sierra","10609.32508451","Castilla-La Mancha","Cuenca"
26625,"Beg","Nerpio","7356.37731165","Castilla-La Mancha","Albacete"
26713,"Confrides","Confrides","12217.38289199","Comunitat Valenciana","Alacant-Alicante"
26715,"Fageca","Fageca","12331.1592804","Comunitat Valenciana","Alacant-Alicante"
26832,"Benimassot","Benimassot","10457.43897583","Comunitat Valenciana","Alacant-Alicante"
26902,"Relleu","Relleu","7291.52461595","Comunitat Valenciana","Alacant-Alicante"
27411,"Canjáyar","Canjáyar","1045.58883288","Andalucía","Almería"
27384,"Vélez-Blanco","Vélez-Blanco","99999","Andalucía","Almería"
27424,"El Barranco de Quiles","Oria","14934.47520317","Andalucía","Almería"
27446,"Beires","Beires","1664.68263913","Andalucía","Almería"
27528,"El Cortijo Grande","Turre","1928.11552356","Andalucía","Almería"
27560,"Oria","Oria","12742.19405132","Andalucía","Almería"
27567,"Cortijo Cabrera","Turre","566.64774326","Andalucía","Almería"
27606,"La Barriada de Alcora","Canjáyar","124.34816922","Andalucía","Almería"
27659,"Uleila del Campo","Uleila del Campo","9989.01372473","Andalucía","Almería"
27678,"Almócita","Almócita","629.10478187","Andalucía","Almería"
27668,"Cañadas de Cañepla","María","99999","Andalucía","Almería"
27750,"Padules","Padules","0","Andalucía","Almería"
27795,"Los Cerricos","Oria","17645.01444477","Andalucía","Almería"
27801,"El Daimuz","Oria","13652.77100918","Andalucía","Almería"
27787,"María","María","99999","Andalucía","Almería"
27853,"El Frax","Oria","11512.3491616","Andalucía","Almería"
27880,"El Marchal","Oria","12192.89722662","Andalucía","Almería"
27905,"La Herrería","Sorbas","330.72094904","Andalucía","Almería"
28752,"Cala Tuent","Escorca","9133.71217982","Illes Balears","Illes Balears"
28756,"Vallibona","Vallibona","18637.77943313","Comunitat Valenciana","Castelló-Castellón"
30143,"Brazacorta","Brazacorta","10946.33188558","Castilla y León","Burgos"
30166,"Sotresgudo","Sotresgudo","0","Castilla y León","Burgos"
718,"Aldeanueva de Atienza","Condemios de Arriba","99999","Castilla-La Mancha","Guadalajara"
30603,"Solanilla del Tamaral","Mestanza","7648.12224474","Castilla-La Mancha","Ciudad Real"
30626,"Fuencaliente","Fuencaliente","971.05005222","Castilla-La Mancha","Ciudad Real"
30638,"Tírig","Tírig","6240.00877344","Comunitat Valenciana","Castelló-Castellón"
30721,"Navalvillar de Ibor","Navalvillar de Ibor","40.21453095","Extremadura","Cáceres"
30726,"Aldea del Cano","Aldea del Cano","17106.73557089","Extremadura","Cáceres"
30728,"Rubiaco","Nuñomoral","10674.57258991","Extremadura","Cáceres"
30779,"Cambrón","Caminomorisco","3009.57751829","Extremadura","Cáceres"
30781,"Azabal","Casar de Palomero","1352.944919","Extremadura","Cáceres"
30755,"Montiel","Montiel","99999","Castilla-La Mancha","Ciudad Real"
31154,"Pradoluengo","Pradoluengo","18157.48393852","Castilla y León","Burgos"
31170,"Pariza","Condado de Treviño","15020.02967421","Castilla y León","Burgos"
31272,"Peones de Amaya","Sotresgudo","5981.59689654","Castilla y León","Burgos"
31325,"Albaina","Condado de Treviño","15149.53541554","Castilla y León","Burgos"
31380,"Quintanilla la Ojada","Valle de Losa","180.5384994","Castilla y León","Burgos"
31552,"Martilandrán","Nuñomoral","8136.10015708","Extremadura","Cáceres"
31561,"Cuacos de Yuste","Cuacos de Yuste","11874.71616526","Extremadura","Cáceres"
31563,"Sauceda","Pinofranqueado","5947.52361767","Extremadura","Cáceres"
31565,"Muela","Pinofranqueado","3173.70566018","Extremadura","Cáceres"
31574,"Marchagaz","Marchagaz","1363.51878322","Extremadura","Cáceres"
31577,"Peraleda de San Román","Peraleda de San Román","1370.07116654","Extremadura","Cáceres"
31594,"Arrolobos","Caminomorisco","11941.50567001","Extremadura","Cáceres"
31596,"Descargamaría","Descargamaría","612.76188409","Extremadura","Cáceres"
31597,"Cerezal","Nuñomoral","8789.6335674","Extremadura","Cáceres"
31606,"Casas de Don Antonio","Casas de Don Antonio","15922.28714673","Extremadura","Cáceres"
31610,"Nuñomoral","Nuñomoral","9400.10903821","Extremadura","Cáceres"
31611,"Robledillo de Gata","Robledillo de Gata","855.28892094","Extremadura","Cáceres"
31639,"Fragosa","Nuñomoral","7896.50026802","Extremadura","Cáceres"
31641,"Castañar de Ibor","Castañar de Ibor","0","Extremadura","Cáceres"
31647,"Caminomorisco","Caminomorisco","0","Extremadura","Cáceres"
31649,"Alcuéscar","Alcuéscar","8583.88613832","Extremadura","Cáceres"
31713,"Cambroncino","Caminomorisco","4450.47754276","Extremadura","Cáceres"
31777,"Palomero","Palomero","604.33467352","Extremadura","Cáceres"
31779,"Garciaz","Garciaz","8300.21380096","Extremadura","Cáceres"
31971,"Villahermosa del Río","Villahermosa del Río","14098.83401256","Comunitat Valenciana","Castelló-Castellón"
32007,"la Pobla de Benifassà","la Pobla de Benifassà","16535.97293367","Comunitat Valenciana","Castelló-Castellón"
32027,"la Salzadella","la Salzadella","0","Comunitat Valenciana","Castelló-Castellón"
32077,"Xert","Xert","5001.1921292","Comunitat Valenciana","Castelló-Castellón"
32126,"Horcajo de los Montes","Horcajo de los Montes","18414.59726023","Castilla-La Mancha","Ciudad Real"
32128,"El Hoyo","Mestanza","11550.53863588","Castilla-La Mancha","Ciudad Real"
32188,"Navalpino","Navalpino","13315.49928786","Castilla-La Mancha","Ciudad Real"
32194,"Valdemanco del Esteras","Valdemanco del Esteras","14107.34080057","Castilla-La Mancha","Ciudad Real"
32197,"San Lorenzo de Calatrava","San Lorenzo de Calatrava","19763.00592325","Castilla-La Mancha","Ciudad Real"
32205,"Puebla de Don Rodrigo","Puebla de Don Rodrigo","0","Castilla-La Mancha","Ciudad Real"
32195,"Villahermosa","Villahermosa","99999","Castilla-La Mancha","Ciudad Real"
32246,"Las Huertas del Sauceral","Anchuras","17127.16110882","Castilla-La Mancha","Ciudad Real"
32251,"Retuerta del Bullaque","Retuerta del Bullaque","17876.27023759","Castilla-La Mancha","Ciudad Real"
32242,"Torre de Juan Abad","Torre de Juan Abad","99999","Castilla-La Mancha","Ciudad Real"
32244,"Huertezuelas","Calzada de Calatrava","99999","Castilla-La Mancha","Ciudad Real"
32284,"Alcoba","Alcoba","16399.41050751","Castilla-La Mancha","Ciudad Real"
32443,"Los Blázquez","Los Blázquez","14306.33030322","Andalucía","Córdoba"
32276,"Albaladejo","Albaladejo","99999","Castilla-La Mancha","Ciudad Real"
32726,"O Couto Pequeno","O Pino","229.61785006","Galicia","A Coruña"
32747,"Amarelle","O Pino","1480.28049147","Galicia","A Coruña"
33319,"O Pedrouzo","O Pino","3399.54343015","Galicia","A Coruña"
33326,"A Torre","O Pino","122.71494556","Galicia","A Coruña"
33327,"O Pumar","O Pino","706.51597153","Galicia","A Coruña"
33394,"Bonilla","Huete","1035.91436781","Castilla-La Mancha","Cuenca"
33396,"Salmeroncillos de Abajo","Salmeroncillos","611.24165656","Castilla-La Mancha","Cuenca"
33457,"Carrascosa de Haro","Carrascosa de Haro","14333.11047099","Castilla-La Mancha","Cuenca"
26459,"Povedilla","Povedilla","99999","Castilla-La Mancha","Albacete"
34367,"Hinojales","Hinojales","11543.85037702","Andalucía","Huelva"
34370,"Patrás","Almonaster la Real","1739.86419997","Andalucía","Huelva"
288,"Loma del Aire","Albondón","8136.31053728","Andalucía","Granada"
35657,"A Pontepedra","Tordoia","3713.92794315","Galicia","A Coruña"
667,"Matallana","Campillo de Ranas","18554.98942413","Castilla-La Mancha","Guadalajara"
852,"Retiendas","Retiendas","17767.72594486","Castilla-La Mancha","Guadalajara"
1411,"Berrocal","Berrocal","8293.74137302","Andalucía","Huelva"
36093,"Mollet de Peralada","Mollet de Peralada","6251.53818883","Cataluña-Catalunya","Girona"
1566,"Aineto","Sabiñánigo","3472.78180491","Aragón","Huesca"
1572,"Berdún","Canal de Berdún","0","Aragón","Huesca"
36334,"Villaescusa de Haro","Villaescusa de Haro","13753.28005992","Castilla-La Mancha","Cuenca"
36335,"Valdecolmenas de Abajo","Los Valdecolmenas","5889.08862872","Castilla-La Mancha","Cuenca"
36340,"Mota del Cuervo","Mota del Cuervo","0","Castilla-La Mancha","Cuenca"
36360,"La Matea","Santiago-Pontones","8298.40546599","Andalucía","Jaén"
36379,"Fuente Segura","Santiago-Pontones","7791.46100934","Andalucía","Jaén"
2772,"San Miguel de Escalada","Gradefes","269.7316768","Castilla y León","León"
11398,"Llanelo","Ibias","14366.4703141","Principado de Asturias","Asturias"
17919,"La Alameda de Gardón","La Alameda de Gardón","7615.88034497","Castilla y León","Salamanca"
18041,"Las Torres de Aliste","Mahide","16074.19886563","Castilla y León","Zamora"
36680,"Caracenilla","Huete","6435.1506224","Castilla-La Mancha","Cuenca"
19937,"Torremocha de Ayllón","San Esteban de Gormaz","12785.75446448","Castilla y León","Soria"
36683,"Cañada del Hoyo","Cañada del Hoyo","18441.23031093","Castilla-La Mancha","Cuenca"
7340,"Jubrique","Jubrique","4987.98562839","Andalucía","Málaga"
7461,"Zaén de Arriba","Moratalla","14138.95556681","Región de Murcia","Murcia"
36702,"Saceda del Río","Huete","405.74198556","Castilla-La Mancha","Cuenca"
36714,"Valparaíso de Arriba","Campos del Paraíso","8225.15126862","Castilla-La Mancha","Cuenca"
36735,"Cuevas de Velasco","Villar y Velasco","1108.89689688","Castilla-La Mancha","Cuenca"
10329,"O Navallo","Riós","14158.67605711","Galicia","Ourense"
10342,"Pousada","Riós","14194.82456726","Galicia","Ourense"
36754,"Torrecilla","Sotorribas","2322.44079402","Castilla-La Mancha","Cuenca"
36760,"Castillejo del Romeral","Huete","3418.72782771","Castilla-La Mancha","Cuenca"
23238,"Ferreras de Arriba","Ferreras de Arriba","5108.41499926","Castilla y León","Zamora"
24069,"Valle de Santa Inés","Betancuria","6003.44056198","Canarias","Las Palmas"
19239,"La Matilla","La Matilla","5823.03792133","Castilla y León","Segovia"
36883,"Pajares","Sotorribas","5260.75362951","Castilla-La Mancha","Cuenca"
36928,"Sant Climent Sescebes","Sant Climent Sescebes","8056.48486087","Cataluña-Catalunya","Girona"
26394,"Bogarra","Bogarra","15549.27637967","Castilla-La Mancha","Albacete"
36974,"Toses","Toses","7098.68942541","Cataluña-Catalunya","Girona"
37106,"Espolla","Espolla","8873.66657425","Cataluña-Catalunya","Girona"
777,"El Ordial","El Ordial","99999","Castilla-La Mancha","Guadalajara"
20941,"Orihuela del Tremedal","Orihuela del Tremedal","99999","Aragón","Teruel"
26395,"Los Manueles","Yeste","10405.20150653","Castilla-La Mancha","Albacete"
23506,"Biel","Biel","14272.19681474","Aragón","Zaragoza"
16530,"Saldón","Saldón","99999","Aragón","Teruel"
17569,"Navasfrías","Navasfrías","99999","Castilla y León","Salamanca"
28649,"La Nava de Santiago","La Nava de Santiago","18935.55580344","Extremadura","Badajoz"
30682,"Albocàsser","Albocàsser","6904.37295392","Comunitat Valenciana","Castelló-Castellón"
27271,"Abdet","Confrides","13136.9212895","Comunitat Valenciana","Alacant-Alicante"
20893,"Los Olmos","Manzanera","99999","Aragón","Teruel"
27965,"Chirivel","Chirivel","99999","Andalucía","Almería"
21047,"Griegos","Griegos","99999","Aragón","Teruel"
22789,"San Vitero","San Vitero","99999","Castilla y León","Zamora"
29005,"Castellar de n'Hug","Castellar de n'Hug","7642.40785302","Cataluña-Catalunya","Barcelona"
37266,"Sant Feliu de Pallerols","Sant Feliu de Pallerols","7282.82198756","Cataluña-Catalunya","Girona"
31695,"Ovejuela","Pinofranqueado","1992.7636272","Extremadura","Cáceres"
32261,"Anchuras","Anchuras","12492.32449636","Castilla-La Mancha","Ciudad Real"
36746,"Torralba","Torralba","151.67210669","Castilla-La Mancha","Cuenca"
913,"Alustante","Alustante","99999","Castilla-La Mancha","Guadalajara"
112,"Vilartolí","Sant Climent Sescebes","10317.27758129","Cataluña-Catalunya","Girona"
27303,"Urbanització L'Aljub","Tibi","5739.15737418","Comunitat Valenciana","Alacant-Alicante"
261,"Los Isidoros","Castril","10769.4764544","Andalucía","Granada"
671,"Robleluengo","Campillo de Ranas","99999","Castilla-La Mancha","Guadalajara"
280,"Los Vargas","Albondón","3963.16057423","Andalucía","Granada"
27471,"El Chaparral","Oria","16518.66463703","Andalucía","Almería"
293,"Cotílfar","Domingo Pérez de Granada","13382.85855931","Andalucía","Granada"
298,"Turón","Turón","8685.58617718","Andalucía","Granada"
320,"Matián","Cúllar","12433.53835905","Andalucía","Granada"
328,"Tala Bartolo","Castril","11939.09848391","Andalucía","Granada"
332,"Casa Abad","Cúllar","8242.17692092","Andalucía","Granada"
344,"Manuel Díaz","Castril","13472.47922759","Andalucía","Granada"
446,"Albondón","Albondón","7125.81730831","Andalucía","Granada"
859,"Villarejo de Medina","Anguita","0","Castilla-La Mancha","Guadalajara"
405,"Almaciles","Puebla de Don Fadrique","99999","Andalucía","Granada"
451,"Aguaderico 3º","Cúllar","13209.08216967","Andalucía","Granada"
481,"Tarifa","Cúllar","14484.32743556","Andalucía","Granada"
495,"Aguaderico 2º","Cúllar","12594.84437945","Andalucía","Granada"
583,"Hiendelaencina","Hiendelaencina","14449.57630383","Castilla-La Mancha","Guadalajara"
590,"Pantano del Vado","Retiendas","18744.6507683","Castilla-La Mancha","Guadalajara"
600,"Aldehuela","Prados Redondos","7944.57799135","Castilla-La Mancha","Guadalajara"
602,"Peñalba de la Sierra","El Cardoso de la Sierra","15342.71072616","Castilla-La Mancha","Guadalajara"
647,"La Buenafuente del Sistal","Olmeda de Cobeta","16523.27049692","Castilla-La Mancha","Guadalajara"
657,"Durón","Durón","0","Castilla-La Mancha","Guadalajara"
662,"Semillas","Semillas","17208.28265504","Castilla-La Mancha","Guadalajara"
711,"Otilla","Torrecuadrada de Molina","12190.80671253","Castilla-La Mancha","Guadalajara"
712,"Taravilla","Taravilla","0","Castilla-La Mancha","Guadalajara"
722,"Cabida","El Cardoso de la Sierra","15502.74346929","Castilla-La Mancha","Guadalajara"
728,"La Vereda","Campillo de Ranas","16932.78412717","Castilla-La Mancha","Guadalajara"
730,"Alaminos","Alaminos","11382.17078026","Castilla-La Mancha","Guadalajara"
732,"Corralejo","El Cardoso de la Sierra","17080.61768855","Castilla-La Mancha","Guadalajara"
746,"Escalera","Valhermoso","7879.34216904","Castilla-La Mancha","Guadalajara"
765,"Anchuela del Pedregal","Molina de Aragón","5759.98568438","Castilla-La Mancha","Guadalajara"
774,"La Bodera","La Bodera","15972.32026827","Castilla-La Mancha","Guadalajara"
790,"Torremochuela","Torremochuela","6367.11096083","Castilla-La Mancha","Guadalajara"
816,"Escamilla","Escamilla","3350.08622306","Castilla-La Mancha","Guadalajara"
827,"Pradilla","Prados Redondos","5684.42607278","Castilla-La Mancha","Guadalajara"
835,"Huertapelayo","Zaorejas","14771.61611008","Castilla-La Mancha","Guadalajara"
841,"San Andrés del Rey","San Andrés del Rey","1580.29504194","Castilla-La Mancha","Guadalajara"
843,"Alique","Alique","7455.27931429","Castilla-La Mancha","Guadalajara"
844,"Hontanares","Brihuega","11129.76991832","Castilla-La Mancha","Guadalajara"
845,"Yélamos de Arriba","Yélamos de Arriba","2501.51231086","Castilla-La Mancha","Guadalajara"
868,"Las Navas de Jadraque","Las Navas de Jadraque","19978.47589451","Castilla-La Mancha","Guadalajara"
884,"Pajares","Brihuega","3117.92106201","Castilla-La Mancha","Guadalajara"
893,"Valdesotos","Valdesotos","13510.20072748","Castilla-La Mancha","Guadalajara"
911,"Robledo de Corpes","Robledo de Corpes","16678.68882115","Castilla-La Mancha","Guadalajara"
903,"La Huerce","La Huerce","99999","Castilla-La Mancha","Guadalajara"
917,"Cogollor","Cogollor","11682.84959828","Castilla-La Mancha","Guadalajara"
918,"Padilla del Ducado","Anguita","1166.53427186","Castilla-La Mancha","Guadalajara"
931,"Cubillejo del Sitio","Molina de Aragón","8612.75984943","Castilla-La Mancha","Guadalajara"
933,"Torrecuadrada de Molina","Torrecuadrada de Molina","9848.75662207","Castilla-La Mancha","Guadalajara"
935,"Castilnuevo","Castilnuevo","2283.53301567","Castilla-La Mancha","Guadalajara"
943,"Naharros","La Miñosa","19670.77185799","Castilla-La Mancha","Guadalajara"
947,"Villar de Cobeta","Zaorejas","14863.19623898","Castilla-La Mancha","Guadalajara"
949,"Ribarredonda","Riba de Saelices","6682.53497946","Castilla-La Mancha","Guadalajara"
960,"Canales del Ducado","Sacecorbo","8069.51709678","Castilla-La Mancha","Guadalajara"
978,"Puebla de Valles","Puebla de Valles","13616.27348252","Castilla-La Mancha","Guadalajara"
972,"Campillo de Ranas","Campillo de Ranas","99999","Castilla-La Mancha","Guadalajara"
979,"Paredes de Sigüenza","Paredes de Sigüenza","18190.95619448","Castilla-La Mancha","Guadalajara"
991,"Fuembellida","Fuembellida","5069.18299197","Castilla-La Mancha","Guadalajara"
992,"Valhermoso","Valhermoso","2876.01239144","Castilla-La Mancha","Guadalajara"
1000,"Ocentejo","Ocentejo","9237.54180791","Castilla-La Mancha","Guadalajara"
1008,"Gascueña de Bornova","Gascueña de Bornova","99999","Castilla-La Mancha","Guadalajara"
1010,"Cardeñosa","Riofrío del Llano","12718.10326979","Castilla-La Mancha","Guadalajara"
1013,"Bocígano","El Cardoso de la Sierra","13800.72229003","Castilla-La Mancha","Guadalajara"
1014,"Malacuera","Brihuega","4764.28054409","Castilla-La Mancha","Guadalajara"
1030,"La Loma","Riba de Saelices","8548.36874273","Castilla-La Mancha","Guadalajara"
1042,"Traíd","Traíd","12734.89170857","Castilla-La Mancha","Guadalajara"
1053,"Tordelpalo","Molina de Aragón","6677.50839084","Castilla-La Mancha","Guadalajara"
1060,"Las Salinas de Armallá","Tierzo","122.83247123","Castilla-La Mancha","Guadalajara"
1065,"Valtablado del Río","Valtablado del Río","13204.88332525","Castilla-La Mancha","Guadalajara"
1091,"Rebollosa de Jadraque","Rebollosa de Jadraque","10046.45442399","Castilla-La Mancha","Guadalajara"
1094,"Tierzo","Tierzo","240.73969768","Castilla-La Mancha","Guadalajara"
1103,"Cuevas Labradas","Corduente","13861.28144128","Castilla-La Mancha","Guadalajara"
1304,"Santa Eulalia","Almonaster la Real","568.49735019","Andalucía","Huelva"
1384,"El Pozuelo","Zalamea la Real","8145.44792891","Andalucía","Huelva"
1389,"El Villar","Zalamea la Real","237.17881465","Andalucía","Huelva"
1392,"Encinasola","Encinasola","15850.58016529","Andalucía","Huelva"
1398,"Santa Olalla del Cala","Santa Olalla del Cala","7776.3537059","Andalucía","Huelva"
1474,"Bailo","Bailo","8005.97780059","Aragón","Huesca"
1501,"Laguarta","Sabiñánigo","0","Aragón","Huesca"
1504,"Sarsa de Surta","Aínsa-Sobrarbe","11733.75940621","Aragón","Huesca"
1510,"Alastuey","Bailo","6457.46976352","Aragón","Huesca"
1810,"Arbués","Bailo","8247.00984055","Aragón","Huesca"
1589,"Cerésola","Sabiñánigo","3467.92362412","Aragón","Huesca"
1590,"Albella","Fiscal","4137.68869291","Aragón","Huesca"
2050,"Noguero","Monesma y Cajigar","7764.22910622","Aragón","Huesca"
1626,"Puente la Reina de Jaca","Puente la Reina de Jaca","2388.32018973","Aragón","Huesca"
2163,"Estación de Huesa","Cabra del Santo Cristo","10227.26792273","Andalucía","Jaén"
1631,"San Felices de Ara","Fiscal","2776.83175085","Aragón","Huesca"
1664,"Cañada del Señor","Siles","19750.30937794","Andalucía","Jaén"
1676,"Javierregay","Puente la Reina de Jaca","0","Aragón","Huesca"
1720,"Lecina","Bárcabo","13302.38433023","Aragón","Huesca"
1723,"Betorz","Bárcabo","13252.02866755","Aragón","Huesca"
1727,"Gillué","Sabiñánigo","396.07057869","Aragón","Huesca"
1743,"Cajigar","Monesma y Cajigar","5873.60915031","Aragón","Huesca"
1784,"Bárcabo","Bárcabo","10168.6753518","Aragón","Huesca"
1808,"Arrés","Bailo","3248.55600169","Aragón","Huesca"
2604,"Leiroso","Oencia","12093.54702665","Castilla y León","León"
1813,"Santa Engracia de Jaca","Puente la Reina de Jaca","0","Aragón","Huesca"
1821,"Paúles de Sarsa","Aínsa-Sobrarbe","10214.33906381","Aragón","Huesca"
1837,"Martes","Canal de Berdún","2340.19105366","Aragón","Huesca"
1851,"Used","Sabiñánigo","10133.32305405","Aragón","Huesca"
1857,"Biniés","Canal de Berdún","2370.213146","Aragón","Huesca"
1865,"Nocito","Nueno","10967.86639233","Aragón","Huesca"
1867,"Don Domingo","Santiago-Pontones","15159.76998589","Andalucía","Jaén"
1905,"Planillo","Fiscal","3137.56770483","Aragón","Huesca"
1912,"Huelga Utrera","Santiago-Pontones","20.58725152","Andalucía","Jaén"
1948,"Bara","Sabiñánigo","8923.64200354","Aragón","Huesca"
4177,"Montargull","La Vansa i Fórnols","238.02154675","Cataluña-Catalunya","Lleida"
1973,"Majones","Canal de Berdún","5779.95711138","Aragón","Huesca"
8680,"A Granxa","Oímbra","6741.49831296","Galicia","Ourense"
8683,"Portocamba","Castrelo do Val","15909.09767451","Galicia","Ourense"
8754,"Vilar","Calvos de Randín","10251.954972","Galicia","Ourense"
1995,"Las Almansas","Chilluévar","14486.12674168","Andalucía","Jaén"
2054,"Almazorre","Bárcabo","10279.35660282","Aragón","Huesca"
2071,"Santa María de la Nuez","Bárcabo","10884.53029512","Aragón","Huesca"
8774,"Dona Elvira","Vilardevós","9735.27913129","Galicia","Ourense"
2108,"Las Nogueras","Santiago-Pontones","8142.43790922","Andalucía","Jaén"
2134,"Villarrodrigo","Villarrodrigo","99999","Andalucía","Jaén"
2147,"Arroyo Venancia","Santiago-Pontones","11607.83677409","Andalucía","Jaén"
2156,"Los Atascaderos","Santiago-Pontones","7630.38603662","Andalucía","Jaén"
2175,"El Patronato","Santiago-Pontones","13449.05786154","Andalucía","Jaén"
2176,"Las Quebradas","Santiago-Pontones","6971.01669441","Andalucía","Jaén"
2194,"Los Cañuelos","Santiago-Pontones","10185.61981772","Andalucía","Jaén"
2220,"Vadillo Castril","Cazorla","14874.94699862","Andalucía","Jaén"
2223,"Estación de Cabra","Cabra del Santo Cristo","18913.39727373","Andalucía","Jaén"
2272,"El Palomar","La Iruela","14357.96527673","Andalucía","Jaén"
2278,"Agrupación de Mogón","Villacarrillo","7029.13087573","Andalucía","Jaén"
2279,"Vega de Castrobayona","Siles","15777.78379177","Andalucía","Jaén"
2289,"El Cerezo","Santiago-Pontones","10803.60998621","Andalucía","Jaén"
2292,"Agrupación de Santo Tomé","Santo Tomé","7350.11736503","Andalucía","Jaén"
9429,"Villaoril","Ibias","14094.94051896","Principado de Asturias","Asturias"
2306,"Poyotello","Santiago-Pontones","2252.01903032","Andalucía","Jaén"
2320,"Arroturas","Villacarrillo","7762.93692824","Andalucía","Jaén"
2356,"Los Espejos de la Reina","Boca de Huérgano","14812.53805411","Castilla y León","León"
2400,"Los Montes de la Ermita","Igüeña","12785.15622395","Castilla y León","León"
2420,"Suárbol","Valle de Ancares","15663.83709001","Castilla y León","León"
2436,"Valdemorilla","Izagre","2659.35262098","Castilla y León","León"
2444,"Fuentes de Carbajal","Fuentes de Carbajal","5122.09899523","Castilla y León","León"
2449,"Llánaves de la Reina","Boca de Huérgano","16511.18275566","Castilla y León","León"
2462,"Valdavida","Villaselán","4205.23222723","Castilla y León","León"
2526,"Castromudarra","Almanza","6780.07306547","Castilla y León","León"
2532,"Arnado","Oencia","11273.22358574","Castilla y León","León"
2569,"Barniedo de la Reina","Boca de Huérgano","14953.02317868","Castilla y León","León"
2587,"Villaselán","Villaselán","947.26285733","Castilla y León","León"
2612,"Gestoso","Oencia","12854.18539117","Castilla y León","León"
2624,"Villafeliz de Babia","San Emiliano","3479.2803086","Castilla y León","León"
2688,"Siero de la Reina","Boca de Huérgano","9243.788845","Castilla y León","León"
2697,"Villabandín","Murias de Paredes","10163.9456929","Castilla y León","León"
2700,"Senra de Omaña","Murias de Paredes","10737.98501887","Castilla y León","León"
2732,"Chano","Peranzanes","11945.85374117","Castilla y León","León"
2754,"Torrestío","San Emiliano","8051.75757319","Castilla y León","León"
2779,"Porcarizas","Villafranca del Bierzo","9768.83131753","Castilla y León","León"
2837,"Albaredos","Barjas","8475.70290557","Castilla y León","León"
2846,"Villarrubín","Oencia","10972.75277474","Castilla y León","León"
2899,"Sanvitul","Oencia","12818.44533014","Castilla y León","León"
2925,"Villacerán","Villaselán","2835.61411074","Castilla y León","León"
2989,"Portilla de la Reina","Boca de Huérgano","13615.18798216","Castilla y León","León"
3009,"Arcayos","Villaselán","4642.06216587","Castilla y León","León"
3034,"Lazado","Murias de Paredes","10127.26038417","Castilla y León","León"
3168,"Balouta","Valle de Ancares","19866.71631807","Castilla y León","León"
3194,"Rodicol","Murias de Paredes","12011.78909879","Castilla y León","León"
3206,"Pereda de Ancares","Valle de Ancares","11216.98645311","Castilla y León","León"
3354,"San Félix de Arce","Cabrillanes","298.14888637","Castilla y León","León"
3393,"Carbajal de Fuentes","Fuentes de Carbajal","5214.80899147","Castilla y León","León"
3399,"Valdavido","Truchas","12513.32741166","Castilla y León","León"
3426,"Campo del Agua","Villafranca del Bierzo","10922.23323421","Castilla y León","León"
11371,"San Esteban","Ibias","18630.75353891","Principado de Asturias","Asturias"
3439,"Valdesaz de los Oteros","Pajares de los Oteros","2519.09341734","Castilla y León","León"
3457,"Castrovega de Valmadrigal","Valverde-Enrique","621.31801043","Castilla y León","León"
3493,"Els Castells","Les Valls d'Aguilar","9639.27788011","Cataluña-Catalunya","Lleida"
3498,"Quintanilla de los Oteros","Pajares de los Oteros","3846.20507111","Castilla y León","León"
17718,"La Alberguería de Argañán","La Alberguería de Argañán","18793.32969843","Castilla y León","Salamanca"
17728,"Fuentes de Oñoro","Fuentes de Oñoro","8851.44902391","Castilla y León","Salamanca"
17765,"Puebla de Azaba","Puebla de Azaba","12559.92312173","Castilla y León","Salamanca"
17777,"Los Santos","Los Santos","10618.43850146","Castilla y León","Salamanca"
17803,"Villasrubias","Villasrubias","8924.99805167","Castilla y León","Salamanca"
17807,"Aldea del Obispo","Aldea del Obispo","11727.04089471","Castilla y León","Salamanca"
17867,"Fuenteliante","Fuenteliante","6325.41662403","Castilla y León","Salamanca"
17898,"Revalvos","Armenteros","6803.91694843","Castilla y León","Salamanca"
17900,"El Payo","El Payo","17700.33909407","Castilla y León","Salamanca"
17905,"Cristóbal","Cristóbal","11082.09722207","Castilla y León","Salamanca"
3511,"Castilfalé","Castilfalé","121.30754936","Castilla y León","León"
3604,"Canalejas","Almanza","11082.16329509","Castilla y León","León"
3634,"Villafrea de la Reina","Boca de Huérgano","13004.55918996","Castilla y León","León"
3644,"Boca de Huérgano","Boca de Huérgano","11892.48116281","Castilla y León","León"
3653,"Valverde-Enrique","Valverde-Enrique","181.71213182","Castilla y León","León"
18945,"Bercimuel","Bercimuel","8349.0357056","Castilla y León","Segovia"
3699,"Mozos de Cea","Villazanzo de Valderaduey","585.1238782","Castilla y León","León"
3724,"Tejedo de Ancares","Valle de Ancares","13740.62059459","Castilla y León","León"
3734,"Manzaneda","Truchas","18146.82432599","Castilla y León","León"
3799,"Candemuela","San Emiliano","672.03197146","Castilla y León","León"
3803,"Guímara","Peranzanes","14256.07276239","Castilla y León","León"
3846,"Vila-Rubla","Montferrer i Castellbò","5858.28430607","Cataluña-Catalunya","Lleida"
3900,"Villargusán","San Emiliano","1430.67051206","Castilla y León","León"
3910,"Cunas","Truchas","13935.20576518","Castilla y León","León"
3943,"Santa María","Vilardevós","9133.4218344","Galicia","Ourense"
3968,"La Veguellina","Valverde-Enrique","2065.2159118","Castilla y León","León"
4039,"Castellàs","Les Valls d'Aguilar","7528.7254066","Cataluña-Catalunya","Lleida"
4041,"Mercurín","Folgoso do Courel","8858.41600275","Galicia","Lugo"
4044,"Gomelle","Guntín","2905.20485482","Galicia","Lugo"
4082,"Cornellana","La Vansa i Fórnols","2123.18996335","Cataluña-Catalunya","Lleida"
4083,"Sant Pere","La Vansa i Fórnols","1034.25931803","Cataluña-Catalunya","Lleida"
19935,"Osonilla","Tardelcuende","6409.05887226","Castilla y León","Soria"
4125,"Baén","Baix Pallars","3075.22114873","Cataluña-Catalunya","Lleida"
4136,"Solans","Montferrer i Castellbò","5789.43889088","Cataluña-Catalunya","Lleida"
20921,"Nogueruelas","Nogueruelas","11372.2146007","Aragón","Teruel"
4249,"Vilar","Cervantes","10169.45203735","Galicia","Lugo"
4313,"Sant Serni","Torà","3896.6962837","Cataluña-Catalunya","Lleida"
4452,"Taús","Les Valls d'Aguilar","11195.87247653","Cataluña-Catalunya","Lleida"
4475,"Fórnols","La Vansa i Fórnols","1070.40783592","Cataluña-Catalunya","Lleida"
4497,"Fontdepou","Àger","7622.40720381","Cataluña-Catalunya","Lleida"
4512,"Josa de Cadí","Josa i Tuixén","2874.70586513","Cataluña-Catalunya","Lleida"
4565,"Bóixols","Abella de la Conca","9098.8506716","Cataluña-Catalunya","Lleida"
4673,"Su","Riner","4669.05288399","Cataluña-Catalunya","Lleida"
4996,"Pacios Da Serra","Quiroga","12351.6725901","Galicia","Lugo"
5055,"O Soldón","Quiroga","14194.54807132","Galicia","Lugo"
5105,"A Degrada","Cervantes","7032.64046975","Galicia","Lugo"
5131,"Visuña","Folgoso do Courel","7533.56210952","Galicia","Lugo"
5137,"Parada","Folgoso do Courel","9175.48970726","Galicia","Lugo"
5151,"San Miguel","Cervantes","0","Galicia","Lugo"
5176,"Sarriés/Sartze","Sarriés/Sartze","8355.52923854","Comunidad Foral de Navarra","Navarra"
5243,"Mostaz","Folgoso do Courel","6344.03155018","Galicia","Lugo"
5322,"Vilaspasantes","Cervantes","506.30124384","Galicia","Lugo"
5352,"Barxamaior","Pedrafita do Cebreiro","2133.79249157","Galicia","Lugo"
5388,"Riocereixa","Pedrafita do Cebreiro","3098.68705271","Galicia","Lugo"
5452,"San Pedro","Pedrafita do Cebreiro","3974.15453397","Galicia","Lugo"
5462,"Val","Baralla","1347.61962355","Galicia","Lugo"
5497,"Romeor","Folgoso do Courel","5672.31121568","Galicia","Lugo"
5513,"Lousada","Pedrafita do Cebreiro","4095.92398024","Galicia","Lugo"
5519,"Veiga de Forcas","Pedrafita do Cebreiro","644.62199567","Galicia","Lugo"
5554,"Piñeira","Folgoso do Courel","6515.496905","Galicia","Lugo"
5601,"Vilariño","Calvos de Randín","10466.45643979","Galicia","Ourense"
5608,"Meiraos","Folgoso do Courel","6565.34719195","Galicia","Lugo"
5617,"Moreda","Folgoso do Courel","7979.46993709","Galicia","Lugo"
5637,"Pacios","Pedrafita do Cebreiro","2330.15484543","Galicia","Lugo"
5670,"Celeiró","Pedrafita do Cebreiro","47.9911433","Galicia","Lugo"
5705,"Xoaine","Guntín","2603.65492182","Galicia","Lugo"
5728,"Outeiro","Quiroga","11001.14645451","Galicia","Lugo"
5738,"Castelo Grande","Guntín","2584.00530877","Galicia","Lugo"
5746,"Foxos","Pedrafita do Cebreiro","2927.91439219","Galicia","Lugo"
5800,"A Veiga de Logares","A Fonsagrada","12290.14429256","Galicia","Lugo"
5804,"Sobredo","Folgoso do Courel","11958.99047473","Galicia","Lugo"
5824,"A Seara","Quiroga","11725.57393708","Galicia","Lugo"
5851,"Rao","Navia de Suarna","19376.1291689","Galicia","Lugo"
5862,"Camporredondo","Baralla","843.21271475","Galicia","Lugo"
5951,"Zolle","Guntín","2562.43461074","Galicia","Lugo"
5966,"Vilarello","Cervantes","11030.23593397","Galicia","Lugo"
5980,"Cela","Cervantes","5167.71835008","Galicia","Lugo"
6005,"Hospital","Pedrafita do Cebreiro","74.11714433","Galicia","Lugo"
6042,"Vilasibil","Folgoso do Courel","6300.30508167","Galicia","Lugo"
6082,"Santalla","Pedrafita do Cebreiro","2660.34661896","Galicia","Lugo"
6120,"La Risca","Moratalla","16119.33051176","Región de Murcia","Murcia"
6191,"Costa Da Zapateira","Cospeito","6623.40499184","Galicia","Lugo"
6201,"Seceda","Folgoso do Courel","12265.13548327","Galicia","Lugo"
6228,"Ferreiros de Arriba","Folgoso do Courel","11580.00155521","Galicia","Lugo"
6230,"San Mamede","Guntín","4267.06774074","Galicia","Lugo"
6235,"Vilela","Folgoso do Courel","4334.74381252","Galicia","Lugo"
6253,"Vilarello Da Irexa","Cervantes","748.97326289","Galicia","Lugo"
6284,"Louteiro","A Fonsagrada","11917.36250047","Galicia","Lugo"
6350,"Penela","Guntín","2427.58480849","Galicia","Lugo"
6355,"Seixo","Pedrafita do Cebreiro","1940.38766115","Galicia","Lugo"
6362,"Robledo","Cervantes","10008.61306766","Galicia","Lugo"
6402,"A Eirexe","Guntín","2840.21594533","Galicia","Lugo"
6428,"Piornedo","Cervantes","13298.07744167","Galicia","Lugo"
6454,"Murias de Rao","Navia de Suarna","17625.25249396","Galicia","Lugo"
6483,"Ferreira","Guntín","51.94890387","Galicia","Lugo"
6572,"La Hiruela","La Hiruela","9570.24578072","Comunidad de Madrid","Madrid"
6731,"Los Grifos","Rascafría","12102.50697094","Comunidad de Madrid","Madrid"
6763,"Rascafría","Rascafría","10389.87083007","Comunidad de Madrid","Madrid"
6840,"Oteruelo del Valle","Rascafría","13028.46236233","Comunidad de Madrid","Madrid"
7030,"Alfarnate","Alfarnate","13401.67259232","Andalucía","Málaga"
7031,"Alfarnatejo","Alfarnatejo","14501.16855337","Andalucía","Málaga"
7060,"Benalauría","Benalauría","105.12078978","Andalucía","Málaga"
7062,"Benadalid","Benadalid","438.87360793","Andalucía","Málaga"
7063,"Jimera de Líbar","Jimera de Líbar","3468.51250926","Andalucía","Málaga"
7084,"Alpandeire","Alpandeire","2373.5760814","Andalucía","Málaga"
7099,"Barriada de la Estación","Jimera de Líbar","4221.65034406","Andalucía","Málaga"
7155,"Igualeja","Igualeja","358.91526862","Andalucía","Málaga"
7169,"Júzcar","Júzcar","3268.0683288","Andalucía","Málaga"
7296,"Faraján","Faraján","4504.64239624","Andalucía","Málaga"
7329,"Pujerra","Pujerra","1227.16750381","Andalucía","Málaga"
7577,"Fuente Ribera","Moratalla","19396.90743028","Región de Murcia","Murcia"
7999,"Izal/Itzalle","Gallués/Galoze","5385.00222947","Comunidad Foral de Navarra","Navarra"
8078,"Ustés","Navascués/Nabaskoze","192.6650351","Comunidad Foral de Navarra","Navarra"
8177,"Esparza de Salazar/Espartza Zaraitzu","Esparza de Salazar/Espartza Zaraitzu","10312.14101435","Comunidad Foral de Navarra","Navarra"
8212,"Ibilcieta/Ibiltzieta","Sarriés/Sartze","8708.10572879","Comunidad Foral de Navarra","Navarra"
8250,"Lizarraga","Ergoiena","2820.52187573","Comunidad Foral de Navarra","Navarra"
8312,"Unanu","Ergoiena","2581.45860143","Comunidad Foral de Navarra","Navarra"
8376,"Dorrao/Torrano","Ergoiena","3495.50342821","Comunidad Foral de Navarra","Navarra"
8458,"Aspurz","Navascués/Nabaskoze","387.50838897","Comunidad Foral de Navarra","Navarra"
8479,"Castillonuevo","Castillonuevo","6870.00707349","Comunidad Foral de Navarra","Navarra"
8501,"Oronz/Orontze","Oronz/Orontze","11795.99794768","Comunidad Foral de Navarra","Navarra"
8618,"A Silva","Riós","15901.5632477","Galicia","Ourense"
8656,"Espiño","Oímbra","10231.27423373","Galicia","Ourense"
8760,"San Paio","Riós","15062.61164775","Galicia","Ourense"
8813,"A Fraira","Vilardevós","8806.21004384","Galicia","Ourense"
8840,"Sarreaus","Riós","12118.54935015","Galicia","Ourense"
8911,"Naveaus","Laza","13058.23186136","Galicia","Ourense"
8949,"Santa Comba de Baroncelle","Vilardevós","16788.76033552","Galicia","Ourense"
8966,"Herosa","A Gudiña","7631.62457547","Galicia","Ourense"
8997,"Tamicelas","Laza","12736.92371657","Galicia","Ourense"
9018,"O Souto","Riós","12394.38251308","Galicia","Ourense"
9059,"Bustelo","Vilardevós","7140.54064304","Galicia","Ourense"
9107,"Barxa","A Gudiña","9441.48138613","Galicia","Ourense"
9126,"Santa Baia","Riós","12456.75207779","Galicia","Ourense"
9168,"Eiras","Laza","14358.8184894","Galicia","Ourense"
9169,"As Maus","Baltar","5673.76117082","Galicia","Ourense"
9203,"Sanguñedo","Castrelo do Val","15330.90706301","Galicia","Ourense"
9249,"Vilameá","Laza","14292.07270829","Galicia","Ourense"
9318,"As Mercedes","Cualedro","9973.16008345","Galicia","Ourense"
9365,"Retorta","Laza","9577.91058225","Galicia","Ourense"
9424,"Devesa","Vilardevós","6529.47699287","Galicia","Ourense"
9447,"Escuadro","Maceda","5652.19519917","Galicia","Ourense"
9472,"A Veiguiña","Riós","13380.52844547","Galicia","Ourense"
9475,"O Terron","Oímbra","8986.70426912","Galicia","Ourense"
9582,"O Navallo","Laza","15669.59412886","Galicia","Ourense"
9609,"San Pedro de Trasverea","Riós","11209.9700113","Galicia","Ourense"
9614,"Rubiós","Riós","10807.52663363","Galicia","Ourense"
9647,"Hedreira","A Veiga","10818.66758839","Galicia","Ourense"
9659,"Monterrei","Monterrei","1092.82538967","Galicia","Ourense"
9699,"Ribas","Castrelo do Val","8373.73983836","Galicia","Ourense"
9707,"Vilar","Castrelo do Val","11484.48045229","Galicia","Ourense"
9721,"Mirós","Riós","10248.43937928","Galicia","Ourense"
9792,"Ese","Tineo","6030.58690383","Principado de Asturias","Asturias"
9830,"Mañoás","Riós","11539.00046348","Galicia","Ourense"
9846,"Baldriz","Cualedro","8659.0528928","Galicia","Ourense"
9882,"Soutochao","Vilardevós","17201.11089618","Galicia","Ourense"
9894,"Florderrei Vello","Vilardevós","11971.7636529","Galicia","Ourense"
9936,"Enxames","Vilardevós","10454.49733963","Galicia","Ourense"
9958,"Lamasdeite","Vilardevós","15086.73430238","Galicia","Ourense"
10004,"Progo","Riós","12150.4966657","Galicia","Ourense"
10012,"A Trepa","Riós","9733.07650891","Galicia","Ourense"
10032,"Fontefría","Castrelo do Val","12876.47750874","Galicia","Ourense"
10049,"Florderrei","Riós","15353.45044406","Galicia","Ourense"
10078,"Moialde","Vilardevós","15766.10030264","Galicia","Ourense"
10197,"Castrelo do Val","Castrelo do Val","5601.6138557","Galicia","Ourense"
10230,"Rubiás","Calvos de Randín","7511.53491757","Galicia","Ourense"
10259,"Castro de Escuadro","Maceda","6440.08263141","Galicia","Ourense"
10284,"Servoi","Castrelo do Val","10368.8263851","Galicia","Ourense"
10288,"O Tameirón","A Gudiña","4959.16991155","Galicia","Ourense"
10311,"Romariz","Riós","12615.17427027","Galicia","Ourense"
10374,"Cimadevila","Laza","13622.1222759","Galicia","Ourense"
10426,"A Esculqueira","A Mezquita","5813.33964129","Galicia","Ourense"
10431,"Correchouso","Laza","16332.92166227","Galicia","Ourense"
10485,"O Hospital","Vilardevós","6290.61541784","Galicia","Ourense"
10543,"Laza","Laza","12887.3104459","Galicia","Ourense"
10578,"Gondulfes","Castrelo do Val","7070.26285957","Galicia","Ourense"
10597,"Oímbra","Oímbra","4907.19184341","Galicia","Ourense"
10626,"Bousés","Oímbra","10220.61189976","Galicia","Ourense"
10655,"O Santo","Laza","10265.44106299","Galicia","Ourense"
10668,"Soutocovo","Vilardevós","15077.26178563","Galicia","Ourense"
10669,"O Mourisco","Riós","13825.04508496","Galicia","Ourense"
10673,"As Ferreiras","Riós","12947.17728351","Galicia","Ourense"
10723,"Pepín","Castrelo do Val","8167.41797535","Galicia","Ourense"
10747,"Toro","Laza","17184.42398527","Galicia","Ourense"
10760,"O Castro","Laza","14028.85144941","Galicia","Ourense"
10818,"A Trabe","Vilardevós","18035.1901793","Galicia","Ourense"
10874,"San Lourenzo","A Gudiña","11151.04030131","Galicia","Ourense"
10875,"Osoño","Vilardevós","5670.90387412","Galicia","Ourense"
10919,"Barxela","Maceda","5411.75314218","Galicia","Ourense"
10950,"Buso","Ibias","19057.26820919","Principado de Asturias","Asturias"
10962,"Villarcebollín","Ibias","17271.29064188","Principado de Asturias","Asturias"
11023,"Veiga de Nostre","Castrelo do Val","13699.32293743","Galicia","Ourense"
11027,"Rexosende","Vilardevós","16039.03164638","Galicia","Ourense"
11029,"As Casas dos Montes","Oímbra","6885.22554766","Galicia","Ourense"
11052,"Tomonte","Vilardevós","19732.65149657","Galicia","Ourense"
11125,"Pías","Maceda","6486.09841036","Galicia","Ourense"
11190,"Piñeira","Ibias","13932.64174397","Principado de Asturias","Asturias"
11222,"Riegla de Cibea","Cangas del Narcea","11512.60260469","Principado de Asturias","Asturias"
11237,"Villarmeirín","Ibias","13421.17738068","Principado de Asturias","Asturias"
11257,"Torga","Ibias","16392.4655924","Principado de Asturias","Asturias"
11364,"Boiro","Ibias","19515.5733342","Principado de Asturias","Asturias"
11403,"Pradías","Ibias","15831.65659569","Principado de Asturias","Asturias"
11428,"Tarna","Caso","9228.43616619","Principado de Asturias","Asturias"
11802,"Busante","Ibias","17425.12386201","Principado de Asturias","Asturias"
11877,"Villamayor","Ibias","15974.45311037","Principado de Asturias","Asturias"
11905,"Ferreira","Ibias","12563.06421904","Principado de Asturias","Asturias"
11928,"Val.láu","Cangas del Narcea","11859.54302018","Principado de Asturias","Asturias"
22910,"Flechas","Figueruela de Arriba","12672.52178164","Castilla y León","Zamora"
12036,"Cadagayoso","Ibias","17573.55706271","Principado de Asturias","Asturias"
12127,"Cuantas","Ibias","15215.39324004","Principado de Asturias","Asturias"
12607,"Morentán","Ibias","12083.15295206","Principado de Asturias","Asturias"
12622,"Dou","Ibias","13731.78289813","Principado de Asturias","Asturias"
12691,"Valvaler","Ibias","13418.34219831","Principado de Asturias","Asturias"
12731,"Villares de Abajo","Ibias","18224.86723931","Principado de Asturias","Asturias"
12832,"Caldevilla","Ibias","14160.11371961","Principado de Asturias","Asturias"
12912,"Fresno","Ibias","17759.17520345","Principado de Asturias","Asturias"
12938,"Degaña","Degaña","11643.74375677","Principado de Asturias","Asturias"
12965,"Bourres","Tineo","4980.26279128","Principado de Asturias","Asturias"
23216,"Otero de Sariegos","Villafáfila","11431.26787581","Castilla y León","Zamora"
13080,"Cecos","Ibias","16933.99590548","Principado de Asturias","Asturias"
23762,"La Santa","Tinajo","13701.39336092","Canarias","Las Palmas"
23868,"La Costa","Tinajo","11340.9533457","Canarias","Las Palmas"
23913,"Betancuria","Betancuria","6648.01191743","Canarias","Las Palmas"
24011,"Vega de Río Palmas","Betancuria","6976.34144979","Canarias","Las Palmas"
13128,"Omente","Ibias","12940.41235367","Principado de Asturias","Asturias"
24077,"El Cuchillo","Tinajo","11635.93712656","Canarias","Las Palmas"
24422,"La Laguneta","Tinajo","10117.79336464","Canarias","Las Palmas"
13129,"Trescastru","Cangas del Narcea","12269.53712763","Principado de Asturias","Asturias"
13178,"Folgoso","Ibias","13664.46436337","Principado de Asturias","Asturias"
26226,"Arrecife","Riópar","16942.4138323","Castilla-La Mancha","Albacete"
13185,"Bustelo","Ibias","17001.96418267","Principado de Asturias","Asturias"
13202,"Villares de Arriba","Ibias","18685.0266429","Principado de Asturias","Asturias"
13343,"Alguerdo","Ibias","14614.66025858","Principado de Asturias","Asturias"
13408,"Villardecendias","Ibias","12589.64368046","Principado de Asturias","Asturias"
13417,"La Sierra","Ibias","19099.8835428","Principado de Asturias","Asturias"
13420,"Centenales","Ibias","15344.67259685","Principado de Asturias","Asturias"
13484,"Andeo","Ibias","15558.31228736","Principado de Asturias","Asturias"
13577,"Lagueiro","Ibias","16991.04958014","Principado de Asturias","Asturias"
13585,"L.lamera","Cangas del Narcea","12766.4009658","Principado de Asturias","Asturias"
13614,"Taladrid","Ibias","13577.96931106","Principado de Asturias","Asturias"
13679,"San Clemente","Ibias","17476.0734834","Principado de Asturias","Asturias"
13866,"Sonande","Cangas del Narcea","12330.69572354","Principado de Asturias","Asturias"
13904,"Seroiro","Ibias","15116.25447344","Principado de Asturias","Asturias"
13937,"Villarín","Ibias","15041.89212895","Principado de Asturias","Asturias"
14012,"Fondodevilla","Ibias","16371.17783763","Principado de Asturias","Asturias"
14031,"Sorrodiles","Cangas del Narcea","11746.83818006","Principado de Asturias","Asturias"
14128,"Tarilonte de la Peña","Santibáñez de la Peña","699.02716953","Castilla y León","Palencia"
14311,"Los Llazos","La Pernía","580.97790027","Castilla y León","Palencia"
14421,"La Lastra","Triollo","11412.92393256","Castilla y León","Palencia"
14448,"Alba de los Cardaños","Velilla del Río Carrión","10198.51261023","Castilla y León","Palencia"
14531,"Cardaño de Abajo","Velilla del Río Carrión","8073.19008679","Castilla y León","Palencia"
14571,"Cardaño de Arriba","Velilla del Río Carrión","13201.8971677","Castilla y León","Palencia"
14586,"Piedrasluengas","La Pernía","455.01139172","Castilla y León","Palencia"
14591,"Velilla de la Peña","Santibáñez de la Peña","1848.77015325","Castilla y León","Palencia"
14604,"Lebanza","La Pernía","3120.00856666","Castilla y León","Palencia"
14667,"Tremaya","La Pernía","1956.35221214","Castilla y León","Palencia"
14675,"El Campo","La Pernía","1624.37048528","Castilla y León","Palencia"
14686,"Villarrabé","Villarrabé","2642.73198867","Castilla y León","Palencia"
14840,"Villaverde de la Peña","Santibáñez de la Peña","1769.55495039","Castilla y León","Palencia"
15593,"Las Ilces","Camaleño","15775.49340483","Cantabria","Cantabria"
15642,"El Castillo de las Guardas","El Castillo de las Guardas","0","Andalucía","Sevilla"
15648,"Urbanización la Zarzuela","Castilblanco de los Arroyos","4149.49057578","Andalucía","Sevilla"
15787,"Villar de Olmos","Requena","10192.84119012","Comunitat Valenciana","València-Valencia"
16487,"El Pobo","El Pobo","13785.1173706","Aragón","Teruel"
16489,"Ababuj","Ababuj","14977.54032603","Aragón","Teruel"
16493,"Mosqueruela","Mosqueruela","17890.24730998","Aragón","Teruel"
16512,"Cosa","Cosa","7754.49108355","Aragón","Teruel"
16688,"La Alamedilla","La Alamedilla","16436.37142969","Castilla y León","Salamanca"
16928,"Salvatierra de Esca","Salvatierra de Esca","5622.878481","Aragón","Zaragoza"
16959,"Asín","Asín","15925.28005039","Aragón","Zaragoza"
16997,"Vega del Castillo","Espadañedo","13226.92390805","Castilla y León","Zamora"
17440,"Armenteros","Armenteros","5123.16244782","Castilla y León","Salamanca"
17452,"Castillejo de Dos Casas","Aldea del Obispo","9987.23833147","Castilla y León","Salamanca"
17474,"Villar de la Yegua","Villar de la Yegua","4495.54199977","Castilla y León","Salamanca"
17497,"El Maíllo","El Maíllo","12883.17676563","Castilla y León","Salamanca"
17531,"Alaraz","Alaraz","14255.10221779","Castilla y León","Salamanca"
17540,"Casillas de Flores","Casillas de Flores","15117.84124842","Castilla y León","Salamanca"
17561,"San Esteban de la Sierra","San Esteban de la Sierra","8620.98902484","Castilla y León","Salamanca"
17657,"Barquilla","Villar de la Yegua","6577.16190148","Castilla y León","Salamanca"
17667,"Espeja","Espeja","2264.05864581","Castilla y León","Salamanca"
17704,"Peñaparda","Peñaparda","11997.32601215","Castilla y León","Salamanca"
17706,"El Tornadizo","El Tornadizo","7221.74804418","Castilla y León","Salamanca"
18197,"Brez","Camaleño","10147.51283198","Cantabria","Cantabria"
18216,"Riofrío de Riaza","Riofrío de Riaza","14567.65845311","Castilla y León","Segovia"
18436,"Pembes","Camaleño","13748.02518307","Cantabria","Cantabria"
18467,"Villafranca de los Caballeros","Villafranca de los Caballeros","74.7333919","Castilla-La Mancha","Toledo"
18497,"La Pinilla","Cerezo de Arriba","10479.20639302","Castilla y León","Segovia"
18535,"Tanarrio","Camaleño","10718.9325623","Cantabria","Cantabria"
18606,"Fuente Dé","Camaleño","12581.26445153","Cantabria","Cantabria"
18935,"Torrecilla","Condado de Castilnovo","2229.84883131","Castilla y León","Segovia"
18938,"Los Cortos","Duruelo","449.96647894","Castilla y León","Segovia"
18944,"Castiltierra","Fresno de Cantespino","10016.78213647","Castilla y León","Segovia"
18949,"Barahona de Fresno","Riaza","5689.06773592","Castilla y León","Segovia"
18978,"Tanarro","Sepúlveda","1012.46277187","Castilla y León","Segovia"
18979,"Gomeznarro","Fresno de Cantespino","13547.3468151","Castilla y León","Segovia"
18990,"Las Casas Altas","Ventosilla y Tejadilla","3361.29464963","Castilla y León","Segovia"
18999,"Perorrubio","Sepúlveda","1576.63134035","Castilla y León","Segovia"
19010,"Santa Marta del Cerro","Santa Marta del Cerro","0","Castilla y León","Segovia"
19019,"El Olmo","Barbolla","1550.1357799","Castilla y León","Segovia"
19038,"Siguero","Santo Tomé del Puerto","321.68985268","Castilla y León","Segovia"
19042,"La Rades","Santo Tomé del Puerto","450.60398786","Castilla y León","Segovia"
19050,"La Nava","Condado de Castilnovo","2011.95866555","Castilla y León","Segovia"
19063,"Alquité","Riaza","19573.58535953","Castilla y León","Segovia"
19073,"La Fuente","Valleruela de Sepúlveda","6114.8486392","Castilla y León","Segovia"
19105,"Vellosillo","Sepúlveda","1266.63445901","Castilla y León","Segovia"
19165,"Aldeanueva del Monte","Riaza","7500.60850564","Castilla y León","Segovia"
19199,"Sigueruelo","Santo Tomé del Puerto","1926.95417509","Castilla y León","Segovia"
19236,"Ventosilla","Ventosilla y Tejadilla","4235.34661302","Castilla y León","Segovia"
19237,"Valleruela de Pedraza","Valleruela de Pedraza","7428.04305963","Castilla y León","Segovia"
19240,"Tejadilla","Ventosilla y Tejadilla","4018.08635034","Castilla y León","Segovia"
19241,"Mansilla","Cerezo de Abajo","1663.58380203","Castilla y León","Segovia"
19246,"Castillejo de Mesleón","Castillejo de Mesleón","6248.52582547","Castilla y León","Segovia"
19259,"Soto de Sepúlveda","Castillejo de Mesleón","7971.45084892","Castilla y León","Segovia"
19274,"Berzal","Valleruela de Pedraza","7481.3925687","Castilla y León","Segovia"
19291,"Pajarejos","Pajarejos","6501.60227758","Castilla y León","Segovia"
19388,"Juan Antón","El Madroño","34.41440718","Andalucía","Sevilla"
19431,"El Álamo","El Madroño","559.14654056","Andalucía","Sevilla"
19458,"Minas del Castillo de las Guardas","El Castillo de las Guardas","5.99563881","Andalucía","Sevilla"
19526,"Villargordo","El Madroño","1033.19288333","Andalucía","Sevilla"
26238,"La Tobica","Yeste","9702.21871103","Castilla-La Mancha","Albacete"
19550,"El Peralejo","El Castillo de las Guardas","2111.59285809","Andalucía","Sevilla"
19612,"Juan Gallego","El Madroño","250.27462034","Andalucía","Sevilla"
19707,"Torreblacos","Torreblacos","934.41013407","Castilla y León","Soria"
19722,"La Muela","Golmayo","43.59497117","Castilla y León","Soria"
19723,"La Barbolla","Quintana Redonda","24.32659092","Castilla y León","Soria"
26357,"Los Alejos","Molinicos","12240.47996432","Castilla-La Mancha","Albacete"
19773,"Fuentepinilla","Fuentepinilla","3913.07342731","Castilla y León","Soria"
26388,"Cueva Ahumada","Villaverde de Guadalimar","17229.01067512","Castilla-La Mancha","Albacete"
19779,"La Seca","Quintana Redonda","5070.99104467","Castilla y León","Soria"
19786,"Nafría la Llana","Golmayo","123.16464072","Castilla y León","Soria"
19801,"Ventosa de Fuentepinilla","Quintana Redonda","2378.23038343","Castilla y León","Soria"
19829,"Blacos","Blacos","1376.72951231","Castilla y León","Soria"
19835,"Fuentecantales","Talveila","3285.26213363","Castilla y León","Soria"
19850,"Cascajosa","Tardelcuende","7441.31609091","Castilla y León","Soria"
19917,"Venta Nueva","Calatañazor","136.09663553","Castilla y León","Soria"
19939,"Quintanilla de Nuño Pedro","Espeja de San Marcelino","12191.41095361","Castilla y León","Soria"
19990,"Fuentelárbol","Quintana Redonda","89.2157662","Castilla y León","Soria"
20021,"Alcoba de la Torre","Alcubilla de Avellaneda","12031.11072431","Castilla y León","Soria"
20051,"Fuen Vich","Requena","814.51728845","Comunitat Valenciana","València-Valencia"
20055,"Calatañazor","Calatañazor","1086.5191086","Castilla y León","Soria"
20132,"Reznos","Reznos","15695.33049742","Castilla y León","Soria"
20144,"Torlengua","Torlengua","4091.34542381","Castilla y León","Soria"
20150,"Aylagas","Valdemaluque","3909.63531245","Castilla y León","Soria"
20155,"Fuentelaldea","Quintana Redonda","0","Castilla y León","Soria"
20172,"Osona","Fuentepinilla","4911.7620532","Castilla y León","Soria"
20183,"Torreandaluz","Valderrodilla","5011.06886811","Castilla y León","Soria"
20219,"Miñana","Deza","12108.65759455","Castilla y León","Soria"
20237,"Abioncillo de Calatañazor","Calatañazor","702.16750576","Castilla y León","Soria"
20254,"La Hinojosa","Espeja de San Marcelino","8186.00998637","Castilla y León","Soria"
20286,"Nódalo","Golmayo","1272.6999119","Castilla y León","Soria"
20309,"Aldehuela de Calatañazor","Calatañazor","896.09311568","Castilla y León","Soria"
20435,"Can Ferrer de la Cogullada","El Montmell","4404.0471566","Cataluña-Catalunya","Tarragona"
20528,"Aiguaviva","El Montmell","2046.35845654","Cataluña-Catalunya","Tarragona"
20547,"el Pla de Manlleu","Aiguamúrcia","332.63590053","Cataluña-Catalunya","Tarragona"
20766,"Albarca","Cornudella de Montsant","1609.2013596","Cataluña-Catalunya","Tarragona"
21016,"Las Alhambras","Manzanera","19105.54771159","Aragón","Teruel"
21032,"Visiedo","Visiedo","10050.24812666","Aragón","Teruel"
21041,"Torre los Negros","Torre los Negros","5725.00796812","Aragón","Teruel"
21051,"Lidón","Lidón","13545.36291667","Aragón","Teruel"
21056,"Alfambra","Alfambra","130.99659758","Aragón","Teruel"
21067,"Argente","Argente","10687.18824803","Aragón","Teruel"
21125,"Castelvispal","Linares de Mora","19165.92502627","Aragón","Teruel"
21153,"Valdecuenca","Valdecuenca","19590.05990347","Aragón","Teruel"
21212,"Hontanar","Hontanar","99999","Castilla-La Mancha","Toledo"
21346,"Navaltoril","Robledo del Mazo","7934.91123343","Castilla-La Mancha","Toledo"
21354,"Robledillo","Robledo del Mazo","4212.77022729","Castilla-La Mancha","Toledo"
21458,"Piedraescrita","Robledo del Mazo","11800.8757469","Castilla-La Mancha","Toledo"
21569,"Penén de Albosa","Requena","8387.5720812","Comunitat Valenciana","València-Valencia"
21603,"Los Sardineros","Requena","11075.03278416","Comunitat Valenciana","València-Valencia"
21994,"La Cañada","Requena","11021.89037885","Comunitat Valenciana","València-Valencia"
22158,"Quintanilla del Molar","Quintanilla del Molar","4351.57226694","Castilla y León","Valladolid"
22213,"Melgar de Abajo","Melgar de Abajo","8094.26483743","Castilla y León","Valladolid"
22283,"Monasterio de Vega","Monasterio de Vega","4588.76638821","Castilla y León","Valladolid"
22389,"Cogeces del Monte","Cogeces del Monte","0","Castilla y León","Valladolid"
22427,"Roales de Campos","Roales de Campos","2251.91881563","Castilla y León","Valladolid"
22830,"Riomanzanas","Figueruela de Arriba","14674.33359253","Castilla y León","Zamora"
22841,"Palazuelo de las Cuevas","San Vicente de la Cabeza","15987.22554002","Castilla y León","Zamora"
22882,"Rihonor de Castilla","Pedralba de la Pradería","8124.74353155","Castilla y León","Zamora"
22927,"Villarino de Manzanas","Figueruela de Arriba","15700.25205527","Castilla y León","Zamora"
22956,"Gramedo","Muelas de los Caballeros","7893.8407846","Castilla y León","Zamora"
22962,"Arcillera","Fonfría","13260.35931246","Castilla y León","Zamora"
23095,"Faramontanos de la Sierra","Espadañedo","9978.43116718","Castilla y León","Zamora"
23119,"Tolilla","Gallegos del Río","10542.88710736","Castilla y León","Zamora"
23245,"San Pedro de las Herrerías","Mahide","12137.72544831","Castilla y León","Zamora"
23252,"Ufones","Rabanales","17423.52398433","Castilla y León","Zamora"
23268,"Villalengua","Villalengua","559.58376046","Aragón","Zaragoza"
23274,"Asso-Veral","Sigüés","828.82885114","Aragón","Zaragoza"
23285,"Undués-Pintano","Los Pintanos","7327.74413437","Aragón","Zaragoza"
23305,"Bagüés","Bagüés","6620.52318214","Aragón","Zaragoza"
23319,"Sigüés","Sigüés","1400.60133381","Aragón","Zaragoza"
23337,"Castejón de Alarba","Castejón de Alarba","11581.01156697","Aragón","Zaragoza"
23349,"Malpica de Arba","Biota","11796.82619603","Aragón","Zaragoza"
23410,"Longás","Longás","13078.76524169","Aragón","Zaragoza"
23429,"Lorbés","Salvatierra de Esca","7581.62792656","Aragón","Zaragoza"
23431,"Torralba de los Frailes","Torralba de los Frailes","18499.35414066","Aragón","Zaragoza"
23452,"Farasdués","Ejea de los Caballeros","8953.79308507","Aragón","Zaragoza"
23498,"Gallocanta","Gallocanta","16335.67215014","Aragón","Zaragoza"
23500,"Used","Used","14663.59888514","Aragón","Zaragoza"
23511,"Fuencalderas","Biel","11961.54483403","Aragón","Zaragoza"
23564,"Aladrén","Aladrén","8770.85705129","Aragón","Zaragoza"
23576,"Atea","Atea","8398.73537368","Aragón","Zaragoza"
23586,"Artieda","Artieda","2713.31367798","Aragón","Zaragoza"
25041,"Lepe","Agulo","5022.35234621","Canarias","Santa Cruz de Tenerife"
25424,"Capilla","Capilla","5292.90632213","Extremadura","Badajoz"
25455,"Vegas de Coria","Nuñomoral","10499.87829442","Extremadura","Cáceres"
25456,"Torrecilla de los Ángeles","Torrecilla de los Ángeles","902.55096396","Extremadura","Cáceres"
25458,"Castillo","Pinofranqueado","8102.87040423","Extremadura","Cáceres"
25738,"La Guarda","Campanario","1201.22143174","Extremadura","Badajoz"
26002,"Arluzea","Bernedo","16404.14187646","País Vasco-Euskadi","Araba-Álava"
26028,"Urarte","Bernedo","15856.41023038","País Vasco-Euskadi","Araba-Álava"
26159,"Rubiales","Higuera de Llerena","4476.64191668","Extremadura","Badajoz"
26508,"La Molata","Nerpio","8382.75318736","Castilla-La Mancha","Albacete"
26190,"Fuente de la Carrasca","Nerpio","19754.25066938","Castilla-La Mancha","Albacete"
26212,"Cañadas","Nerpio","15085.22388051","Castilla-La Mancha","Albacete"
26216,"Venta del Tabaquero","Villaverde de Guadalimar","17478.98291417","Castilla-La Mancha","Albacete"
26219,"El Laminador","Riópar","16210.22124474","Castilla-La Mancha","Albacete"
26222,"Las Ánimas","Molinicos","12707.13364418","Castilla-La Mancha","Albacete"
26223,"Los Chovales","Molinicos","16421.3123552","Castilla-La Mancha","Albacete"
26248,"Los Chorretites de Abajo","Nerpio","12986.65464816","Castilla-La Mancha","Albacete"
26265,"Bojadillas","Nerpio","17802.11445275","Castilla-La Mancha","Albacete"
26269,"Casas del Río","Yeste","0","Castilla-La Mancha","Albacete"
26271,"Potiche","Bogarra","12397.71545486","Castilla-La Mancha","Albacete"
26275,"Las Torres","Yeste","957.46456921","Castilla-La Mancha","Albacete"
26291,"Los Giles","Yeste","9688.83241049","Castilla-La Mancha","Albacete"
26305,"Pedazuelo","Yeste","10511.89519446","Castilla-La Mancha","Albacete"
27521,"Fuente Jerónimo","Oria","12315.69109601","Andalucía","Almería"
26309,"Villar de Tus","Yeste","8715.96250981","Castilla-La Mancha","Albacete"
26326,"Casas de la Cuesta","Yeste","349.09801903","Castilla-La Mancha","Albacete"
26338,"Yeguarizas","Bogarra","17213.02137754","Castilla-La Mancha","Albacete"
26353,"Los Prados","Yeste","5528.13916591","Castilla-La Mancha","Albacete"
26360,"Collado Carrascas","Yeste","4917.20043123","Castilla-La Mancha","Albacete"
26365,"Casa de las Tablas","Riópar","19118.21378168","Castilla-La Mancha","Albacete"
26366,"Quebradas","Yeste","10393.73250986","Castilla-La Mancha","Albacete"
27713,"Los Gázquez","Oria","12583.62269681","Andalucía","Almería"
26373,"La Ermita","Yeste","900.55318152","Castilla-La Mancha","Albacete"
28512,"Navaquesera","Navaquesera","7031.97660876","Castilla y León","Ávila"
28563,"Campillo de Llerena","Campillo de Llerena","135.47498084","Extremadura","Badajoz"
28565,"Berlanga","Berlanga","1642.83367981","Extremadura","Badajoz"
28569,"Valencia de las Torres","Valencia de las Torres","11019.18708979","Extremadura","Badajoz"
28593,"Puebla de la Reina","Puebla de la Reina","17715.35147336","Extremadura","Badajoz"
28610,"Cabeza la Vaca","Cabeza la Vaca","15416.4282586","Extremadura","Badajoz"
28611,"Zarza-Capilla","Zarza-Capilla","10827.30489618","Extremadura","Badajoz"
26399,"La Casica","Yeste","11123.48233955","Castilla-La Mancha","Albacete"
26400,"Los Gallegos","Yeste","311.62265469","Castilla-La Mancha","Albacete"
26569,"Parideras","Vianos","99999","Castilla-La Mancha","Albacete"
26419,"La Moheda","Yeste","7483.62227811","Castilla-La Mancha","Albacete"
26426,"Vado de Tus","Yeste","8004.8350266","Castilla-La Mancha","Albacete"
26447,"Casa de la Noguera","Riópar","16321.56733259","Castilla-La Mancha","Albacete"
30679,"Masía de la Cimorreta","Villahermosa del Río","10732.23868424","Comunitat Valenciana","Castelló-Castellón"
26454,"Mesones","Molinicos","13324.76346715","Castilla-La Mancha","Albacete"
26460,"Paúles de Arriba","Yeste","1542.27100426","Castilla-La Mancha","Albacete"
26469,"La Dehesa","Riópar","19931.96549824","Castilla-La Mancha","Albacete"
26470,"Churritales","Yeste","1215.3528303","Castilla-La Mancha","Albacete"
26483,"Collado Tornero","Yeste","7959.21134951","Castilla-La Mancha","Albacete"
26487,"Los Vizcaínos","Bogarra","12804.38455751","Castilla-La Mancha","Albacete"
26504,"Casa Blanca","Letur","14327.50266907","Castilla-La Mancha","Albacete"
26520,"Tejeruela","Yeste","7079.05605866","Castilla-La Mancha","Albacete"
36397,"San Martiño","Frades","268.21052854","Galicia","A Coruña"
26525,"La Alfera","Molinicos","12992.44464979","Castilla-La Mancha","Albacete"
26548,"Tus","Yeste","11629.2773098","Castilla-La Mancha","Albacete"
26559,"Fuente la Sabina","Letur","15032.24046052","Castilla-La Mancha","Albacete"
36843,"Huete","Huete","0","Castilla-La Mancha","Cuenca"
36844,"Villar de la Encina","Villar de la Encina","9842.09038353","Castilla-La Mancha","Cuenca"
26567,"Casas del Alto","Yeste","8037.24126229","Castilla-La Mancha","Albacete"
26619,"El Carrascal","Yeste","10469.93363335","Castilla-La Mancha","Albacete"
26620,"La Parrilla","Yeste","9138.87186763","Castilla-La Mancha","Albacete"
26596,"Riópar Viejo","Riópar","99999","Castilla-La Mancha","Albacete"
26642,"Lagunicas","Yeste","9498.91520976","Castilla-La Mancha","Albacete"
26662,"El Gollizo","Riópar","18504.51163083","Castilla-La Mancha","Albacete"
26665,"Macalón","Yeste","607.31428413","Castilla-La Mancha","Albacete"
26668,"Vegallera","Molinicos","17592.49516925","Castilla-La Mancha","Albacete"
26684,"Tollos","Tollos","12270.03894869","Comunitat Valenciana","Alacant-Alicante"
26802,"Ares del Bosque","Benasau","7196.29983601","Comunitat Valenciana","Alacant-Alicante"
26874,"Famorca","Famorca","14379.06865427","Comunitat Valenciana","Alacant-Alicante"
27031,"Sella","Sella","8333.49986225","Comunitat Valenciana","Alacant-Alicante"
27050,"La Canalosa","el Fondó de les Neus/Hondón de las Nieves","1364.66334959","Comunitat Valenciana","Alacant-Alicante"
27088,"Alcoleja","Alcoleja","6792.44285779","Comunitat Valenciana","Alacant-Alicante"
27089,"El Chirral","Oria","12614.40540015","Andalucía","Almería"
27093,"Beniaia","la Vall d'Alcalà","11793.40886782","Comunitat Valenciana","Alacant-Alicante"
27381,"Los Malinos","Oria","18732.59936804","Andalucía","Almería"
27415,"Marchalico Viñicas","Sorbas","477.92004497","Andalucía","Almería"
27423,"Los Adrianes","Oria","12272.62899791","Andalucía","Almería"
27485,"Doña Juana","Oria","17640.82501633","Andalucía","Almería"
27494,"El Villar","Oria","15806.31549543","Andalucía","Almería"
27526,"Capairola","Oria","13076.80464253","Andalucía","Almería"
27709,"La Carrasca","Turre","2978.71890556","Andalucía","Almería"
27728,"El Margen","Oria","16792.47367153","Andalucía","Almería"
27815,"La Yegua Baja","Oria","19221.36943961","Andalucía","Almería"
27865,"Los Perales","Sorbas","96.31821232","Andalucía","Almería"
27892,"La Cañada","Oria","16996.93053957","Andalucía","Almería"
27895,"La Huelga","Sorbas","453.70365953","Andalucía","Almería"
27928,"La Fuente del Negro","Oria","15915.3720357","Andalucía","Almería"
27974,"El Contador","Chirivel","19271.43919446","Andalucía","Almería"
28013,"Navacepeda de Tormes","San Juan de Gredos","11944.04678984","Castilla y León","Ávila"
28065,"Navatalgordo","Navatalgordo","5878.09216702","Castilla y León","Ávila"
28069,"Morisco","Navatalgordo","4414.71895758","Castilla y León","Ávila"
28082,"Cabezas del Villar","Cabezas del Villar","14417.17226453","Castilla y León","Ávila"
28154,"Martínez","Martínez","14122.65368959","Castilla y León","Ávila"
28199,"Diego Álvaro","Diego del Carpio","16702.0497283","Castilla y León","Ávila"
28218,"Villanueva de Ávila","Villanueva de Ávila","4560.14821877","Castilla y León","Ávila"
28231,"Navalacruz","Navalacruz","7344.22355172","Castilla y León","Ávila"
28242,"Burgohondo","Burgohondo","0","Castilla y León","Ávila"
28267,"Serranillos","Serranillos","12399.93205863","Castilla y León","Ávila"
28274,"Navarrevisca","Navarrevisca","10243.83719138","Castilla y León","Ávila"
28308,"Puente Nueva","Burgohondo","562.62342394","Castilla y León","Ávila"
28705,"Lluc","Escorca","10148.94567274","Illes Balears","Illes Balears"
28801,"Port de sa Calobra","Escorca","10419.048905","Illes Balears","Illes Balears"
28937,"Arroba de los Montes","Arroba de los Montes","10154.61567293","Castilla-La Mancha","Ciudad Real"
28959,"Castellar de Santiago","Castellar de Santiago","17648.94818228","Castilla-La Mancha","Ciudad Real"
28988,"Solana del Pino","Solana del Pino","756.73226564","Castilla-La Mancha","Ciudad Real"
30102,"Perex de Losa","Medina de Pomar","2963.23397404","Castilla y León","Burgos"
30145,"Momediano","Medina de Pomar","6541.88314036","Castilla y León","Burgos"
30182,"Ordejón de Abajo o Santa Maria","Humada","7143.09627425","Castilla y León","Burgos"
30220,"Sáseta","Condado de Treviño","17073.97250288","Castilla y León","Burgos"
37125,"Base Militar","Sant Climent Sescebes","8978.46906737","Cataluña-Catalunya","Girona"
37236,"Cantallops","Cantallops","15341.40743081","Cataluña-Catalunya","Girona"
30375,"Castriciones","Valle de Losa","535.36302581","Castilla y León","Burgos"
30430,"Laño","Condado de Treviño","12204.88101759","Castilla y León","Burgos"
2179,"Aulabar","Bélmez de la Moraleda","99999","Andalucía","Jaén"
30475,"Calzada de Losa","Valle de Losa","552.21960861","Castilla y León","Burgos"
30564,"Fuidio","Condado de Treviño","15522.10980027","Castilla y León","Burgos"
30595,"Gamonoso","Anchuras","10002.73536817","Castilla-La Mancha","Ciudad Real"
30655,"Cedramán","Castillo de Villamalefa","10106.81568995","Comunitat Valenciana","Castelló-Castellón"
30658,"Catí","Catí","13051.4626336","Comunitat Valenciana","Castelló-Castellón"
30675,"Villalacre","Junta de Traslaloma","8380.73491563","Castilla y León","Burgos"
30641,"Villanueva de la Fuente","Villanueva de la Fuente","99999","Castilla-La Mancha","Ciudad Real"
30716,"Dehesilla","Caminomorisco","1107.59340855","Extremadura","Cáceres"
30787,"Barrio de San Felices","Sotresgudo","1301.94515171","Castilla y León","Burgos"
30810,"Paresotas","Medina de Pomar","6034.81058767","Castilla y León","Burgos"
30955,"Guadilla de Villamar","Sotresgudo","4365.02802833","Castilla y León","Burgos"
31093,"Ogueta","Condado de Treviño","16028.06471195","Castilla y León","Burgos"
31111,"Los Ordejones","Humada","5923.27254988","Castilla y León","Burgos"
31176,"O Pazo","Frades","2235.41877415","Galicia","A Coruña"
31185,"Congosto","Humada","6334.06592234","Castilla y León","Burgos"
31300,"Robredo","Medina de Pomar","2604.12989704","Castilla y León","Burgos"
31541,"Avellanar","Pinofranqueado","5718.20411552","Extremadura","Cáceres"
31543,"Rivera Oveja","Casar de Palomero","2722.14637534","Extremadura","Cáceres"
31544,"Pedro-Muñoz","Casar de Palomero","4736.98290628","Extremadura","Cáceres"
31554,"Jola","Valencia de Alcántara","11559.65718681","Extremadura","Cáceres"
31578,"Garvín","Garvín","2920.61909384","Extremadura","Cáceres"
31599,"Cabañas del Castillo","Cabañas del Castillo","2807.82009518","Extremadura","Cáceres"
31613,"Las Mestas","Ladrillar","11806.82207161","Extremadura","Cáceres"
31623,"El Bronco","Santa Cruz de Paniagua","2464.37727937","Extremadura","Cáceres"
31648,"Ladrillar","Ladrillar","15459.31964236","Extremadura","Cáceres"
31654,"La Aldea del Obispo","La Aldea del Obispo","542.95272442","Extremadura","Cáceres"
31656,"Huerta","Caminomorisco","1416.10596002","Extremadura","Cáceres"
31662,"Casar de Palomero","Casar de Palomero","0","Extremadura","Cáceres"
31667,"Robledo","Pinofranqueado","3976.61311224","Extremadura","Cáceres"
31688,"Villanueva de la Sierra","Villanueva de la Sierra","1028.48771591","Extremadura","Cáceres"
31692,"La Pesga","La Pesga","7135.22206904","Extremadura","Cáceres"
31693,"Santiago de Alcántara","Santiago de Alcántara","621.85010617","Extremadura","Cáceres"
31696,"El Gasco","Nuñomoral","8201.86123223","Extremadura","Cáceres"
31729,"Hernán-Pérez","Hernán-Pérez","2413.68845366","Extremadura","Cáceres"
31730,"Carbajo","Carbajo","902.43059914","Extremadura","Cáceres"
31736,"Navezuelas","Navezuelas","5934.18891704","Extremadura","Cáceres"
31742,"Alía","Alía","1986.55984723","Extremadura","Cáceres"
31743,"Cilleros","Cilleros","10780.23351025","Extremadura","Cáceres"
31748,"Horcajo","Pinofranqueado","7108.43403262","Extremadura","Cáceres"
31749,"Serradilla","Serradilla","7612.57546028","Extremadura","Cáceres"
31764,"La Calera","Alía","5294.99953985","Extremadura","Cáceres"
31766,"Roturas","Cabañas del Castillo","5383.40705678","Extremadura","Cáceres"
31769,"Aldehuela","Pinofranqueado","10397.7001464","Extremadura","Cáceres"
31788,"Aceitunilla","Nuñomoral","12759.69831067","Extremadura","Cáceres"
31790,"Cabezo","Ladrillar","13157.09744539","Extremadura","Cáceres"
31799,"Solana","Cabañas del Castillo","1693.50870974","Extremadura","Cáceres"
31965,"Anroig","Xert","7986.53562949","Comunitat Valenciana","Castelló-Castellón"
31995,"Mas de la Peña","Villahermosa del Río","14441.09201516","Comunitat Valenciana","Castelló-Castellón"
32003,"Ballestar","la Pobla de Benifassà","16121.11258877","Comunitat Valenciana","Castelló-Castellón"
32063,"Fredes","la Pobla de Benifassà","19397.1690675","Comunitat Valenciana","Castelló-Castellón"
32076,"La Avella","Catí","11541.10418161","Comunitat Valenciana","Castelló-Castellón"
32087,"Bel","Rossell","13682.31111235","Comunitat Valenciana","Castelló-Castellón"
32131,"Sant Mateu","Sant Mateu","28.51089616","Comunitat Valenciana","Castelló-Castellón"
32134,"Els Rosildos","Sierra Engarcerán","5110.46965018","Comunitat Valenciana","Castelló-Castellón"
32171,"Guadalmez","Guadalmez","5927.72622877","Castilla-La Mancha","Ciudad Real"
32172,"Fontanarejo","Fontanarejo","16921.47328379","Castilla-La Mancha","Ciudad Real"
32190,"Bienvenida","Almodóvar del Campo","11831.81794688","Castilla-La Mancha","Ciudad Real"
32216,"Valdeazogues","Almodóvar del Campo","9458.22192987","Castilla-La Mancha","Ciudad Real"
32239,"Ventillas","Fuencaliente","1186.74525151","Castilla-La Mancha","Ciudad Real"
32254,"Las Peralosas","Malagón","872.68754338","Castilla-La Mancha","Ciudad Real"
32268,"Encinacaída","Anchuras","13778.68751117","Castilla-La Mancha","Ciudad Real"
32488,"Piconcillo","Fuente Obejuna","10520.43726841","Andalucía","Córdoba"
32643,"Seixas","Arzúa","124.65182578","Galicia","A Coruña"
32721,"Salgueiroas","Tordoia","3642.89277818","Galicia","A Coruña"
32738,"O Marquiño","O Pino","1557.58844849","Galicia","A Coruña"
32839,"Moar","Frades","946.44188202","Galicia","A Coruña"
32899,"Orxal","Arzúa","2143.48454554","Galicia","A Coruña"
32978,"A Bugalleira","O Pino","336.80367635","Galicia","A Coruña"
33135,"O Cabo","O Pino","1336.88944029","Galicia","A Coruña"
33191,"Cimadevila","Frades","343.33194555","Galicia","A Coruña"
33367,"O Castro","O Pino","999.88259383","Galicia","A Coruña"
33400,"Ribagorda","Sotorribas","5325.50059289","Castilla-La Mancha","Cuenca"
33405,"Pajarón","Pajarón","14536.81581889","Castilla-La Mancha","Cuenca"
33414,"Fresneda de la Sierra","Fresneda de la Sierra","14596.20138411","Castilla-La Mancha","Cuenca"
33417,"La Ventosa","Villas de la Ventosa","2751.24161312","Castilla-La Mancha","Cuenca"
33418,"Tragacete","Tragacete","17666.61059525","Castilla-La Mancha","Cuenca"
33420,"Valparaíso de Abajo","Campos del Paraíso","7063.91197708","Castilla-La Mancha","Cuenca"
33435,"Moncalvillo de Huete","Huete","3977.83582241","Castilla-La Mancha","Cuenca"
33454,"Piñeiro","O Pino","1417.12680826","Galicia","A Coruña"
33469,"O Vilar","O Pino","0","Galicia","A Coruña"
33605,"Lardeiros de Medín","O Pino","867.47053852","Galicia","A Coruña"
33639,"Vilarello","Frades","2526.09769668","Galicia","A Coruña"
33766,"Queirís","Frades","2158.34534588","Galicia","A Coruña"
33783,"Ferradal","Arzúa","126.65173082","Galicia","A Coruña"
33856,"O Castro","O Pino","324.63749131","Galicia","A Coruña"
33883,"Els Vilars","Espolla","10983.25415722","Cataluña-Catalunya","Girona"
26356,"Pollo de Abajo","Villaverde de Guadalimar","99999","Castilla-La Mancha","Albacete"
34143,"Os Canedos","Frades","4.77019197","Galicia","A Coruña"
26457,"Semilla Baja","Villaverde de Guadalimar","99999","Castilla-La Mancha","Albacete"
34319,"Caboladrón","Frades","1270.9001189","Galicia","A Coruña"
36791,"Masegarejo","Salvacañete","99999","Castilla-La Mancha","Cuenca"
34480,"A Pedreira","Frades","1565.19883204","Galicia","A Coruña"
34566,"A Rúa","O Pino","2808.61588768","Galicia","A Coruña"
34678,"O Barral","O Pino","950.51404772","Galicia","A Coruña"
34689,"Liste","Tordoia","666.00929047","Galicia","A Coruña"
34811,"Vilarchán","Tordoia","4472.38707232","Galicia","A Coruña"
34837,"A Tarroeira","O Pino","1286.09637343","Galicia","A Coruña"
34850,"Gradamil","O Pino","1857.5680095","Galicia","A Coruña"
34852,"A Brea","O Pino","225.6911942","Galicia","A Coruña"
35108,"Pazos","Tordoia","387.9307099","Galicia","A Coruña"
35216,"Vimieiro","O Pino","2736.2022743","Galicia","A Coruña"
35383,"Agrolongo","O Pino","1133.36220847","Galicia","A Coruña"
35399,"Reboredo","Frades","1961.26886567","Galicia","A Coruña"
35881,"Rabal de Abaixo","O Pino","696.88671743","Galicia","A Coruña"
36010,"A Pontraga","Tordoia","1445.70811611","Galicia","A Coruña"
36031,"O Outeiro","Frades","1559.98416639","Galicia","A Coruña"
36059,"O Fontelo","Frades","262.0064985","Galicia","A Coruña"
36126,"Fonsá","Frades","0","Galicia","A Coruña"
36202,"Beis","Arzúa","578.70951043","Galicia","A Coruña"
36208,"A Figueira","Frades","790.9430368","Galicia","A Coruña"
36217,"Fonte Santaia","Frades","1808.68278905","Galicia","A Coruña"
36384,"Higuera de Calatrava","Higuera de Calatrava","12269.61964765","Andalucía","Jaén"
36486,"Vilarbó","Tordoia","1725.10118039","Galicia","A Coruña"
36607,"Portociños","Tordoia","2560.15973408","Galicia","A Coruña"
36648,"La Nogueruela","Salvacañete","17204.17614115","Castilla-La Mancha","Cuenca"
36651,"Villaseca","Sotorribas","4751.0500756","Castilla-La Mancha","Cuenca"
36666,"Valverde de Júcar","Valverde de Júcar","419.59464529","Castilla-La Mancha","Cuenca"
36669,"Huélamo","Huélamo","14319.88209043","Castilla-La Mancha","Cuenca"
36675,"Poyatos","Poyatos","13620.97797168","Castilla-La Mancha","Cuenca"
36678,"Valle Carmona","Salvacañete","17633.64690535","Castilla-La Mancha","Cuenca"
36681,"Salmeroncillos de Arriba","Salmeroncillos","979.81251623","Castilla-La Mancha","Cuenca"
36740,"Culebras","Villas de la Ventosa","1104.42179189","Castilla-La Mancha","Cuenca"
36745,"Villar del Maestre","Villar y Velasco","3685.74508945","Castilla-La Mancha","Cuenca"
36749,"La Langa","Huete","3832.11277635","Castilla-La Mancha","Cuenca"
36768,"Castillejo-Sierra","Castillejo-Sierra","12781.25704029","Castilla-La Mancha","Cuenca"
36774,"Vega del Codorno","Vega del Codorno","19555.356599","Castilla-La Mancha","Cuenca"
36777,"Vellisca","Vellisca","9234.33658597","Castilla-La Mancha","Cuenca"
36782,"Beamud","Beamud","4414.09691317","Castilla-La Mancha","Cuenca"
36877,"Huerta de Marojales","Cañizares","13597.14132696","Castilla-La Mancha","Cuenca"
36951,"Tapis","Maçanet de Cabrenys","18030.39034556","Cataluña-Catalunya","Girona"
37368,"Beget","Camprodon","4870.15389366","Cataluña-Catalunya","Girona"
680,"Zarzuela de Galve","Valverde de los Arroyos","99999","Castilla-La Mancha","Guadalajara"
824,"Palancares","Tamajón","99999","Castilla-La Mancha","Guadalajara"
862,"La Miñosa","La Miñosa","99999","Castilla-La Mancha","Guadalajara"
912,"Campillejo","Campillo de Ranas","99999","Castilla-La Mancha","Guadalajara"
1084,"Madrigal","Atienza","99999","Castilla-La Mancha","Guadalajara"
2290,"Solera","Huelma","99999","Andalucía","Jaén"
3546,"Morla de la Valdería","Castrocontrigo","99999","Castilla y León","León"
7412,"Los Odres","Moratalla","99999","Región de Murcia","Murcia"
7674,"Inazares","Moratalla","99999","Región de Murcia","Murcia"
11610,"Folgueiras de Boiro","Ibias","99999","Principado de Asturias","Asturias"
11665,"Pelliceira","Ibias","99999","Principado de Asturias","Asturias"
19208,"Martín Muñoz de Ayllón","Riaza","99999","Castilla y León","Segovia"
20866,"El Cañigral","Albarracín","99999","Aragón","Teruel"
20870,"Masegoso","Toril y Masegoso","99999","Aragón","Teruel"
20873,"Frías de Albarracín","Frías de Albarracín","99999","Aragón","Teruel"
20957,"Toril","Toril y Masegoso","99999","Aragón","Teruel"
22900,"Villarino de Cebal","San Vitero","99999","Castilla y León","Zamora"
26247,"Zapateros","Vianos","99999","Castilla-La Mancha","Albacete"
26285,"Los Pifanios","Villaverde de Guadalimar","99999","Castilla-La Mancha","Albacete"
26378,"Cortijo del Cura","Riópar","99999","Castilla-La Mancha","Albacete"
26410,"Cortijo de Tortas","Paterna del Madera","99999","Castilla-La Mancha","Albacete"
26420,"Cortijo del Búho","Riópar","99999","Castilla-La Mancha","Albacete"
26466,"Collado","Villaverde de Guadalimar","99999","Castilla-La Mancha","Albacete"
27543,"Los Álamos","Oria","99999","Andalucía","Almería"
27661,"Fuente Grande","Vélez-Rubio","99999","Andalucía","Almería"
27844,"El Cercado","Vélez-Blanco","99999","Andalucía","Almería"
30589,"Coratxà","la Pobla de Benifassà","99999","Comunitat Valenciana","Castelló-Castellón"
30732,"Santa María","Villahermosa","99999","Castilla-La Mancha","Ciudad Real"
32085,"Boixar","la Pobla de Benifassà","99999","Comunitat Valenciana","Castelló-Castellón"
32183,"Cañamares","Villahermosa","99999","Castilla-La Mancha","Ciudad Real"
36638,"Los Perales","Vega del Codorno","99999","Castilla-La Mancha","Cuenca"
36689,"El Perchel","Vega del Codorno","99999","Castilla-La Mancha","Cuenca"
